Using existing linux-rockchip directory, skipping clone/pull
已经位于 'orange-pi-5-plus-imx415-4k-90fps'
您的分支领先 'origin/orange-pi-5-plus-imx415-4k-90fps' 共 1 个提交。
  （使用 "git push" 来发布您的本地提交）
dpkg-architecture: 警告: specified GNU system type aarch64-linux-gnu does not match CC system type x86_64-linux-gnu, try setting a correct CC environment variable
/bin/bash: line 1: /home/wanpublic/ubuntu-rockchip/build/linux-rockchip/debian.rockchip/abi/arm64/../modules.ignore: No such file or directory
/bin/bash: line 1: /home/wanpublic/ubuntu-rockchip/build/linux-rockchip/debian.rockchip/abi/arm64/../modules.ignore: No such file or directory
for i in debian.rockchip/control.stub.in; do                                           \
  cat $i;                                                              \
  echo "";                                                              \
done | sed -e 's/PKGVER/6.1.0/g'                                   \
        -e 's/ABINUM/1027/g'                                       \
	-e 's/SRCPKGNAME/linux-rockchip/g'                             \
	-e 's/=HUMAN=/ARMv8/g'                                  \
	-e 's/=SERIES=/noble/g'                                     \
	-e 's/\(^Build-Depends:$\)/\1\n\ gcc, gcc-aarch64-linux-gnu [arm64] <cross>, gcc-arm-linux-gnueabihf [armhf] <cross>, gcc-powerpc64le-linux-gnu [ppc64el] <cross>, gcc-riscv64-linux-gnu [riscv64] <cross>, gcc-s390x-linux-gnu [s390x] <cross>, gcc-x86-64-linux-gnu [amd64] <cross>,/g'         \
  > debian.rockchip/control.stub;
flavours="debian.rockchip/control.d/vars.rockchip";\
for i in $flavours; do							\
  /bin/bash -e debian/scripts/control-create $i "" |	\
	sed -e 's/PKGVER/6.1.0/g'                                  \
	-e 's/ABINUM/1027/g'                                       \
	-e 's/SRCPKGNAME/linux-rockchip/g'                             \
	-e 's/=HUMAN=/ARMv8/g'                                  \
	-e 's/=SERIES=/noble/g'                                     \
	>> debian.rockchip/control.stub;                                      \
done
cp debian.rockchip/control.stub debian/control
dh_testdir
dh_testroot
dh_clean
# normal build junk
rm -rf debian.rockchip/abi/6.1.0-1027.27
rm -rf /home/wanpublic/ubuntu-rockchip/build/linux-rockchip/debian/build
rm -f /home/wanpublic/ubuntu-rockchip/build/linux-rockchip/debian/stamps/stamp-*
rm -rf debian.rockchip/linux-*
cp debian.rockchip/changelog debian/changelog
# Install the copyright information.
cp debian.rockchip/copyright debian/copyright
# Install the retpoline extractor.
cp debian/scripts/retpoline-extract-one scripts/ubuntu-retpoline-extract-one
# If we have a reconstruct script use it.
[ -f debian.rockchip/reconstruct ] && bash debian.rockchip/reconstruct || true
# Remove generated intermediate files
rm -f debian/control.stub debian.rockchip/control.stub
rm -f debian/scripts/fix-filenames
Debug: /home/wanpublic/ubuntu-rockchip/build/linux-rockchip/debian/stamps/stamp-prepare-indep
dh_prep -i
dh_prep: warning: You asked that all arch in(dep) packages be built, but there are none of that type.
Debug: /home/wanpublic/ubuntu-rockchip/build/linux-rockchip/debian/stamps/stamp-install-headers
dh_testdir
install -d /home/wanpublic/ubuntu-rockchip/build/linux-rockchip/debian/linux-rockchip-headers-6.1.0-1027/usr/src/linux-rockchip-headers-6.1.0-1027
find . -path './debian' -prune -o -path './debian.rockchip' -prune \
  -o -path './include/*' -prune \
  -o -path './scripts/*' -prune -o -type f \
  \( -name 'Makefile*' -o -name 'Kconfig*' -o -name 'Kbuild*' -o \
     -name '*.sh' -o -name '*.pl' -o -name '*.lds' \) \
  -print | cpio -pd --preserve-modification-time /home/wanpublic/ubuntu-rockchip/build/linux-rockchip/debian/linux-rockchip-headers-6.1.0-1027/usr/src/linux-rockchip-headers-6.1.0-1027
27417 blocks
cp -a scripts include /home/wanpublic/ubuntu-rockchip/build/linux-rockchip/debian/linux-rockchip-headers-6.1.0-1027/usr/src/linux-rockchip-headers-6.1.0-1027
(find arch -name include -type d -print | \
	xargs -n1 -i: find : -type f) | \
	cpio -pd --preserve-modification-time /home/wanpublic/ubuntu-rockchip/build/linux-rockchip/debian/linux-rockchip-headers-6.1.0-1027/usr/src/linux-rockchip-headers-6.1.0-1027
xargs: warning: options --max-args and --replace/-I/-i are mutually exclusive, ignoring previous --max-args value
cpio: /home/wanpublic/ubuntu-rockchip/build/linux-rockchip/debian/linux-rockchip-headers-6.1.0-1027/usr/src/linux-rockchip-headers-6.1.0-1027/arch/powerpc/include/uapi/asm/Kbuild not created: newer or same age version exists
cpio: /home/wanpublic/ubuntu-rockchip/build/linux-rockchip/debian/linux-rockchip-headers-6.1.0-1027/usr/src/linux-rockchip-headers-6.1.0-1027/arch/powerpc/include/asm/Kbuild not created: newer or same age version exists
cpio: /home/wanpublic/ubuntu-rockchip/build/linux-rockchip/debian/linux-rockchip-headers-6.1.0-1027/usr/src/linux-rockchip-headers-6.1.0-1027/arch/parisc/include/uapi/asm/Kbuild not created: newer or same age version exists
cpio: /home/wanpublic/ubuntu-rockchip/build/linux-rockchip/debian/linux-rockchip-headers-6.1.0-1027/usr/src/linux-rockchip-headers-6.1.0-1027/arch/parisc/include/asm/Kbuild not created: newer or same age version exists
cpio: /home/wanpublic/ubuntu-rockchip/build/linux-rockchip/debian/linux-rockchip-headers-6.1.0-1027/usr/src/linux-rockchip-headers-6.1.0-1027/arch/riscv/include/uapi/asm/Kbuild not created: newer or same age version exists
cpio: /home/wanpublic/ubuntu-rockchip/build/linux-rockchip/debian/linux-rockchip-headers-6.1.0-1027/usr/src/linux-rockchip-headers-6.1.0-1027/arch/riscv/include/asm/Kbuild not created: newer or same age version exists
cpio: /home/wanpublic/ubuntu-rockchip/build/linux-rockchip/debian/linux-rockchip-headers-6.1.0-1027/usr/src/linux-rockchip-headers-6.1.0-1027/arch/openrisc/include/uapi/asm/Kbuild not created: newer or same age version exists
cpio: /home/wanpublic/ubuntu-rockchip/build/linux-rockchip/debian/linux-rockchip-headers-6.1.0-1027/usr/src/linux-rockchip-headers-6.1.0-1027/arch/openrisc/include/asm/Kbuild not created: newer or same age version exists
cpio: /home/wanpublic/ubuntu-rockchip/build/linux-rockchip/debian/linux-rockchip-headers-6.1.0-1027/usr/src/linux-rockchip-headers-6.1.0-1027/arch/microblaze/include/uapi/asm/Kbuild not created: newer or same age version exists
cpio: /home/wanpublic/ubuntu-rockchip/build/linux-rockchip/debian/linux-rockchip-headers-6.1.0-1027/usr/src/linux-rockchip-headers-6.1.0-1027/arch/microblaze/include/asm/Kbuild not created: newer or same age version exists
cpio: /home/wanpublic/ubuntu-rockchip/build/linux-rockchip/debian/linux-rockchip-headers-6.1.0-1027/usr/src/linux-rockchip-headers-6.1.0-1027/arch/nios2/include/uapi/asm/Kbuild not created: newer or same age version exists
cpio: /home/wanpublic/ubuntu-rockchip/build/linux-rockchip/debian/linux-rockchip-headers-6.1.0-1027/usr/src/linux-rockchip-headers-6.1.0-1027/arch/nios2/include/asm/Kbuild not created: newer or same age version exists
cpio: /home/wanpublic/ubuntu-rockchip/build/linux-rockchip/debian/linux-rockchip-headers-6.1.0-1027/usr/src/linux-rockchip-headers-6.1.0-1027/arch/arm/include/uapi/asm/Kbuild not created: newer or same age version exists
cpio: /home/wanpublic/ubuntu-rockchip/build/linux-rockchip/debian/linux-rockchip-headers-6.1.0-1027/usr/src/linux-rockchip-headers-6.1.0-1027/arch/arm/include/asm/Kbuild not created: newer or same age version exists
cpio: /home/wanpublic/ubuntu-rockchip/build/linux-rockchip/debian/linux-rockchip-headers-6.1.0-1027/usr/src/linux-rockchip-headers-6.1.0-1027/arch/sparc/include/uapi/asm/Kbuild not created: newer or same age version exists
cpio: /home/wanpublic/ubuntu-rockchip/build/linux-rockchip/debian/linux-rockchip-headers-6.1.0-1027/usr/src/linux-rockchip-headers-6.1.0-1027/arch/sparc/include/asm/Kbuild not created: newer or same age version exists
cpio: /home/wanpublic/ubuntu-rockchip/build/linux-rockchip/debian/linux-rockchip-headers-6.1.0-1027/usr/src/linux-rockchip-headers-6.1.0-1027/arch/ia64/include/uapi/asm/Kbuild not created: newer or same age version exists
cpio: /home/wanpublic/ubuntu-rockchip/build/linux-rockchip/debian/linux-rockchip-headers-6.1.0-1027/usr/src/linux-rockchip-headers-6.1.0-1027/arch/ia64/include/asm/Kbuild not created: newer or same age version exists
cpio: /home/wanpublic/ubuntu-rockchip/build/linux-rockchip/debian/linux-rockchip-headers-6.1.0-1027/usr/src/linux-rockchip-headers-6.1.0-1027/arch/loongarch/include/uapi/asm/Kbuild not created: newer or same age version exists
cpio: /home/wanpublic/ubuntu-rockchip/build/linux-rockchip/debian/linux-rockchip-headers-6.1.0-1027/usr/src/linux-rockchip-headers-6.1.0-1027/arch/loongarch/include/asm/Kbuild not created: newer or same age version exists
cpio: /home/wanpublic/ubuntu-rockchip/build/linux-rockchip/debian/linux-rockchip-headers-6.1.0-1027/usr/src/linux-rockchip-headers-6.1.0-1027/arch/hexagon/include/uapi/asm/Kbuild not created: newer or same age version exists
cpio: /home/wanpublic/ubuntu-rockchip/build/linux-rockchip/debian/linux-rockchip-headers-6.1.0-1027/usr/src/linux-rockchip-headers-6.1.0-1027/arch/hexagon/include/asm/Kbuild not created: newer or same age version exists
cpio: /home/wanpublic/ubuntu-rockchip/build/linux-rockchip/debian/linux-rockchip-headers-6.1.0-1027/usr/src/linux-rockchip-headers-6.1.0-1027/arch/x86/include/uapi/asm/Kbuild not created: newer or same age version exists
cpio: /home/wanpublic/ubuntu-rockchip/build/linux-rockchip/debian/linux-rockchip-headers-6.1.0-1027/usr/src/linux-rockchip-headers-6.1.0-1027/arch/x86/include/asm/Kbuild not created: newer or same age version exists
cpio: /home/wanpublic/ubuntu-rockchip/build/linux-rockchip/debian/linux-rockchip-headers-6.1.0-1027/usr/src/linux-rockchip-headers-6.1.0-1027/arch/sh/include/uapi/asm/Kbuild not created: newer or same age version exists
cpio: /home/wanpublic/ubuntu-rockchip/build/linux-rockchip/debian/linux-rockchip-headers-6.1.0-1027/usr/src/linux-rockchip-headers-6.1.0-1027/arch/sh/include/asm/Kbuild not created: newer or same age version exists
cpio: /home/wanpublic/ubuntu-rockchip/build/linux-rockchip/debian/linux-rockchip-headers-6.1.0-1027/usr/src/linux-rockchip-headers-6.1.0-1027/arch/alpha/include/uapi/asm/Kbuild not created: newer or same age version exists
cpio: /home/wanpublic/ubuntu-rockchip/build/linux-rockchip/debian/linux-rockchip-headers-6.1.0-1027/usr/src/linux-rockchip-headers-6.1.0-1027/arch/alpha/include/asm/Kbuild not created: newer or same age version exists
cpio: /home/wanpublic/ubuntu-rockchip/build/linux-rockchip/debian/linux-rockchip-headers-6.1.0-1027/usr/src/linux-rockchip-headers-6.1.0-1027/arch/arm64/include/uapi/asm/Kbuild not created: newer or same age version exists
cpio: /home/wanpublic/ubuntu-rockchip/build/linux-rockchip/debian/linux-rockchip-headers-6.1.0-1027/usr/src/linux-rockchip-headers-6.1.0-1027/arch/arm64/include/asm/Kbuild not created: newer or same age version exists
cpio: /home/wanpublic/ubuntu-rockchip/build/linux-rockchip/debian/linux-rockchip-headers-6.1.0-1027/usr/src/linux-rockchip-headers-6.1.0-1027/arch/csky/include/uapi/asm/Kbuild not created: newer or same age version exists
cpio: /home/wanpublic/ubuntu-rockchip/build/linux-rockchip/debian/linux-rockchip-headers-6.1.0-1027/usr/src/linux-rockchip-headers-6.1.0-1027/arch/csky/include/asm/Kbuild not created: newer or same age version exists
cpio: /home/wanpublic/ubuntu-rockchip/build/linux-rockchip/debian/linux-rockchip-headers-6.1.0-1027/usr/src/linux-rockchip-headers-6.1.0-1027/arch/mips/include/uapi/asm/Kbuild not created: newer or same age version exists
cpio: /home/wanpublic/ubuntu-rockchip/build/linux-rockchip/debian/linux-rockchip-headers-6.1.0-1027/usr/src/linux-rockchip-headers-6.1.0-1027/arch/mips/include/asm/Kbuild not created: newer or same age version exists
cpio: /home/wanpublic/ubuntu-rockchip/build/linux-rockchip/debian/linux-rockchip-headers-6.1.0-1027/usr/src/linux-rockchip-headers-6.1.0-1027/arch/xtensa/include/uapi/asm/Kbuild not created: newer or same age version exists
cpio: /home/wanpublic/ubuntu-rockchip/build/linux-rockchip/debian/linux-rockchip-headers-6.1.0-1027/usr/src/linux-rockchip-headers-6.1.0-1027/arch/xtensa/include/asm/Kbuild not created: newer or same age version exists
cpio: /home/wanpublic/ubuntu-rockchip/build/linux-rockchip/debian/linux-rockchip-headers-6.1.0-1027/usr/src/linux-rockchip-headers-6.1.0-1027/arch/arc/include/uapi/asm/Kbuild not created: newer or same age version exists
cpio: /home/wanpublic/ubuntu-rockchip/build/linux-rockchip/debian/linux-rockchip-headers-6.1.0-1027/usr/src/linux-rockchip-headers-6.1.0-1027/arch/arc/include/asm/Kbuild not created: newer or same age version exists
cpio: /home/wanpublic/ubuntu-rockchip/build/linux-rockchip/debian/linux-rockchip-headers-6.1.0-1027/usr/src/linux-rockchip-headers-6.1.0-1027/arch/um/include/uapi/asm/Kbuild not created: newer or same age version exists
cpio: /home/wanpublic/ubuntu-rockchip/build/linux-rockchip/debian/linux-rockchip-headers-6.1.0-1027/usr/src/linux-rockchip-headers-6.1.0-1027/arch/um/include/asm/Kbuild not created: newer or same age version exists
cpio: /home/wanpublic/ubuntu-rockchip/build/linux-rockchip/debian/linux-rockchip-headers-6.1.0-1027/usr/src/linux-rockchip-headers-6.1.0-1027/arch/s390/include/uapi/asm/Kbuild not created: newer or same age version exists
cpio: /home/wanpublic/ubuntu-rockchip/build/linux-rockchip/debian/linux-rockchip-headers-6.1.0-1027/usr/src/linux-rockchip-headers-6.1.0-1027/arch/s390/include/asm/Kbuild not created: newer or same age version exists
cpio: /home/wanpublic/ubuntu-rockchip/build/linux-rockchip/debian/linux-rockchip-headers-6.1.0-1027/usr/src/linux-rockchip-headers-6.1.0-1027/arch/m68k/include/uapi/asm/Kbuild not created: newer or same age version exists
cpio: /home/wanpublic/ubuntu-rockchip/build/linux-rockchip/debian/linux-rockchip-headers-6.1.0-1027/usr/src/linux-rockchip-headers-6.1.0-1027/arch/m68k/include/asm/Kbuild not created: newer or same age version exists
28377 blocks
Debug: binary-headers
dh_installchangelogs -plinux-rockchip-headers-6.1.0-1027
dh_installdocs -plinux-rockchip-headers-6.1.0-1027
dh_compress -plinux-rockchip-headers-6.1.0-1027
dh_fixperms -plinux-rockchip-headers-6.1.0-1027
dh_installdeb -plinux-rockchip-headers-6.1.0-1027
flock -w 60 /home/wanpublic/ubuntu-rockchip/build/linux-rockchip/debian/.LOCK dh_gencontrol -plinux-rockchip-headers-6.1.0-1027
dh_md5sums -plinux-rockchip-headers-6.1.0-1027
dh_builddeb -plinux-rockchip-headers-6.1.0-1027
dpkg-deb: building package 'linux-rockchip-headers-6.1.0-1027' in '../linux-rockchip-headers-6.1.0-1027_6.1.0-1027.27_arm64.deb'.
aarch64-linux-gnu-gcc -o debian/scripts/fix-filenames debian/scripts/fix-filenames.c
Debug: /home/wanpublic/ubuntu-rockchip/build/linux-rockchip/debian/stamps/stamp-prepare-tree-rockchip
install -d /home/wanpublic/ubuntu-rockchip/build/linux-rockchip/debian/build/build-rockchip
touch /home/wanpublic/ubuntu-rockchip/build/linux-rockchip/debian/build/build-rockchip/ubuntu-build
[ "false" != 'true' ] && true || \
	rsync -a --exclude debian --exclude debian.master --exclude debian.rockchip * /home/wanpublic/ubuntu-rockchip/build/linux-rockchip/debian/build/build-rockchip
if [ -e /home/wanpublic/ubuntu-rockchip/build/linux-rockchip/debian.rockchip/config/config.common.ubuntu ]; then \
	cat /home/wanpublic/ubuntu-rockchip/build/linux-rockchip/debian.rockchip/config/config.common.ubuntu /home/wanpublic/ubuntu-rockchip/build/linux-rockchip/debian.rockchip/config/arm64/config.common.arm64 /home/wanpublic/ubuntu-rockchip/build/linux-rockchip/debian.rockchip/config/arm64/config.flavour.rockchip > /home/wanpublic/ubuntu-rockchip/build/linux-rockchip/debian/build/build-rockchip/.config; \
else \
	python3 debian/scripts/misc/annotations --export --arch arm64 --flavour rockchip | sed -e 's/.*CONFIG_VERSION_SIGNATURE.*/CONFIG_VERSION_SIGNATURE="Ubuntu 6.1.0-1027.27-rockchip 6.1.75"/' > /home/wanpublic/ubuntu-rockchip/build/linux-rockchip/debian/build/build-rockchip/.config; \
fi
sed -i 's/.*CONFIG_VERSION_SIGNATURE.*/CONFIG_VERSION_SIGNATURE="Ubuntu 6.1.0-1027.27-rockchip 6.1.75"/' /home/wanpublic/ubuntu-rockchip/build/linux-rockchip/debian/build/build-rockchip/.config
[ "false" = 'true' ] && true || \
	sed -ie 's/.*CONFIG_UBUNTU_ODM_DRIVERS.*/# CONFIG_UBUNTU_ODM_DRIVERS is not set/' \
	    /home/wanpublic/ubuntu-rockchip/build/linux-rockchip/debian/build/build-rockchip/.config
find /home/wanpublic/ubuntu-rockchip/build/linux-rockchip/debian/build/build-rockchip -name "*.ko" | xargs rm -f
make ARCH=arm64 CROSS_COMPILE=aarch64-linux-gnu- HOSTCC=x86_64-linux-gnu-gcc CC=aarch64-linux-gnu-gcc KERNELVERSION=6.1.0-1027-rockchip CONFIG_DEBUG_SECTION_MISMATCH=y KBUILD_BUILD_VERSION="27" LOCALVERSION= localver-extra= CFLAGS_MODULE="-DPKG_ABI=1027" PYTHON=python3 O=/home/wanpublic/ubuntu-rockchip/build/linux-rockchip/debian/build/build-rockchip -j1 syncconfig prepare scripts
make[1]: Entering directory '/home/wanpublic/ubuntu-rockchip/build/linux-rockchip'
make[2]: Entering directory '/home/wanpublic/ubuntu-rockchip/build/linux-rockchip/debian/build/build-rockchip'
  GEN     Makefile
  HOSTCC  scripts/basic/fixdep
  HOSTCC  scripts/kconfig/conf.o
  HOSTCC  scripts/kconfig/confdata.o
  HOSTCC  scripts/kconfig/expr.o
  LEX     scripts/kconfig/lexer.lex.c
  YACC    scripts/kconfig/parser.tab.[ch]
  HOSTCC  scripts/kconfig/lexer.lex.o
  HOSTCC  scripts/kconfig/menu.o
  HOSTCC  scripts/kconfig/parser.tab.o
  HOSTCC  scripts/kconfig/preprocess.o
  HOSTCC  scripts/kconfig/symbol.o
  HOSTCC  scripts/kconfig/util.o
  HOSTLD  scripts/kconfig/conf
  GEN     Makefile
  HOSTCC  scripts/dtc/dtc.o
  HOSTCC  scripts/dtc/flattree.o
  HOSTCC  scripts/dtc/fstree.o
  HOSTCC  scripts/dtc/data.o
  HOSTCC  scripts/dtc/livetree.o
  HOSTCC  scripts/dtc/treesource.o
  HOSTCC  scripts/dtc/srcpos.o
  HOSTCC  scripts/dtc/checks.o
  HOSTCC  scripts/dtc/util.o
  LEX     scripts/dtc/dtc-lexer.lex.c
  YACC    scripts/dtc/dtc-parser.tab.[ch]
  HOSTCC  scripts/dtc/dtc-lexer.lex.o
  HOSTCC  scripts/dtc/dtc-parser.tab.o
  HOSTLD  scripts/dtc/dtc
  HOSTCC  scripts/dtc/libfdt/fdt.o
  HOSTCC  scripts/dtc/libfdt/fdt_ro.o
  HOSTCC  scripts/dtc/libfdt/fdt_wip.o
  HOSTCC  scripts/dtc/libfdt/fdt_sw.o
  HOSTCC  scripts/dtc/libfdt/fdt_rw.o
  HOSTCC  scripts/dtc/libfdt/fdt_strerror.o
  HOSTCC  scripts/dtc/libfdt/fdt_empty_tree.o
  HOSTCC  scripts/dtc/libfdt/fdt_addresses.o
  HOSTCC  scripts/dtc/libfdt/fdt_overlay.o
  HOSTCC  scripts/dtc/fdtoverlay.o
  HOSTLD  scripts/dtc/fdtoverlay
  HOSTCC  scripts/genksyms/genksyms.o
  YACC    scripts/genksyms/parse.tab.[ch]
  HOSTCC  scripts/genksyms/parse.tab.o
  LEX     scripts/genksyms/lex.lex.c
  HOSTCC  scripts/genksyms/lex.lex.o
  HOSTLD  scripts/genksyms/genksyms
  HOSTCC  scripts/selinux/genheaders/genheaders
  HOSTCC  scripts/selinux/mdp/mdp
  HOSTCC  scripts/kallsyms
  HOSTCC  scripts/resource_tool
  HOSTCC  scripts/sorttable
  HOSTCC  scripts/asn1_compiler
  WRAP    arch/arm64/include/generated/uapi/asm/kvm_para.h
  WRAP    arch/arm64/include/generated/uapi/asm/errno.h
  WRAP    arch/arm64/include/generated/uapi/asm/ioctl.h
  WRAP    arch/arm64/include/generated/uapi/asm/ioctls.h
  WRAP    arch/arm64/include/generated/uapi/asm/ipcbuf.h
  WRAP    arch/arm64/include/generated/uapi/asm/msgbuf.h
  WRAP    arch/arm64/include/generated/uapi/asm/poll.h
  WRAP    arch/arm64/include/generated/uapi/asm/resource.h
  WRAP    arch/arm64/include/generated/uapi/asm/sembuf.h
  WRAP    arch/arm64/include/generated/uapi/asm/shmbuf.h
  WRAP    arch/arm64/include/generated/uapi/asm/siginfo.h
  WRAP    arch/arm64/include/generated/uapi/asm/socket.h
  WRAP    arch/arm64/include/generated/uapi/asm/sockios.h
  WRAP    arch/arm64/include/generated/uapi/asm/stat.h
  WRAP    arch/arm64/include/generated/uapi/asm/swab.h
  WRAP    arch/arm64/include/generated/uapi/asm/termbits.h
  WRAP    arch/arm64/include/generated/uapi/asm/termios.h
  WRAP    arch/arm64/include/generated/uapi/asm/types.h
  WRAP    arch/arm64/include/generated/asm/early_ioremap.h
  WRAP    arch/arm64/include/generated/asm/mcs_spinlock.h
  WRAP    arch/arm64/include/generated/asm/qrwlock.h
  WRAP    arch/arm64/include/generated/asm/qspinlock.h
  WRAP    arch/arm64/include/generated/asm/parport.h
  WRAP    arch/arm64/include/generated/asm/user.h
  WRAP    arch/arm64/include/generated/asm/bugs.h
  WRAP    arch/arm64/include/generated/asm/delay.h
  WRAP    arch/arm64/include/generated/asm/div64.h
  WRAP    arch/arm64/include/generated/asm/dma-mapping.h
  WRAP    arch/arm64/include/generated/asm/dma.h
  WRAP    arch/arm64/include/generated/asm/emergency-restart.h
  WRAP    arch/arm64/include/generated/asm/hw_irq.h
  WRAP    arch/arm64/include/generated/asm/irq_regs.h
  WRAP    arch/arm64/include/generated/asm/kdebug.h
  WRAP    arch/arm64/include/generated/asm/kmap_size.h
  WRAP    arch/arm64/include/generated/asm/local.h
  WRAP    arch/arm64/include/generated/asm/local64.h
  WRAP    arch/arm64/include/generated/asm/mmiowb.h
  WRAP    arch/arm64/include/generated/asm/msi.h
  WRAP    arch/arm64/include/generated/asm/serial.h
  WRAP    arch/arm64/include/generated/asm/softirq_stack.h
  WRAP    arch/arm64/include/generated/asm/switch_to.h
  WRAP    arch/arm64/include/generated/asm/trace_clock.h
  WRAP    arch/arm64/include/generated/asm/unaligned.h
  WRAP    arch/arm64/include/generated/asm/vga.h
  UPD     include/config/kernel.release
  UPD     include/generated/uapi/linux/version.h
  UPD     include/generated/utsrelease.h
  UPD     include/generated/compile.h
  GEN     arch/arm64/include/generated/asm/cpucaps.h
  GEN     arch/arm64/include/generated/asm/sysreg-defs.h
  CC      scripts/mod/empty.o
  HOSTCC  scripts/mod/mk_elfconfig
  MKELF   scripts/mod/elfconfig.h
  HOSTCC  scripts/mod/modpost.o
  CC      scripts/mod/devicetable-offsets.s
  UPD     scripts/mod/devicetable-offsets.h
  HOSTCC  scripts/mod/file2alias.o
  HOSTCC  scripts/mod/sumversion.o
  HOSTLD  scripts/mod/modpost
  UPD     include/generated/timeconst.h
  CC      kernel/bounds.s
  UPD     include/generated/bounds.h
  CC      arch/arm64/kernel/asm-offsets.s
  UPD     include/generated/asm-offsets.h
  CALL    /home/wanpublic/ubuntu-rockchip/build/linux-rockchip/scripts/checksyscalls.sh
  CHKSHA1 /home/wanpublic/ubuntu-rockchip/build/linux-rockchip/include/linux/atomic/atomic-arch-fallback.h
  CHKSHA1 /home/wanpublic/ubuntu-rockchip/build/linux-rockchip/include/linux/atomic/atomic-instrumented.h
  CHKSHA1 /home/wanpublic/ubuntu-rockchip/build/linux-rockchip/include/linux/atomic/atomic-long.h
  LDS     arch/arm64/kernel/vdso/vdso.lds
  CC      arch/arm64/kernel/vdso/vgettimeofday.o
  AS      arch/arm64/kernel/vdso/note.o
  AS      arch/arm64/kernel/vdso/sigreturn.o
  LD      arch/arm64/kernel/vdso/vdso.so.dbg
  VDSOSYM include/generated/vdso-offsets.h
  OBJCOPY arch/arm64/kernel/vdso/vdso.so
make[2]: Leaving directory '/home/wanpublic/ubuntu-rockchip/build/linux-rockchip/debian/build/build-rockchip'
make[1]: Leaving directory '/home/wanpublic/ubuntu-rockchip/build/linux-rockchip'
touch /home/wanpublic/ubuntu-rockchip/build/linux-rockchip/debian/stamps/stamp-prepare-tree-rockchip
Debug: config-prepare-check-rockchip
if [ -e /home/wanpublic/ubuntu-rockchip/build/linux-rockchip/debian.rockchip/config/config.common.ubuntu ]; then \
	perl -f debian/scripts/config-check \
		/home/wanpublic/ubuntu-rockchip/build/linux-rockchip/debian/build/build-rockchip/.config "arm64" "rockchip" "/home/wanpublic/ubuntu-rockchip/build/linux-rockchip/debian.rockchip/config" \
		"" "true"; \
else \
	python3 debian/scripts/misc/annotations -f /home/wanpublic/ubuntu-rockchip/build/linux-rockchip/debian.rockchip/config/annotations \
		--arch arm64 --flavour rockchip --check /home/wanpublic/ubuntu-rockchip/build/linux-rockchip/debian/build/build-rockchip/.config; \
fi
Debug: /home/wanpublic/ubuntu-rockchip/build/linux-rockchip/debian/stamps/stamp-prepare-rockchip
Debug: /home/wanpublic/ubuntu-rockchip/build/linux-rockchip/debian/stamps/stamp-build-rockchip build_image Image bldimg Image
make ARCH=arm64 CROSS_COMPILE=aarch64-linux-gnu- HOSTCC=x86_64-linux-gnu-gcc CC=aarch64-linux-gnu-gcc KERNELVERSION=6.1.0-1027-rockchip CONFIG_DEBUG_SECTION_MISMATCH=y KBUILD_BUILD_VERSION="27" LOCALVERSION= localver-extra= CFLAGS_MODULE="-DPKG_ABI=1027" PYTHON=python3 O=/home/wanpublic/ubuntu-rockchip/build/linux-rockchip/debian/build/build-rockchip -j24 Image modules dtbs
make[1]: Entering directory '/home/wanpublic/ubuntu-rockchip/build/linux-rockchip'
make[2]: Entering directory '/home/wanpublic/ubuntu-rockchip/build/linux-rockchip/debian/build/build-rockchip'
  GEN     Makefile
  DTC     arch/arm64/boot/dts/rockchip/overlay/armsom-sige7-camera-imx415-4k.dtbo
  DTC     arch/arm64/boot/dts/rockchip/overlay/armsom-sige7-display-10hd.dtbo
  DTC     arch/arm64/boot/dts/rockchip/overlay/orangepi-5-lcd1.dtbo
  DTC     arch/arm64/boot/dts/rockchip/overlay/orangepi-5-lcd2.dtbo
  DTC     arch/arm64/boot/dts/rockchip/overlay/orangepi-5-sata.dtbo
  DTC     arch/arm64/boot/dts/rockchip/overlay/orangepi-5-ap6275p.dtbo
  DTC     arch/arm64/boot/dts/rockchip/overlay/orangepi-5-disable-led.dtbo
  DTC     arch/arm64/boot/dts/rockchip/overlay/orangepi-5-plus-disable-leds.dtbo
  DTC     arch/arm64/boot/dts/rockchip/overlay/orangepi-5-plus-hdmi2-8k.dtbo
  DTC     arch/arm64/boot/dts/rockchip/rk3588-firefly-itx-3588j.dtb
  DTC     arch/arm64/boot/dts/rockchip/overlay/orangepi-5-plus-lcd.dtbo
  DTC     arch/arm64/boot/dts/rockchip/px30-evb.dtb
  DTC     arch/arm64/boot/dts/rockchip/overlay/orangepi-5-plus-ov13850.dtbo
  DTC     arch/arm64/boot/dts/rockchip/px30-engicam-px30-core-ctouch2.dtb
  DTC     arch/arm64/boot/dts/rockchip/overlay/orangepi-5-plus-ov13855.dtbo
  DTC     arch/arm64/boot/dts/rockchip/px30-engicam-px30-core-ctouch2-of10.dtb
  DTC     arch/arm64/boot/dts/rockchip/overlay/orangepi-5-plus-sata2.dtbo
  DTC     arch/arm64/boot/dts/rockchip/px30-engicam-px30-core-edimm2.2.dtb
  DTC     arch/arm64/boot/dts/rockchip/overlay/orangepi-5-pro-lcd.dtbo
  DTC     arch/arm64/boot/dts/rockchip/px30-evb-ddr3-v10.dtb
  DTC     arch/arm64/boot/dts/rockchip/overlay/orangepi-5-pro-sfc.dtbo
  DTC     arch/arm64/boot/dts/rockchip/px30-evb-ddr3-v10-avb.dtb
  DTC     arch/arm64/boot/dts/rockchip/overlay/orangepi-5-pro-cam1.dtbo
/home/wanpublic/ubuntu-rockchip/build/linux-rockchip/arch/arm64/boot/dts/rockchip/overlay/armsom-sige7-display-10hd.dts:103.5-15: Warning (reg_format): /fragment@2/__overlay__/panel@0:reg: property has invalid length (4 bytes) (#address-cells == 2, #size-cells == 1)
/home/wanpublic/ubuntu-rockchip/build/linux-rockchip/arch/arm64/boot/dts/rockchip/overlay/armsom-sige7-display-10hd.dts:309.5-18: Warning (reg_format): /fragment@7/__overlay__/gt9xx@14:reg: property has invalid length (4 bytes) (#address-cells == 2, #size-cells == 1)
arch/arm64/boot/dts/rockchip/overlay/armsom-sige7-display-10hd.dtbo: Warning (pci_device_reg): Failed prerequisite 'reg_format'
arch/arm64/boot/dts/rockchip/overlay/armsom-sige7-display-10hd.dtbo: Warning (pci_device_bus_num): Failed prerequisite 'reg_format'
arch/arm64/boot/dts/rockchip/overlay/armsom-sige7-display-10hd.dtbo: Warning (i2c_bus_reg): Failed prerequisite 'reg_format'
arch/arm64/boot/dts/rockchip/overlay/armsom-sige7-display-10hd.dtbo: Warning (spi_bus_reg): Failed prerequisite 'reg_format'
/home/wanpublic/ubuntu-rockchip/build/linux-rockchip/arch/arm64/boot/dts/rockchip/overlay/armsom-sige7-display-10hd.dts:100.24-250.6: Warning (avoid_default_addr_size): /fragment@2/__overlay__/panel@0: Relying on default #address-cells value
/home/wanpublic/ubuntu-rockchip/build/linux-rockchip/arch/arm64/boot/dts/rockchip/overlay/armsom-sige7-display-10hd.dts:100.24-250.6: Warning (avoid_default_addr_size): /fragment@2/__overlay__/panel@0: Relying on default #size-cells value
/home/wanpublic/ubuntu-rockchip/build/linux-rockchip/arch/arm64/boot/dts/rockchip/overlay/armsom-sige7-display-10hd.dts:306.20-320.6: Warning (avoid_default_addr_size): /fragment@7/__overlay__/gt9xx@14: Relying on default #address-cells value
/home/wanpublic/ubuntu-rockchip/build/linux-rockchip/arch/arm64/boot/dts/rockchip/overlay/armsom-sige7-display-10hd.dts:306.20-320.6: Warning (avoid_default_addr_size): /fragment@7/__overlay__/gt9xx@14: Relying on default #size-cells value
  DTC     arch/arm64/boot/dts/rockchip/px30-evb-ddr3-v10-linux.dtb
  DTC     arch/arm64/boot/dts/rockchip/px30-mini-evb-ddr3-v11.dtb
  DTC     arch/arm64/boot/dts/rockchip/overlay/orangepi-5-pro-cam2.dtbo
  DTC     arch/arm64/boot/dts/rockchip/px30-mini-evb-ddr3-v11-avb.dtb
  DTC     arch/arm64/boot/dts/rockchip/overlay/orangepi-5-pro-disable-leds.dtbo
  DTC     arch/arm64/boot/dts/rockchip/px30-evb-ddr3-v11-linux.dtb
  DTC     arch/arm64/boot/dts/rockchip/px30-evb-ddr4-v10.dtb
  DTC     arch/arm64/boot/dts/rockchip/overlay/orangepi-5-max-cam0.dtbo
  DTC     arch/arm64/boot/dts/rockchip/px30-evb-ddr4-v10-linux.dtb
  DTC     arch/arm64/boot/dts/rockchip/rk3308-evb.dtb
  DTC     arch/arm64/boot/dts/rockchip/rk3308-evb-amic-v11.dtb
  DTC     arch/arm64/boot/dts/rockchip/rk3308-evb-amic-v13.dtb
  DTC     arch/arm64/boot/dts/rockchip/overlay/orangepi-5-max-cam1.dtbo
  DTC     arch/arm64/boot/dts/rockchip/overlay/orangepi-5-max-cam2.dtbo
  DTC     arch/arm64/boot/dts/rockchip/rk3308-evb-audio-amic-v10.dtb
  DTC     arch/arm64/boot/dts/rockchip/rk3308-evb-audio-v10-display-rgb.dtb
  DTC     arch/arm64/boot/dts/rockchip/rk3308-evb-dmic-pdm-v11.dtb
  DTC     arch/arm64/boot/dts/rockchip/rk3308-evb-dmic-pdm-v13.dtb
  DTC     arch/arm64/boot/dts/rockchip/rk3308-roc-cc.dtb
  DTC     arch/arm64/boot/dts/rockchip/overlay/orangepi-5-max-disable-leds.dtbo
  DTC     arch/arm64/boot/dts/rockchip/rk3308-rock-pi-s.dtb
/home/wanpublic/ubuntu-rockchip/build/linux-rockchip/arch/arm64/boot/dts/rockchip/rk3308-evb-v11.dtsi:116.25-118.5: Warning (sound_dai_property): /spdif-rx-sound/simple-audio-card,cpu: Missing property '#sound-dai-cells' in node /spdif-rx@ff3b0000 or bad phandle (referred from sound-dai[0])
/home/wanpublic/ubuntu-rockchip/build/linux-rockchip/arch/arm64/boot/dts/rockchip/rk3308-evb-v11.dtsi:128.25-130.5: Warning (sound_dai_property): /spdif-tx-sound/simple-audio-card,cpu: Missing property '#sound-dai-cells' in node /spdif-tx@ff3a0000 or bad phandle (referred from sound-dai[0])
/home/wanpublic/ubuntu-rockchip/build/linux-rockchip/arch/arm64/boot/dts/rockchip/rk3308-evb-v11.dtsi:116.25-118.5: Warning (sound_dai_property): /spdif-rx-sound/simple-audio-card,cpu: Missing property '#sound-dai-cells' in node /spdif-rx@ff3b0000 or bad phandle (referred from sound-dai[0])
/home/wanpublic/ubuntu-rockchip/build/linux-rockchip/arch/arm64/boot/dts/rockchip/rk3308-evb-v11.dtsi:128.25-130.5: Warning (sound_dai_property): /spdif-tx-sound/simple-audio-card,cpu: Missing property '#sound-dai-cells' in node /spdif-tx@ff3a0000 or bad phandle (referred from sound-dai[0])
/home/wanpublic/ubuntu-rockchip/build/linux-rockchip/arch/arm64/boot/dts/rockchip/rk3308-evb-v11.dtsi:116.25-118.5: Warning (sound_dai_property): /spdif-rx-sound/simple-audio-card,cpu: Missing property '#sound-dai-cells' in node /spdif-rx@ff3b0000 or bad phandle (referred from sound-dai[0])
/home/wanpublic/ubuntu-rockchip/build/linux-rockchip/arch/arm64/boot/dts/rockchip/rk3308-evb-v11.dtsi:128.25-130.5: Warning (sound_dai_property): /spdif-tx-sound/simple-audio-card,cpu: Missing property '#sound-dai-cells' in node /spdif-tx@ff3a0000 or bad phandle (referred from sound-dai[0])
/home/wanpublic/ubuntu-rockchip/build/linux-rockchip/arch/arm64/boot/dts/rockchip/rk3308-evb-v11.dtsi:116.25-118.5: Warning (sound_dai_property): /spdif-rx-sound/simple-audio-card,cpu: Missing property '#sound-dai-cells' in node /spdif-rx@ff3b0000 or bad phandle (referred from sound-dai[0])
/home/wanpublic/ubuntu-rockchip/build/linux-rockchip/arch/arm64/boot/dts/rockchip/rk3308-evb-v11.dtsi:128.25-130.5: Warning (sound_dai_property): /spdif-tx-sound/simple-audio-card,cpu: Missing property '#sound-dai-cells' in node /spdif-tx@ff3a0000 or bad phandle (referred from sound-dai[0])
  DTC     arch/arm64/boot/dts/rockchip/overlay/orangepi-5-max-lcd.dtbo
/home/wanpublic/ubuntu-rockchip/build/linux-rockchip/arch/arm64/boot/dts/rockchip/rk3308-evb-v11.dtsi:116.25-118.5: Warning (sound_dai_property): /spdif-rx-sound/simple-audio-card,cpu: Missing property '#sound-dai-cells' in node /spdif-rx@ff3b0000 or bad phandle (referred from sound-dai[0])
/home/wanpublic/ubuntu-rockchip/build/linux-rockchip/arch/arm64/boot/dts/rockchip/rk3308-evb-v11.dtsi:128.25-130.5: Warning (sound_dai_property): /spdif-tx-sound/simple-audio-card,cpu: Missing property '#sound-dai-cells' in node /spdif-tx@ff3a0000 or bad phandle (referred from sound-dai[0])
/home/wanpublic/ubuntu-rockchip/build/linux-rockchip/arch/arm64/boot/dts/rockchip/rk3308-evb-v11.dtsi:116.25-118.5: Warning (sound_dai_property): /spdif-rx-sound/simple-audio-card,cpu: Missing property '#sound-dai-cells' in node /spdif-rx@ff3b0000 or bad phandle (referred from sound-dai[0])
/home/wanpublic/ubuntu-rockchip/build/linux-rockchip/arch/arm64/boot/dts/rockchip/rk3308-evb-v11.dtsi:128.25-130.5: Warning (sound_dai_property): /spdif-tx-sound/simple-audio-card,cpu: Missing property '#sound-dai-cells' in node /spdif-tx@ff3a0000 or bad phandle (referred from sound-dai[0])
  DTC     arch/arm64/boot/dts/rockchip/rk3308b-evb-amic-v10.dtb
  DTC     arch/arm64/boot/dts/rockchip/overlay/orangepi-5-ov5647-c1.dtbo
  DTC     arch/arm64/boot/dts/rockchip/rk3308b-evb-amic-v10-amp.dtb
  DTC     arch/arm64/boot/dts/rockchip/overlay/orangepi-5-ov5647-c2.dtbo
  DTC     arch/arm64/boot/dts/rockchip/rk3308bs-evb-amic-v11.dtb
  DTC     arch/arm64/boot/dts/rockchip/overlay/orangepi-5-ov5647-c3.dtbo
  DTC     arch/arm64/boot/dts/rockchip/overlay/orangepi-5-imx219-c1.dtbo
  DTC     arch/arm64/boot/dts/rockchip/overlay/orangepi-5-imx219-c2.dtbo
  DTC     arch/arm64/boot/dts/rockchip/overlay/orangepi-5-imx219-c3.dtbo
  DTC     arch/arm64/boot/dts/rockchip/rk3308bs-evb-ddr3-v20-rk618-rgb2dsi.dtb
  DTC     arch/arm64/boot/dts/rockchip/overlay/orangepi-5-imx708-c1.dtbo
  DTC     arch/arm64/boot/dts/rockchip/rk3308bs-evb-dmic-pdm-v11.dtb
  DTC     arch/arm64/boot/dts/rockchip/rk3308bs-evb-mcu-display-v20.dtb
  DTC     arch/arm64/boot/dts/rockchip/overlay/orangepi-5-imx708-c2.dtbo
  DTC     arch/arm64/boot/dts/rockchip/rk3308bs-evb-mipi-display-v11.dtb
  DTC     arch/arm64/boot/dts/rockchip/overlay/orangepi-5-imx708-c3.dtbo
  DTC     arch/arm64/boot/dts/rockchip/rk3308bs-evb-rgb-display-v20.dtb
  DTC     arch/arm64/boot/dts/rockchip/overlay/orangepi-5-ov13850-c1.dtbo
  DTC     arch/arm64/boot/dts/rockchip/rk3318-a95x-z2.dtb
  DTC     arch/arm64/boot/dts/rockchip/overlay/orangepi-5-ov13850-c2.dtbo
  DTC     arch/arm64/boot/dts/rockchip/rk3326-evb-lp3-v10.dtb
  DTC     arch/arm64/boot/dts/rockchip/overlay/orangepi-5-ov13850-c3.dtbo
  DTC     arch/arm64/boot/dts/rockchip/rk3326-evb-lp3-v10-avb.dtb
  DTC     arch/arm64/boot/dts/rockchip/overlay/orangepi-5-ov13855-c1.dtbo
  DTC     arch/arm64/boot/dts/rockchip/rk3326-evb-lp3-v10-linux.dtb
  DTC     arch/arm64/boot/dts/rockchip/rk3326-evb-lp3-v11.dtb
  DTC     arch/arm64/boot/dts/rockchip/rk3326-evb-lp3-v11-avb.dtb
  DTC     arch/arm64/boot/dts/rockchip/rk3326-evb-lp3-v12-linux.dtb
  DTC     arch/arm64/boot/dts/rockchip/overlay/orangepi-5-ov13855-c2.dtbo
  DTC     arch/arm64/boot/dts/rockchip/rk3326-odroid-go2.dtb
  DTC     arch/arm64/boot/dts/rockchip/overlay/orangepi-5-ov13855-c3.dtbo
  DTC     arch/arm64/boot/dts/rockchip/overlay/orangepi-cm5-blink-gpio.dtbo
  DTC     arch/arm64/boot/dts/rockchip/overlay/orangepi-cm5-cam1.dtbo
  DTC     arch/arm64/boot/dts/rockchip/rk3326-863-lp3-v10.dtb
  DTC     arch/arm64/boot/dts/rockchip/overlay/orangepi-cm5-cam2.dtbo
  DTC     arch/arm64/boot/dts/rockchip/rk3326-863-lp3-v10-avb.dtb
  DTC     arch/arm64/boot/dts/rockchip/overlay/orangepi-cm5-cam3.dtbo
  DTC     arch/arm64/boot/dts/rockchip/rk3326-863-lp3-v10-rkisp1.dtb
  DTC     arch/arm64/boot/dts/rockchip/overlay/orangepi-cm5-cam4.dtbo
  DTC     arch/arm64/boot/dts/rockchip/rk3328-a1.dtb
  DTC     arch/arm64/boot/dts/rockchip/overlay/rock-5a-hdmi-8k.dtbo
  DTC     arch/arm64/boot/dts/rockchip/overlay/rock-5a-i2c5-rtc-hym8563.dtbo
  DTC     arch/arm64/boot/dts/rockchip/overlay/rock-5a-radxa-camera-4k.dtbo
  DTC     arch/arm64/boot/dts/rockchip/rk3328-evb.dtb
  DTC     arch/arm64/boot/dts/rockchip/overlay/rock-5a-radxa-display-10hd.dtbo
  DTC     arch/arm64/boot/dts/rockchip/rk3328-nanopi-r2s.dtb
  DTC     arch/arm64/boot/dts/rockchip/overlay/rock-5a-radxa-display-10fhd.dtbo
  DTC     arch/arm64/boot/dts/rockchip/overlay/rock-5a-radxa-display-8hd.dtbo
  DTC     arch/arm64/boot/dts/rockchip/overlay/rock-5a-spi-nor-flash.dtbo
  DTC     arch/arm64/boot/dts/rockchip/rk3328-rock64.dtb
  DTC     arch/arm64/boot/dts/rockchip/rk3328-rock-pi-e.dtb
  DTC     arch/arm64/boot/dts/rockchip/overlay/rock-5a-usb-otg.dtbo
  DTC     arch/arm64/boot/dts/rockchip/rk3328-roc-cc.dtb
  DTC     arch/arm64/boot/dts/rockchip/overlay/rock-5a-rpi-camera-v2.dtbo
  DTC     arch/arm64/boot/dts/rockchip/overlay/rock-5a-sata.dtbo
  DTC     arch/arm64/boot/dts/rockchip/overlay/rock-5a-allnet-5inch-display.dtbo
  DTC     arch/arm64/boot/dts/rockchip/overlay/rock-5a-okdo-5mp-camera.dtbo
  DTC     arch/arm64/boot/dts/rockchip/rk3328-roc-pc.dtb
/home/wanpublic/ubuntu-rockchip/build/linux-rockchip/arch/arm64/boot/dts/rockchip/overlay/rock-5a-rpi-camera-v2.dts:42.3-16: Warning (reg_format): /fragment@1/__overlay__/camera-imx219@10:reg: property has invalid length (4 bytes) (#address-cells == 2, #size-cells == 1)
arch/arm64/boot/dts/rockchip/overlay/rock-5a-rpi-camera-v2.dtbo: Warning (pci_device_reg): Failed prerequisite 'reg_format'
arch/arm64/boot/dts/rockchip/overlay/rock-5a-rpi-camera-v2.dtbo: Warning (pci_device_bus_num): Failed prerequisite 'reg_format'
arch/arm64/boot/dts/rockchip/overlay/rock-5a-rpi-camera-v2.dtbo: Warning (i2c_bus_reg): Failed prerequisite 'reg_format'
arch/arm64/boot/dts/rockchip/overlay/rock-5a-rpi-camera-v2.dtbo: Warning (spi_bus_reg): Failed prerequisite 'reg_format'
/home/wanpublic/ubuntu-rockchip/build/linux-rockchip/arch/arm64/boot/dts/rockchip/overlay/rock-5a-rpi-camera-v2.dts:40.34-58.4: Warning (avoid_default_addr_size): /fragment@1/__overlay__/camera-imx219@10: Relying on default #address-cells value
/home/wanpublic/ubuntu-rockchip/build/linux-rockchip/arch/arm64/boot/dts/rockchip/overlay/rock-5a-rpi-camera-v2.dts:40.34-58.4: Warning (avoid_default_addr_size): /fragment@1/__overlay__/camera-imx219@10: Relying on default #size-cells value
  DTC     arch/arm64/boot/dts/rockchip/rk3358-evb-ddr3-v10-linux.dtb
  DTC     arch/arm64/boot/dts/rockchip/overlay/rock-5a-radxa-25w-poe.dtbo
/home/wanpublic/ubuntu-rockchip/build/linux-rockchip/arch/arm64/boot/dts/rockchip/overlay/rock-5a-okdo-5mp-camera.dts:33.3-16: Warning (reg_format): /fragment@1/__overlay__/ov5647@36:reg: property has invalid length (4 bytes) (#address-cells == 2, #size-cells == 1)
arch/arm64/boot/dts/rockchip/overlay/rock-5a-okdo-5mp-camera.dtbo: Warning (pci_device_reg): Failed prerequisite 'reg_format'
arch/arm64/boot/dts/rockchip/overlay/rock-5a-okdo-5mp-camera.dtbo: Warning (pci_device_bus_num): Failed prerequisite 'reg_format'
arch/arm64/boot/dts/rockchip/overlay/rock-5a-okdo-5mp-camera.dtbo: Warning (i2c_bus_reg): Failed prerequisite 'reg_format'
arch/arm64/boot/dts/rockchip/overlay/rock-5a-okdo-5mp-camera.dtbo: Warning (spi_bus_reg): Failed prerequisite 'reg_format'
/home/wanpublic/ubuntu-rockchip/build/linux-rockchip/arch/arm64/boot/dts/rockchip/overlay/rock-5a-okdo-5mp-camera.dts:30.20-48.4: Warning (avoid_default_addr_size): /fragment@1/__overlay__/ov5647@36: Relying on default #address-cells value
/home/wanpublic/ubuntu-rockchip/build/linux-rockchip/arch/arm64/boot/dts/rockchip/overlay/rock-5a-okdo-5mp-camera.dts:30.20-48.4: Warning (avoid_default_addr_size): /fragment@1/__overlay__/ov5647@36: Relying on default #size-cells value
  DTC     arch/arm64/boot/dts/rockchip/rk3358m-vehicle-v10.dtb
  DTC     arch/arm64/boot/dts/rockchip/rk3368-evb-act8846.dtb
  DTC     arch/arm64/boot/dts/rockchip/overlay/rock-5a-raspi-7inch-touchscreen.dtbo
  DTC     arch/arm64/boot/dts/rockchip/overlay/rock-5a-rpi-camera-v1_3.dtbo
  DTC     arch/arm64/boot/dts/rockchip/rk3368-geekbox.dtb
  DTC     arch/arm64/boot/dts/rockchip/overlay/rock-5a-spi-flash.dtbo
  DTC     arch/arm64/boot/dts/rockchip/overlay/rock-5b-hdmi1-8k.dtbo
/home/wanpublic/ubuntu-rockchip/build/linux-rockchip/arch/arm64/boot/dts/rockchip/overlay/rock-5a-rpi-camera-v1_3.dts:33.3-16: Warning (reg_format): /fragment@1/__overlay__/ov5647@36:reg: property has invalid length (4 bytes) (#address-cells == 2, #size-cells == 1)
arch/arm64/boot/dts/rockchip/overlay/rock-5a-rpi-camera-v1_3.dtbo: Warning (pci_device_reg): Failed prerequisite 'reg_format'
arch/arm64/boot/dts/rockchip/overlay/rock-5a-rpi-camera-v1_3.dtbo: Warning (pci_device_bus_num): Failed prerequisite 'reg_format'
arch/arm64/boot/dts/rockchip/overlay/rock-5a-rpi-camera-v1_3.dtbo: Warning (i2c_bus_reg): Failed prerequisite 'reg_format'
arch/arm64/boot/dts/rockchip/overlay/rock-5a-rpi-camera-v1_3.dtbo: Warning (spi_bus_reg): Failed prerequisite 'reg_format'
/home/wanpublic/ubuntu-rockchip/build/linux-rockchip/arch/arm64/boot/dts/rockchip/overlay/rock-5a-rpi-camera-v1_3.dts:30.20-48.4: Warning (avoid_default_addr_size): /fragment@1/__overlay__/ov5647@36: Relying on default #address-cells value
/home/wanpublic/ubuntu-rockchip/build/linux-rockchip/arch/arm64/boot/dts/rockchip/overlay/rock-5a-rpi-camera-v1_3.dts:30.20-48.4: Warning (avoid_default_addr_size): /fragment@1/__overlay__/ov5647@36: Relying on default #size-cells value
  DTC     arch/arm64/boot/dts/rockchip/rk3368-lion-haikou.dtb
  DTC     arch/arm64/boot/dts/rockchip/rk3368-orion-r68-meta.dtb
  DTC     arch/arm64/boot/dts/rockchip/overlay/rock-5b-hdmi2-8k.dtbo
  DTC     arch/arm64/boot/dts/rockchip/rk3368-px5-evb.dtb
  DTC     arch/arm64/boot/dts/rockchip/overlay/rock-5b-pd-max-voltage-12v.dtbo
  DTC     arch/arm64/boot/dts/rockchip/rk3368-r88.dtb
  DTC     arch/arm64/boot/dts/rockchip/overlay/rock-5b-radxa-display-10hd.dtbo
  DTC     arch/arm64/boot/dts/rockchip/rk3399-eaidk-610.dtb
  DTC     arch/arm64/boot/dts/rockchip/overlay/rock-5b-radxa-display-8hd.dtbo
  DTC     arch/arm64/boot/dts/rockchip/overlay/rock-5b-radxa-display-10fhd.dtbo
  DTC     arch/arm64/boot/dts/rockchip/overlay/rock-5b-rpi-camera-v2.dtbo
  DTC     arch/arm64/boot/dts/rockchip/rk3399-evb.dtb
  DTC     arch/arm64/boot/dts/rockchip/overlay/rock-5b-radxa-camera-4k.dtbo
  DTC     arch/arm64/boot/dts/rockchip/rk3399-ficus.dtb
  DTC     arch/arm64/boot/dts/rockchip/overlay/rock-5b-sata.dtbo
  DTC     arch/arm64/boot/dts/rockchip/overlay/rock-5b-radxa-25w-poe.dtbo
  DTC     arch/arm64/boot/dts/rockchip/overlay/rock-5b-raspi-7inch-touchscreen.dtbo
  DTC     arch/arm64/boot/dts/rockchip/overlay/rock-5b-rpi-camera-v1_3.dtbo
  DTC     arch/arm64/boot/dts/rockchip/rk3399-firefly.dtb
  DTC     arch/arm64/boot/dts/rockchip/overlay/rock-5b-allnet-5inch-display.dtbo
  DTC     arch/arm64/boot/dts/rockchip/overlay/rock-5b-okdo-5mp-camera.dtbo
  DTC     arch/arm64/boot/dts/rockchip/rk3399-gru-bob.dtb
  DTC     arch/arm64/boot/dts/rockchip/overlay/rock-5b-plus-cam0-radxa-camera-4k.dtbo
  DTC     arch/arm64/boot/dts/rockchip/rk3399-gru-kevin.dtb
  DTC     arch/arm64/boot/dts/rockchip/overlay/rock-5b-plus-cam0-rpi-camera-v2.dtbo
  DTC     arch/arm64/boot/dts/rockchip/rk3399-gru-scarlet-dumo.dtb
  DTC     arch/arm64/boot/dts/rockchip/rk3399-gru-scarlet-inx.dtb
  DTC     arch/arm64/boot/dts/rockchip/overlay/rock-5b-plus-cam1-radxa-camera-4k.dtbo
  DTC     arch/arm64/boot/dts/rockchip/overlay/rock-5b-plus-cam1-rpi-camera-v2.dtbo
  DTC     arch/arm64/boot/dts/rockchip/rk3399-gru-scarlet-kd.dtb
  DTC     arch/arm64/boot/dts/rockchip/overlay/rock-5b-plus-hdmi0-8k.dtbo
  DTC     arch/arm64/boot/dts/rockchip/rk3399-hugsun-x99.dtb
  DTC     arch/arm64/boot/dts/rockchip/rk3399-khadas-edge.dtb
  DTC     arch/arm64/boot/dts/rockchip/rk3399-khadas-edge-captain.dtb
  DTC     arch/arm64/boot/dts/rockchip/overlay/rock-5b-plus-hdmi1-8k.dtbo
  DTC     arch/arm64/boot/dts/rockchip/rk3399-khadas-edge-v.dtb
  DTC     arch/arm64/boot/dts/rockchip/overlay/rock-5b-plus-radxa-display-10fhd.dtbo
  DTC     arch/arm64/boot/dts/rockchip/rk3399-kobol-helios64.dtb
  DTC     arch/arm64/boot/dts/rockchip/overlay/rock-5b-plus-radxa-display-10hd.dtbo
  DTC     arch/arm64/boot/dts/rockchip/rk3399-leez-p710.dtb
  DTC     arch/arm64/boot/dts/rockchip/rk3399-nanopc-t4.dtb
  DTC     arch/arm64/boot/dts/rockchip/rk3399-nanopi-m4.dtb
  DTC     arch/arm64/boot/dts/rockchip/overlay/rock-5b-plus-radxa-display-8hd.dtbo
  DTC     arch/arm64/boot/dts/rockchip/rk3399-nanopi-m4b.dtb
  DTC     arch/arm64/boot/dts/rockchip/overlay/rock-5d-okdo-camera-5mp.dtbo
  DTC     arch/arm64/boot/dts/rockchip/overlay/rock-5d-okdo-camera-5mp-mipi-rx0.dtbo
  DTC     arch/arm64/boot/dts/rockchip/rk3399-nanopi-neo4.dtb
  DTC     arch/arm64/boot/dts/rockchip/rk3399-nanopi-r4s.dtb
  DTC     arch/arm64/boot/dts/rockchip/rk3399-nanopi-r4s-enterprise.dtb
  CALL    /home/wanpublic/ubuntu-rockchip/build/linux-rockchip/scripts/checksyscalls.sh
  DTC     arch/arm64/boot/dts/rockchip/overlay/rock-5d-okdo-camera-5mp-mipi-rx1.dtbo
/home/wanpublic/ubuntu-rockchip/build/linux-rockchip/arch/arm64/boot/dts/rockchip/overlay/rock-5a-okdo-5mp-camera.dts:33.3-16: Warning (reg_format): /fragment@1/__overlay__/ov5647@36:reg: property has invalid length (4 bytes) (#address-cells == 2, #size-cells == 1)
arch/arm64/boot/dts/rockchip/overlay/rock-5d-okdo-camera-5mp.dtbo: Warning (pci_device_reg): Failed prerequisite 'reg_format'
arch/arm64/boot/dts/rockchip/overlay/rock-5d-okdo-camera-5mp.dtbo: Warning (pci_device_bus_num): Failed prerequisite 'reg_format'
arch/arm64/boot/dts/rockchip/overlay/rock-5d-okdo-camera-5mp.dtbo: Warning (i2c_bus_reg): Failed prerequisite 'reg_format'
arch/arm64/boot/dts/rockchip/overlay/rock-5d-okdo-camera-5mp.dtbo: Warning (spi_bus_reg): Failed prerequisite 'reg_format'
/home/wanpublic/ubuntu-rockchip/build/linux-rockchip/arch/arm64/boot/dts/rockchip/overlay/rock-5a-okdo-5mp-camera.dts:30.20-48.4: Warning (avoid_default_addr_size): /fragment@1/__overlay__/ov5647@36: Relying on default #address-cells value
/home/wanpublic/ubuntu-rockchip/build/linux-rockchip/arch/arm64/boot/dts/rockchip/overlay/rock-5a-okdo-5mp-camera.dts:30.20-48.4: Warning (avoid_default_addr_size): /fragment@1/__overlay__/ov5647@36: Relying on default #size-cells value
  DTC     arch/arm64/boot/dts/rockchip/rk3399-orangepi.dtb
  DTC     arch/arm64/boot/dts/rockchip/rk3399-pinebook-pro.dtb
/home/wanpublic/ubuntu-rockchip/build/linux-rockchip/arch/arm64/boot/dts/rockchip/overlay/rock-5d-okdo-camera-5mp-mipi-rx0.dts:42.3-16: Warning (reg_format): /fragment@1/__overlay__/camera0-imx219@10:reg: property has invalid length (4 bytes) (#address-cells == 2, #size-cells == 1)
arch/arm64/boot/dts/rockchip/overlay/rock-5d-okdo-camera-5mp-mipi-rx0.dtbo: Warning (pci_device_reg): Failed prerequisite 'reg_format'
arch/arm64/boot/dts/rockchip/overlay/rock-5d-okdo-camera-5mp-mipi-rx0.dtbo: Warning (pci_device_bus_num): Failed prerequisite 'reg_format'
arch/arm64/boot/dts/rockchip/overlay/rock-5d-okdo-camera-5mp-mipi-rx0.dtbo: Warning (i2c_bus_reg): Failed prerequisite 'reg_format'
arch/arm64/boot/dts/rockchip/overlay/rock-5d-okdo-camera-5mp-mipi-rx0.dtbo: Warning (spi_bus_reg): Failed prerequisite 'reg_format'
/home/wanpublic/ubuntu-rockchip/build/linux-rockchip/arch/arm64/boot/dts/rockchip/overlay/rock-5d-okdo-camera-5mp-mipi-rx0.dts:40.36-58.4: Warning (avoid_default_addr_size): /fragment@1/__overlay__/camera0-imx219@10: Relying on default #address-cells value
/home/wanpublic/ubuntu-rockchip/build/linux-rockchip/arch/arm64/boot/dts/rockchip/overlay/rock-5d-okdo-camera-5mp-mipi-rx0.dts:40.36-58.4: Warning (avoid_default_addr_size): /fragment@1/__overlay__/camera0-imx219@10: Relying on default #size-cells value
  DTC     arch/arm64/boot/dts/rockchip/rk3399-pinephone-pro.dtb
/home/wanpublic/ubuntu-rockchip/build/linux-rockchip/arch/arm64/boot/dts/rockchip/overlay/rock-5d-okdo-camera-5mp-mipi-rx1.dts:44.3-16: Warning (reg_format): /fragment@1/__overlay__/camera0-imx219@10:reg: property has invalid length (4 bytes) (#address-cells == 2, #size-cells == 1)
arch/arm64/boot/dts/rockchip/overlay/rock-5d-okdo-camera-5mp-mipi-rx1.dtbo: Warning (pci_device_reg): Failed prerequisite 'reg_format'
arch/arm64/boot/dts/rockchip/overlay/rock-5d-okdo-camera-5mp-mipi-rx1.dtbo: Warning (pci_device_bus_num): Failed prerequisite 'reg_format'
arch/arm64/boot/dts/rockchip/overlay/rock-5d-okdo-camera-5mp-mipi-rx1.dtbo: Warning (i2c_bus_reg): Failed prerequisite 'reg_format'
arch/arm64/boot/dts/rockchip/overlay/rock-5d-okdo-camera-5mp-mipi-rx1.dtbo: Warning (spi_bus_reg): Failed prerequisite 'reg_format'
/home/wanpublic/ubuntu-rockchip/build/linux-rockchip/arch/arm64/boot/dts/rockchip/overlay/rock-5d-okdo-camera-5mp-mipi-rx1.dts:42.36-60.4: Warning (avoid_default_addr_size): /fragment@1/__overlay__/camera0-imx219@10: Relying on default #address-cells value
/home/wanpublic/ubuntu-rockchip/build/linux-rockchip/arch/arm64/boot/dts/rockchip/overlay/rock-5d-okdo-camera-5mp-mipi-rx1.dts:42.36-60.4: Warning (avoid_default_addr_size): /fragment@1/__overlay__/camera0-imx219@10: Relying on default #size-cells value
  DTC     arch/arm64/boot/dts/rockchip/rk3399-puma-haikou.dtb
  DTC     arch/arm64/boot/dts/rockchip/overlay/rock-5d-radxa-camera-4k.dtbo
  DTC     arch/arm64/boot/dts/rockchip/overlay/rock-5d-radxa-camera-8mp-mipi-rx0.dtbo
  DTC     arch/arm64/boot/dts/rockchip/rk3399-roc-pc.dtb
  DTC     arch/arm64/boot/dts/rockchip/overlay/rock-5d-radxa-camera-8mp-mipi-rx1.dtbo
  DTC     arch/arm64/boot/dts/rockchip/rk3399-roc-pc-mezzanine.dtb
  DTC     arch/arm64/boot/dts/rockchip/overlay/rock-5d-rpi-camera-v1p3.dtbo
  DTC     arch/arm64/boot/dts/rockchip/overlay/rock-5d-rpi-camera-v1p3-mipi-rx0.dtbo
  DTC     arch/arm64/boot/dts/rockchip/overlay/rock-5d-rpi-camera-v1p3-mipi-rx1.dtbo
  DTC     arch/arm64/boot/dts/rockchip/rk3399-roc-pc-plus.dtb
  DTC     arch/arm64/boot/dts/rockchip/overlay/rock-5d-rpi-camera-v2.dtbo
  DTC     arch/arm64/boot/dts/rockchip/overlay/rock-5d-rpi-camera-v2-mipi-rx0.dtbo
/home/wanpublic/ubuntu-rockchip/build/linux-rockchip/arch/arm64/boot/dts/rockchip/overlay/rock-5d-radxa-camera-8mp-mipi-rx0.dts:42.3-16: Warning (reg_format): /fragment@1/__overlay__/camera0-imx219@10:reg: property has invalid length (4 bytes) (#address-cells == 2, #size-cells == 1)
arch/arm64/boot/dts/rockchip/overlay/rock-5d-radxa-camera-8mp-mipi-rx0.dtbo: Warning (pci_device_reg): Failed prerequisite 'reg_format'
arch/arm64/boot/dts/rockchip/overlay/rock-5d-radxa-camera-8mp-mipi-rx0.dtbo: Warning (pci_device_bus_num): Failed prerequisite 'reg_format'
arch/arm64/boot/dts/rockchip/overlay/rock-5d-radxa-camera-8mp-mipi-rx0.dtbo: Warning (i2c_bus_reg): Failed prerequisite 'reg_format'
arch/arm64/boot/dts/rockchip/overlay/rock-5d-radxa-camera-8mp-mipi-rx0.dtbo: Warning (spi_bus_reg): Failed prerequisite 'reg_format'
/home/wanpublic/ubuntu-rockchip/build/linux-rockchip/arch/arm64/boot/dts/rockchip/overlay/rock-5d-radxa-camera-8mp-mipi-rx0.dts:40.36-58.4: Warning (avoid_default_addr_size): /fragment@1/__overlay__/camera0-imx219@10: Relying on default #address-cells value
/home/wanpublic/ubuntu-rockchip/build/linux-rockchip/arch/arm64/boot/dts/rockchip/overlay/rock-5d-radxa-camera-8mp-mipi-rx0.dts:40.36-58.4: Warning (avoid_default_addr_size): /fragment@1/__overlay__/camera0-imx219@10: Relying on default #size-cells value
  DTC     arch/arm64/boot/dts/rockchip/overlay/rock-5d-rpi-camera-v2-mipi-rx1.dtbo
/home/wanpublic/ubuntu-rockchip/build/linux-rockchip/arch/arm64/boot/dts/rockchip/overlay/rock-5d-radxa-camera-8mp-mipi-rx1.dts:44.3-16: Warning (reg_format): /fragment@1/__overlay__/camera0-imx219@10:reg: property has invalid length (4 bytes) (#address-cells == 2, #size-cells == 1)
arch/arm64/boot/dts/rockchip/overlay/rock-5d-radxa-camera-8mp-mipi-rx1.dtbo: Warning (pci_device_reg): Failed prerequisite 'reg_format'
arch/arm64/boot/dts/rockchip/overlay/rock-5d-radxa-camera-8mp-mipi-rx1.dtbo: Warning (pci_device_bus_num): Failed prerequisite 'reg_format'
arch/arm64/boot/dts/rockchip/overlay/rock-5d-radxa-camera-8mp-mipi-rx1.dtbo: Warning (i2c_bus_reg): Failed prerequisite 'reg_format'
arch/arm64/boot/dts/rockchip/overlay/rock-5d-radxa-camera-8mp-mipi-rx1.dtbo: Warning (spi_bus_reg): Failed prerequisite 'reg_format'
/home/wanpublic/ubuntu-rockchip/build/linux-rockchip/arch/arm64/boot/dts/rockchip/overlay/rock-5d-radxa-camera-8mp-mipi-rx1.dts:42.36-60.4: Warning (avoid_default_addr_size): /fragment@1/__overlay__/camera0-imx219@10: Relying on default #address-cells value
/home/wanpublic/ubuntu-rockchip/build/linux-rockchip/arch/arm64/boot/dts/rockchip/overlay/rock-5d-radxa-camera-8mp-mipi-rx1.dts:42.36-60.4: Warning (avoid_default_addr_size): /fragment@1/__overlay__/camera0-imx219@10: Relying on default #size-cells value
  DTC     arch/arm64/boot/dts/rockchip/rk3399-rock-4c-plus.dtb
  DTC     arch/arm64/boot/dts/rockchip/overlay/rock-5-itx-radxa-camera-4k-on-cam0.dtbo
/home/wanpublic/ubuntu-rockchip/build/linux-rockchip/arch/arm64/boot/dts/rockchip/overlay/rock-5a-rpi-camera-v1_3.dts:33.3-16: Warning (reg_format): /fragment@1/__overlay__/ov5647@36:reg: property has invalid length (4 bytes) (#address-cells == 2, #size-cells == 1)
arch/arm64/boot/dts/rockchip/overlay/rock-5d-rpi-camera-v1p3.dtbo: Warning (pci_device_reg): Failed prerequisite 'reg_format'
arch/arm64/boot/dts/rockchip/overlay/rock-5d-rpi-camera-v1p3.dtbo: Warning (pci_device_bus_num): Failed prerequisite 'reg_format'
arch/arm64/boot/dts/rockchip/overlay/rock-5d-rpi-camera-v1p3.dtbo: Warning (i2c_bus_reg): Failed prerequisite 'reg_format'
arch/arm64/boot/dts/rockchip/overlay/rock-5d-rpi-camera-v1p3.dtbo: Warning (spi_bus_reg): Failed prerequisite 'reg_format'
/home/wanpublic/ubuntu-rockchip/build/linux-rockchip/arch/arm64/boot/dts/rockchip/overlay/rock-5a-rpi-camera-v1_3.dts:30.20-48.4: Warning (avoid_default_addr_size): /fragment@1/__overlay__/ov5647@36: Relying on default #address-cells value
/home/wanpublic/ubuntu-rockchip/build/linux-rockchip/arch/arm64/boot/dts/rockchip/overlay/rock-5a-rpi-camera-v1_3.dts:30.20-48.4: Warning (avoid_default_addr_size): /fragment@1/__overlay__/ov5647@36: Relying on default #size-cells value
/home/wanpublic/ubuntu-rockchip/build/linux-rockchip/arch/arm64/boot/dts/rockchip/overlay/rock-5d-rpi-camera-v1p3-mipi-rx0.dts:32.3-16: Warning (reg_format): /fragment@1/__overlay__/ov5647@36:reg: property has invalid length (4 bytes) (#address-cells == 2, #size-cells == 1)
arch/arm64/boot/dts/rockchip/overlay/rock-5d-rpi-camera-v1p3-mipi-rx0.dtbo: Warning (pci_device_reg): Failed prerequisite 'reg_format'
arch/arm64/boot/dts/rockchip/overlay/rock-5d-rpi-camera-v1p3-mipi-rx0.dtbo: Warning (pci_device_bus_num): Failed prerequisite 'reg_format'
arch/arm64/boot/dts/rockchip/overlay/rock-5d-rpi-camera-v1p3-mipi-rx0.dtbo: Warning (i2c_bus_reg): Failed prerequisite 'reg_format'
arch/arm64/boot/dts/rockchip/overlay/rock-5d-rpi-camera-v1p3-mipi-rx0.dtbo: Warning (spi_bus_reg): Failed prerequisite 'reg_format'
/home/wanpublic/ubuntu-rockchip/build/linux-rockchip/arch/arm64/boot/dts/rockchip/overlay/rock-5d-rpi-camera-v1p3-mipi-rx0.dts:29.20-47.4: Warning (avoid_default_addr_size): /fragment@1/__overlay__/ov5647@36: Relying on default #address-cells value
/home/wanpublic/ubuntu-rockchip/build/linux-rockchip/arch/arm64/boot/dts/rockchip/overlay/rock-5d-rpi-camera-v1p3-mipi-rx0.dts:29.20-47.4: Warning (avoid_default_addr_size): /fragment@1/__overlay__/ov5647@36: Relying on default #size-cells value
  DTC     arch/arm64/boot/dts/rockchip/overlay/rock-5-itx-radxa-camera-4k-on-cam1.dtbo
/home/wanpublic/ubuntu-rockchip/build/linux-rockchip/arch/arm64/boot/dts/rockchip/overlay/rock-5d-rpi-camera-v1p3-mipi-rx1.dts:34.3-16: Warning (reg_format): /fragment@1/__overlay__/ov5647@36:reg: property has invalid length (4 bytes) (#address-cells == 2, #size-cells == 1)
arch/arm64/boot/dts/rockchip/overlay/rock-5d-rpi-camera-v1p3-mipi-rx1.dtbo: Warning (pci_device_reg): Failed prerequisite 'reg_format'
arch/arm64/boot/dts/rockchip/overlay/rock-5d-rpi-camera-v1p3-mipi-rx1.dtbo: Warning (pci_device_bus_num): Failed prerequisite 'reg_format'
arch/arm64/boot/dts/rockchip/overlay/rock-5d-rpi-camera-v1p3-mipi-rx1.dtbo: Warning (i2c_bus_reg): Failed prerequisite 'reg_format'
arch/arm64/boot/dts/rockchip/overlay/rock-5d-rpi-camera-v1p3-mipi-rx1.dtbo: Warning (spi_bus_reg): Failed prerequisite 'reg_format'
/home/wanpublic/ubuntu-rockchip/build/linux-rockchip/arch/arm64/boot/dts/rockchip/overlay/rock-5d-rpi-camera-v1p3-mipi-rx1.dts:31.20-49.4: Warning (avoid_default_addr_size): /fragment@1/__overlay__/ov5647@36: Relying on default #address-cells value
/home/wanpublic/ubuntu-rockchip/build/linux-rockchip/arch/arm64/boot/dts/rockchip/overlay/rock-5d-rpi-camera-v1p3-mipi-rx1.dts:31.20-49.4: Warning (avoid_default_addr_size): /fragment@1/__overlay__/ov5647@36: Relying on default #size-cells value
  DTC     arch/arm64/boot/dts/rockchip/rk3399-rock-pi-4a.dtb
/home/wanpublic/ubuntu-rockchip/build/linux-rockchip/arch/arm64/boot/dts/rockchip/overlay/rock-5a-rpi-camera-v2.dts:42.3-16: Warning (reg_format): /fragment@1/__overlay__/camera-imx219@10:reg: property has invalid length (4 bytes) (#address-cells == 2, #size-cells == 1)
arch/arm64/boot/dts/rockchip/overlay/rock-5d-rpi-camera-v2.dtbo: Warning (pci_device_reg): Failed prerequisite 'reg_format'
arch/arm64/boot/dts/rockchip/overlay/rock-5d-rpi-camera-v2.dtbo: Warning (pci_device_bus_num): Failed prerequisite 'reg_format'
arch/arm64/boot/dts/rockchip/overlay/rock-5d-rpi-camera-v2.dtbo: Warning (i2c_bus_reg): Failed prerequisite 'reg_format'
arch/arm64/boot/dts/rockchip/overlay/rock-5d-rpi-camera-v2.dtbo: Warning (spi_bus_reg): Failed prerequisite 'reg_format'
/home/wanpublic/ubuntu-rockchip/build/linux-rockchip/arch/arm64/boot/dts/rockchip/overlay/rock-5a-rpi-camera-v2.dts:40.34-58.4: Warning (avoid_default_addr_size): /fragment@1/__overlay__/camera-imx219@10: Relying on default #address-cells value
/home/wanpublic/ubuntu-rockchip/build/linux-rockchip/arch/arm64/boot/dts/rockchip/overlay/rock-5a-rpi-camera-v2.dts:40.34-58.4: Warning (avoid_default_addr_size): /fragment@1/__overlay__/camera-imx219@10: Relying on default #size-cells value
  DTC     arch/arm64/boot/dts/rockchip/rk3399-rock-pi-4a-plus.dtb
/home/wanpublic/ubuntu-rockchip/build/linux-rockchip/arch/arm64/boot/dts/rockchip/overlay/rock-5d-rpi-camera-v2-mipi-rx0.dts:42.3-16: Warning (reg_format): /fragment@1/__overlay__/camera0-imx219@10:reg: property has invalid length (4 bytes) (#address-cells == 2, #size-cells == 1)
arch/arm64/boot/dts/rockchip/overlay/rock-5d-rpi-camera-v2-mipi-rx0.dtbo: Warning (pci_device_reg): Failed prerequisite 'reg_format'
arch/arm64/boot/dts/rockchip/overlay/rock-5d-rpi-camera-v2-mipi-rx0.dtbo: Warning (pci_device_bus_num): Failed prerequisite 'reg_format'
arch/arm64/boot/dts/rockchip/overlay/rock-5d-rpi-camera-v2-mipi-rx0.dtbo: Warning (i2c_bus_reg): Failed prerequisite 'reg_format'
arch/arm64/boot/dts/rockchip/overlay/rock-5d-rpi-camera-v2-mipi-rx0.dtbo: Warning (spi_bus_reg): Failed prerequisite 'reg_format'
/home/wanpublic/ubuntu-rockchip/build/linux-rockchip/arch/arm64/boot/dts/rockchip/overlay/rock-5d-rpi-camera-v2-mipi-rx0.dts:40.36-58.4: Warning (avoid_default_addr_size): /fragment@1/__overlay__/camera0-imx219@10: Relying on default #address-cells value
/home/wanpublic/ubuntu-rockchip/build/linux-rockchip/arch/arm64/boot/dts/rockchip/overlay/rock-5d-rpi-camera-v2-mipi-rx0.dts:40.36-58.4: Warning (avoid_default_addr_size): /fragment@1/__overlay__/camera0-imx219@10: Relying on default #size-cells value
  DTC     arch/arm64/boot/dts/rockchip/overlay/rock-5-itx-radxa-display-8hd-on-lcd0.dtbo
  DTC     arch/arm64/boot/dts/rockchip/rk3399-rock-pi-4b.dtb
  DTC     arch/arm64/boot/dts/rockchip/rk3399-rock-pi-4b-plus.dtb
  DTC     arch/arm64/boot/dts/rockchip/rk3399-rock-pi-4c.dtb
/home/wanpublic/ubuntu-rockchip/build/linux-rockchip/arch/arm64/boot/dts/rockchip/overlay/rock-5d-rpi-camera-v2-mipi-rx1.dts:44.3-16: Warning (reg_format): /fragment@1/__overlay__/camera0-imx219@10:reg: property has invalid length (4 bytes) (#address-cells == 2, #size-cells == 1)
arch/arm64/boot/dts/rockchip/overlay/rock-5d-rpi-camera-v2-mipi-rx1.dtbo: Warning (pci_device_reg): Failed prerequisite 'reg_format'
arch/arm64/boot/dts/rockchip/overlay/rock-5d-rpi-camera-v2-mipi-rx1.dtbo: Warning (pci_device_bus_num): Failed prerequisite 'reg_format'
arch/arm64/boot/dts/rockchip/overlay/rock-5d-rpi-camera-v2-mipi-rx1.dtbo: Warning (i2c_bus_reg): Failed prerequisite 'reg_format'
arch/arm64/boot/dts/rockchip/overlay/rock-5d-rpi-camera-v2-mipi-rx1.dtbo: Warning (spi_bus_reg): Failed prerequisite 'reg_format'
/home/wanpublic/ubuntu-rockchip/build/linux-rockchip/arch/arm64/boot/dts/rockchip/overlay/rock-5d-rpi-camera-v2-mipi-rx1.dts:42.36-60.4: Warning (avoid_default_addr_size): /fragment@1/__overlay__/camera0-imx219@10: Relying on default #address-cells value
/home/wanpublic/ubuntu-rockchip/build/linux-rockchip/arch/arm64/boot/dts/rockchip/overlay/rock-5d-rpi-camera-v2-mipi-rx1.dts:42.36-60.4: Warning (avoid_default_addr_size): /fragment@1/__overlay__/camera0-imx219@10: Relying on default #size-cells value
  DTC     arch/arm64/boot/dts/rockchip/rk3399-rock960.dtb
  DTC     arch/arm64/boot/dts/rockchip/overlay/rock-5-itx-radxa-display-8hd-on-lcd1.dtbo
  DTC     arch/arm64/boot/dts/rockchip/rk3399-rockpro64-v2.dtb
  DTC     arch/arm64/boot/dts/rockchip/overlay/rock-5-itx-enable-sharp-lq133t1jw01-edp-lcd-disable-dp1.dtbo
  DTC     arch/arm64/boot/dts/rockchip/overlay/rock-5-itx-enable-sharp-lq133t1jw01-edp-lcd-disable-dp0.dtbo
  DTC     arch/arm64/boot/dts/rockchip/rk3399-rockpro64.dtb
  DTC     arch/arm64/boot/dts/rockchip/overlay/rock-5-itx-hdmi1-8k.dtbo
  DTC     arch/arm64/boot/dts/rockchip/rk3399-sapphire.dtb
  DTC     arch/arm64/boot/dts/rockchip/overlay/rock-5-itx-okdo-5mp-camera-on-cam0.dtbo
  DTC     arch/arm64/boot/dts/rockchip/rk3399-sapphire-excavator.dtb
  DTC     arch/arm64/boot/dts/rockchip/rk3399-sapphire-excavator-edp-avb.dtb
/home/wanpublic/ubuntu-rockchip/build/linux-rockchip/arch/arm64/boot/dts/rockchip/overlay/rock-5-itx-enable-sharp-lq133t1jw01-edp-lcd-disable-dp1.dts:130.4-14: Warning (reg_format): /fragment@2/__overlay__/ports/port@1:reg: property has invalid length (4 bytes) (#address-cells == 2, #size-cells == 1)
arch/arm64/boot/dts/rockchip/overlay/rock-5-itx-enable-sharp-lq133t1jw01-edp-lcd-disable-dp1.dtbo: Warning (pci_device_reg): Failed prerequisite 'reg_format'
arch/arm64/boot/dts/rockchip/overlay/rock-5-itx-enable-sharp-lq133t1jw01-edp-lcd-disable-dp1.dtbo: Warning (pci_device_bus_num): Failed prerequisite 'reg_format'
arch/arm64/boot/dts/rockchip/overlay/rock-5-itx-enable-sharp-lq133t1jw01-edp-lcd-disable-dp1.dtbo: Warning (i2c_bus_reg): Failed prerequisite 'reg_format'
arch/arm64/boot/dts/rockchip/overlay/rock-5-itx-enable-sharp-lq133t1jw01-edp-lcd-disable-dp1.dtbo: Warning (spi_bus_reg): Failed prerequisite 'reg_format'
/home/wanpublic/ubuntu-rockchip/build/linux-rockchip/arch/arm64/boot/dts/rockchip/overlay/rock-5-itx-enable-sharp-lq133t1jw01-edp-lcd-disable-dp1.dts:129.10-137.5: Warning (avoid_default_addr_size): /fragment@2/__overlay__/ports/port@1: Relying on default #address-cells value
/home/wanpublic/ubuntu-rockchip/build/linux-rockchip/arch/arm64/boot/dts/rockchip/overlay/rock-5-itx-enable-sharp-lq133t1jw01-edp-lcd-disable-dp1.dts:129.10-137.5: Warning (avoid_default_addr_size): /fragment@2/__overlay__/ports/port@1: Relying on default #size-cells value
/home/wanpublic/ubuntu-rockchip/build/linux-rockchip/arch/arm64/boot/dts/rockchip/overlay/rock-5-itx-enable-sharp-lq133t1jw01-edp-lcd-disable-dp1.dts:108.9-112.5: Warning (graph_port): /fragment@0/__overlay__/edp0-panel/ports: graph port node name should be 'port'
/home/wanpublic/ubuntu-rockchip/build/linux-rockchip/arch/arm64/boot/dts/rockchip/overlay/rock-5-itx-enable-sharp-lq133t1jw01-edp-lcd-disable-dp1.dts:131.4-25: Warning (graph_port): /fragment@2/__overlay__/ports/port@1:#address-cells: graph node '#address-cells' is -1, must be 1
/home/wanpublic/ubuntu-rockchip/build/linux-rockchip/arch/arm64/boot/dts/rockchip/overlay/rock-5-itx-enable-sharp-lq133t1jw01-edp-lcd-disable-dp1.dts:132.4-22: Warning (graph_port): /fragment@2/__overlay__/ports/port@1:#size-cells: graph node '#size-cells' is -1, must be 0
  DTC     arch/arm64/boot/dts/rockchip/overlay/rock-5-itx-okdo-5mp-camera-on-cam1.dtbo
/home/wanpublic/ubuntu-rockchip/build/linux-rockchip/arch/arm64/boot/dts/rockchip/overlay/rock-5-itx-enable-sharp-lq133t1jw01-edp-lcd-disable-dp0.dts:130.4-14: Warning (reg_format): /fragment@2/__overlay__/ports/port@1:reg: property has invalid length (4 bytes) (#address-cells == 2, #size-cells == 1)
arch/arm64/boot/dts/rockchip/overlay/rock-5-itx-enable-sharp-lq133t1jw01-edp-lcd-disable-dp0.dtbo: Warning (pci_device_reg): Failed prerequisite 'reg_format'
arch/arm64/boot/dts/rockchip/overlay/rock-5-itx-enable-sharp-lq133t1jw01-edp-lcd-disable-dp0.dtbo: Warning (pci_device_bus_num): Failed prerequisite 'reg_format'
arch/arm64/boot/dts/rockchip/overlay/rock-5-itx-enable-sharp-lq133t1jw01-edp-lcd-disable-dp0.dtbo: Warning (i2c_bus_reg): Failed prerequisite 'reg_format'
arch/arm64/boot/dts/rockchip/overlay/rock-5-itx-enable-sharp-lq133t1jw01-edp-lcd-disable-dp0.dtbo: Warning (spi_bus_reg): Failed prerequisite 'reg_format'
/home/wanpublic/ubuntu-rockchip/build/linux-rockchip/arch/arm64/boot/dts/rockchip/overlay/rock-5-itx-enable-sharp-lq133t1jw01-edp-lcd-disable-dp0.dts:129.10-137.5: Warning (avoid_default_addr_size): /fragment@2/__overlay__/ports/port@1: Relying on default #address-cells value
/home/wanpublic/ubuntu-rockchip/build/linux-rockchip/arch/arm64/boot/dts/rockchip/overlay/rock-5-itx-enable-sharp-lq133t1jw01-edp-lcd-disable-dp0.dts:129.10-137.5: Warning (avoid_default_addr_size): /fragment@2/__overlay__/ports/port@1: Relying on default #size-cells value
/home/wanpublic/ubuntu-rockchip/build/linux-rockchip/arch/arm64/boot/dts/rockchip/overlay/rock-5-itx-enable-sharp-lq133t1jw01-edp-lcd-disable-dp0.dts:108.9-112.5: Warning (graph_port): /fragment@0/__overlay__/edp0-panel/ports: graph port node name should be 'port'
/home/wanpublic/ubuntu-rockchip/build/linux-rockchip/arch/arm64/boot/dts/rockchip/overlay/rock-5-itx-enable-sharp-lq133t1jw01-edp-lcd-disable-dp0.dts:131.4-25: Warning (graph_port): /fragment@2/__overlay__/ports/port@1:#address-cells: graph node '#address-cells' is -1, must be 1
/home/wanpublic/ubuntu-rockchip/build/linux-rockchip/arch/arm64/boot/dts/rockchip/overlay/rock-5-itx-enable-sharp-lq133t1jw01-edp-lcd-disable-dp0.dts:132.4-22: Warning (graph_port): /fragment@2/__overlay__/ports/port@1:#size-cells: graph node '#size-cells' is -1, must be 0
  DTC     arch/arm64/boot/dts/rockchip/rk3399pro-rock-pi-n10.dtb
  DTC     arch/arm64/boot/dts/rockchip/overlay/rock-5-itx-radxa-camera-8m-219-on-cam0.dtbo
  DTC     arch/arm64/boot/dts/rockchip/overlay/rock-5-itx-radxa-camera-8m-219-on-cam1.dtbo
  DTC     arch/arm64/boot/dts/rockchip/rk3528-demo1-lp4-v10.dtb
  DTC     arch/arm64/boot/dts/rockchip/rk3528-demo4-ddr4-v10.dtb
  DTC     arch/arm64/boot/dts/rockchip/rk3528-demo4-ddr4-v10-linux.dtb
  DTC     arch/arm64/boot/dts/rockchip/overlay/rock-5-itx-radxa-display-10fhd-on-lcd0.dtbo
  DTC     arch/arm64/boot/dts/rockchip/overlay/rock-5-itx-radxa-display-10fhd-on-lcd1.dtbo
  DTC     arch/arm64/boot/dts/rockchip/rk3528-demo6-ddr3-v10.dtb
  DTC     arch/arm64/boot/dts/rockchip/overlay/rock-5-itx-radxa-display-10hd-on-lcd0.dtbo
  DTC     arch/arm64/boot/dts/rockchip/overlay/rock-5-itx-radxa-display-10hd-on-lcd1.dtbo
  DTC     arch/arm64/boot/dts/rockchip/overlay/rock-5-itx-rpi-camera-v1_3-on-cam0.dtbo
  DTC     arch/arm64/boot/dts/rockchip/rk3528-evb1-ddr4-v10.dtb
  DTC     arch/arm64/boot/dts/rockchip/overlay/rock-5-itx-rpi-camera-v1_3-on-cam1.dtbo
/home/wanpublic/ubuntu-rockchip/build/linux-rockchip/arch/arm64/boot/dts/rockchip/rk3399-sapphire-excavator-edp.dtsi:96.9-100.5: Warning (graph_port): /panel/ports: graph port node name should be 'port'
  DTC     arch/arm64/boot/dts/rockchip/rk3528-evb1-ddr4-v10-linux.dtb
  DTC     arch/arm64/boot/dts/rockchip/overlay/rock-5-itx-rpi-camera-v2-on-cam0.dtbo
  DTC     arch/arm64/boot/dts/rockchip/rk3528-evb1-ddr4-v10-spi-nand-linux.dtb
  DTC     arch/arm64/boot/dts/rockchip/rk3528-evb2-ddr3-v10.dtb
  DTC     arch/arm64/boot/dts/rockchip/overlay/rock-5-itx-rpi-camera-v2-on-cam1.dtbo
  DTC     arch/arm64/boot/dts/rockchip/rk3528-evb3-lp4x-v10.dtb
  DTC     arch/arm64/boot/dts/rockchip/overlay/radxa-cm5-io-radxa-camera-4k.dtbo
  DTC     arch/arm64/boot/dts/rockchip/rk3528-evb4-ddr4-v10.dtb
  DTC     arch/arm64/boot/dts/rockchip/overlay/radxa-cm5-io-raspi-7inch-touchscreen.dtbo
  DTC     arch/arm64/boot/dts/rockchip/overlay/radxa-cm5-io-radxa-display-10hd.dtbo
  DTC     arch/arm64/boot/dts/rockchip/rk3528-iotest-lp3-v10.dtb
  DTC     arch/arm64/boot/dts/rockchip/overlay/radxa-cm5-io-radxa-display-8hd.dtbo
  DTC     arch/arm64/boot/dts/rockchip/rk3528-hinlink-h28k.dtb
  DTC     arch/arm64/boot/dts/rockchip/overlay/radxa-cm5-io-rpi-camera-v2.dtbo
  DTC     arch/arm64/boot/dts/rockchip/rk3528-hinlink-ht2.dtb
  DTC     arch/arm64/boot/dts/rockchip/rk3528-mangopi-m28k.dtb
  DTC     arch/arm64/boot/dts/rockchip/overlay/radxa-cm5-io-sata.dtbo
  DTC     arch/arm64/boot/dts/rockchip/rk3562-dictpen-test3-v20.dtb
  DTC     arch/arm64/boot/dts/rockchip/rk3562-evb1-lp4x-v10.dtb
  DTC     arch/arm64/boot/dts/rockchip/overlay/radxa-nx5-io-rpi-camera-v2-cam0.dtbo
  DTC     arch/arm64/boot/dts/rockchip/rk3562-evb1-lp4x-v10-linux.dtb
  DTC     arch/arm64/boot/dts/rockchip/rk3562-evb1-lp4x-v10-linux-amp.dtb
  DTC     arch/arm64/boot/dts/rockchip/rk3562-evb1-lp4x-v10-lvds.dtb
  DTC     arch/arm64/boot/dts/rockchip/rk3562-evb1-lp4x-v10-mcu-k350c4516t.dtb
  DTC     arch/arm64/boot/dts/rockchip/rk3562-evb1-lp4x-v10-rgb2lvds.dtb
/home/wanpublic/ubuntu-rockchip/build/linux-rockchip/arch/arm64/boot/dts/rockchip/overlay/radxa-nx5-io-rpi-camera-v2-cam0.dts:50.5-18: Warning (reg_format): /fragment@1/__overlay__/camera0-imx219@10:reg: property has invalid length (4 bytes) (#address-cells == 2, #size-cells == 1)
arch/arm64/boot/dts/rockchip/overlay/radxa-nx5-io-rpi-camera-v2-cam0.dtbo: Warning (pci_device_reg): Failed prerequisite 'reg_format'
arch/arm64/boot/dts/rockchip/overlay/radxa-nx5-io-rpi-camera-v2-cam0.dtbo: Warning (pci_device_bus_num): Failed prerequisite 'reg_format'
arch/arm64/boot/dts/rockchip/overlay/radxa-nx5-io-rpi-camera-v2-cam0.dtbo: Warning (i2c_bus_reg): Failed prerequisite 'reg_format'
arch/arm64/boot/dts/rockchip/overlay/radxa-nx5-io-rpi-camera-v2-cam0.dtbo: Warning (spi_bus_reg): Failed prerequisite 'reg_format'
/home/wanpublic/ubuntu-rockchip/build/linux-rockchip/arch/arm64/boot/dts/rockchip/overlay/radxa-nx5-io-rpi-camera-v2-cam0.dts:48.38-66.6: Warning (avoid_default_addr_size): /fragment@1/__overlay__/camera0-imx219@10: Relying on default #address-cells value
/home/wanpublic/ubuntu-rockchip/build/linux-rockchip/arch/arm64/boot/dts/rockchip/overlay/radxa-nx5-io-rpi-camera-v2-cam0.dts:48.38-66.6: Warning (avoid_default_addr_size): /fragment@1/__overlay__/camera0-imx219@10: Relying on default #size-cells value
  DTC     arch/arm64/boot/dts/rockchip/overlay/radxa-nx5-io-rpi-camera-v2-cam1.dtbo
  DTC     arch/arm64/boot/dts/rockchip/overlay/turing-rk1-sata2.dtbo
  DTC     arch/arm64/boot/dts/rockchip/rk3562-evb1-lp4x-v10-rgb-FX070-DHM11BOE-A.dtb
  DTC     arch/arm64/boot/dts/rockchip/rk3562-evb1-lp4x-v10-rgb-k350c4516t.dtb
  DTC     arch/arm64/boot/dts/rockchip/overlay/mixtile-blade3-sata2.dtbo
/home/wanpublic/ubuntu-rockchip/build/linux-rockchip/arch/arm64/boot/dts/rockchip/overlay/radxa-nx5-io-rpi-camera-v2-cam1.dts:49.5-18: Warning (reg_format): /fragment@1/__overlay__/camera1-imx219@10:reg: property has invalid length (4 bytes) (#address-cells == 2, #size-cells == 1)
arch/arm64/boot/dts/rockchip/overlay/radxa-nx5-io-rpi-camera-v2-cam1.dtbo: Warning (pci_device_reg): Failed prerequisite 'reg_format'
arch/arm64/boot/dts/rockchip/overlay/radxa-nx5-io-rpi-camera-v2-cam1.dtbo: Warning (pci_device_bus_num): Failed prerequisite 'reg_format'
arch/arm64/boot/dts/rockchip/overlay/radxa-nx5-io-rpi-camera-v2-cam1.dtbo: Warning (i2c_bus_reg): Failed prerequisite 'reg_format'
arch/arm64/boot/dts/rockchip/overlay/radxa-nx5-io-rpi-camera-v2-cam1.dtbo: Warning (spi_bus_reg): Failed prerequisite 'reg_format'
/home/wanpublic/ubuntu-rockchip/build/linux-rockchip/arch/arm64/boot/dts/rockchip/overlay/radxa-nx5-io-rpi-camera-v2-cam1.dts:47.38-65.6: Warning (avoid_default_addr_size): /fragment@1/__overlay__/camera1-imx219@10: Relying on default #address-cells value
/home/wanpublic/ubuntu-rockchip/build/linux-rockchip/arch/arm64/boot/dts/rockchip/overlay/radxa-nx5-io-rpi-camera-v2-cam1.dts:47.38-65.6: Warning (avoid_default_addr_size): /fragment@1/__overlay__/camera1-imx219@10: Relying on default #size-cells value
  DTC     arch/arm64/boot/dts/rockchip/overlay/radxa-zero3-rpi-camera-v2.dtbo
  DTC     arch/arm64/boot/dts/rockchip/overlay/radxa-zero3-rpi-camera-v1.3.dtbo
  DTC     arch/arm64/boot/dts/rockchip/rk3562-evb1-lp4x-v10-rgb-Q7050ITH2641AA1T.dtb
  DTC     arch/arm64/boot/dts/rockchip/rk3562-evb1-lp4x-v10-sii9022-bt1120-to-hdmi.dtb
  DTC     arch/arm64/boot/dts/rockchip/rk3562-evb1-lp4x-v10-sii9022-rgb2hdmi.dtb
  DTC     arch/arm64/boot/dts/rockchip/overlay/radxa-zero3-external-antenna.dtbo
/home/wanpublic/ubuntu-rockchip/build/linux-rockchip/arch/arm64/boot/dts/rockchip/rk3562-evb1-lp4x-v10-mcu-k350c4516t.dts:270.13-278.4: Warning (graph_endpoint): /vop@ff400000/ports/port@0/mcu-timing: graph endpoint node name should be 'endpoint'
  DTC     arch/arm64/boot/dts/rockchip/overlay/radxa-zero3-disabled-ethernet.dtbo
  DTC     arch/arm64/boot/dts/rockchip/rk3562-evb1-lp4x-v10-spdif.dtb
  DTC     arch/arm64/boot/dts/rockchip/overlay/radxa-zero3-disabled-wireless.dtbo
  DTC     arch/arm64/boot/dts/rockchip/rk3562-evb2-ddr4-v10.dtb
  DTC     arch/arm64/boot/dts/rockchip/rk3562-evb2-ddr4-v10-dual-camera.dtb
  DTC     arch/arm64/boot/dts/rockchip/overlay/yy3568-camera.dtbo
  DTC     arch/arm64/boot/dts/rockchip/rk3562-evb2-ddr4-v10-image-reverse.dtb
  DTC     arch/arm64/boot/dts/rockchip/rk3562-evb2-ddr4-v10-linux.dtb
  DTC     arch/arm64/boot/dts/rockchip/overlay/yy3568-display-dsi0.dtbo
  DTC     arch/arm64/boot/dts/rockchip/rk3562-evb2-ddr4-v10-linux-amp.dtb
/home/wanpublic/ubuntu-rockchip/build/linux-rockchip/arch/arm64/boot/dts/rockchip/overlay/yy3568-camera.dts:79.11-24: Warning (reg_format): /fragment@2/__overlay__/gc8034@37:reg: property has invalid length (4 bytes) (#address-cells == 2, #size-cells == 1)
/home/wanpublic/ubuntu-rockchip/build/linux-rockchip/arch/arm64/boot/dts/rockchip/overlay/yy3568-camera.dts:103.11-24: Warning (reg_format): /fragment@2/__overlay__/os04a10@36:reg: property has invalid length (4 bytes) (#address-cells == 2, #size-cells == 1)
/home/wanpublic/ubuntu-rockchip/build/linux-rockchip/arch/arm64/boot/dts/rockchip/overlay/yy3568-camera.dts:126.11-24: Warning (reg_format): /fragment@2/__overlay__/ov5695@36:reg: property has invalid length (4 bytes) (#address-cells == 2, #size-cells == 1)
arch/arm64/boot/dts/rockchip/overlay/yy3568-camera.dtbo: Warning (pci_device_reg): Failed prerequisite 'reg_format'
arch/arm64/boot/dts/rockchip/overlay/yy3568-camera.dtbo: Warning (pci_device_bus_num): Failed prerequisite 'reg_format'
arch/arm64/boot/dts/rockchip/overlay/yy3568-camera.dtbo: Warning (i2c_bus_reg): Failed prerequisite 'reg_format'
arch/arm64/boot/dts/rockchip/overlay/yy3568-camera.dtbo: Warning (spi_bus_reg): Failed prerequisite 'reg_format'
/home/wanpublic/ubuntu-rockchip/build/linux-rockchip/arch/arm64/boot/dts/rockchip/overlay/yy3568-camera.dts:77.31-99.12: Warning (avoid_default_addr_size): /fragment@2/__overlay__/gc8034@37: Relying on default #address-cells value
/home/wanpublic/ubuntu-rockchip/build/linux-rockchip/arch/arm64/boot/dts/rockchip/overlay/yy3568-camera.dts:77.31-99.12: Warning (avoid_default_addr_size): /fragment@2/__overlay__/gc8034@37: Relying on default #size-cells value
/home/wanpublic/ubuntu-rockchip/build/linux-rockchip/arch/arm64/boot/dts/rockchip/overlay/yy3568-camera.dts:101.30-122.12: Warning (avoid_default_addr_size): /fragment@2/__overlay__/os04a10@36: Relying on default #address-cells value
/home/wanpublic/ubuntu-rockchip/build/linux-rockchip/arch/arm64/boot/dts/rockchip/overlay/yy3568-camera.dts:101.30-122.12: Warning (avoid_default_addr_size): /fragment@2/__overlay__/os04a10@36: Relying on default #size-cells value
/home/wanpublic/ubuntu-rockchip/build/linux-rockchip/arch/arm64/boot/dts/rockchip/overlay/yy3568-camera.dts:124.28-146.12: Warning (avoid_default_addr_size): /fragment@2/__overlay__/ov5695@36: Relying on default #address-cells value
/home/wanpublic/ubuntu-rockchip/build/linux-rockchip/arch/arm64/boot/dts/rockchip/overlay/yy3568-camera.dts:124.28-146.12: Warning (avoid_default_addr_size): /fragment@2/__overlay__/ov5695@36: Relying on default #size-cells value
  DTC     arch/arm64/boot/dts/rockchip/overlay/yy3568-display-dsi1.dtbo
  LDS     scripts/module.lds
  DTC     arch/arm64/boot/dts/rockchip/overlay/yy3568-display-edp.dtbo
  DTC     arch/arm64/boot/dts/rockchip/overlay/yy3568-sata2.dtbo
  DTC     arch/arm64/boot/dts/rockchip/overlay/khadas-edge2-display-dsi0.dtbo
/home/wanpublic/ubuntu-rockchip/build/linux-rockchip/arch/arm64/boot/dts/rockchip/overlay/yy3568-display-edp.dts:117.12-22: Warning (reg_format): /fragment@2/__overlay__/ports/port@1:reg: property has invalid length (4 bytes) (#address-cells == 2, #size-cells == 1)
arch/arm64/boot/dts/rockchip/overlay/yy3568-display-edp.dtbo: Warning (pci_device_reg): Failed prerequisite 'reg_format'
arch/arm64/boot/dts/rockchip/overlay/yy3568-display-edp.dtbo: Warning (pci_device_bus_num): Failed prerequisite 'reg_format'
arch/arm64/boot/dts/rockchip/overlay/yy3568-display-edp.dtbo: Warning (i2c_bus_reg): Failed prerequisite 'reg_format'
arch/arm64/boot/dts/rockchip/overlay/yy3568-display-edp.dtbo: Warning (spi_bus_reg): Failed prerequisite 'reg_format'
/home/wanpublic/ubuntu-rockchip/build/linux-rockchip/arch/arm64/boot/dts/rockchip/overlay/yy3568-display-edp.dts:116.18-122.13: Warning (avoid_default_addr_size): /fragment@2/__overlay__/ports/port@1: Relying on default #address-cells value
/home/wanpublic/ubuntu-rockchip/build/linux-rockchip/arch/arm64/boot/dts/rockchip/overlay/yy3568-display-edp.dts:116.18-122.13: Warning (avoid_default_addr_size): /fragment@2/__overlay__/ports/port@1: Relying on default #size-cells value
/home/wanpublic/ubuntu-rockchip/build/linux-rockchip/arch/arm64/boot/dts/rockchip/overlay/yy3568-display-edp.dts:116.18-122.13: Warning (graph_port): /fragment@2/__overlay__/ports/port@1: graph node '#address-cells' is -1, must be 1
/home/wanpublic/ubuntu-rockchip/build/linux-rockchip/arch/arm64/boot/dts/rockchip/overlay/yy3568-display-edp.dts:116.18-122.13: Warning (graph_port): /fragment@2/__overlay__/ports/port@1: graph node '#size-cells' is -1, must be 0
  DTC     arch/arm64/boot/dts/rockchip/rk3562-evb2-ddr4-v10-pdm-mic-array.dtb
  DTC     arch/arm64/boot/dts/rockchip/rk3562-evb2-ddr4-v10-sii9022-bt1120-to-hdmi.dtb
  DTC     arch/arm64/boot/dts/rockchip/rk3562-iotest-lp3-v10.dtb
/home/wanpublic/ubuntu-rockchip/build/linux-rockchip/arch/arm64/boot/dts/rockchip/overlay/khadas-edge2-display-dsi0.dts:128.5-15: Warning (reg_format): /fragment@6/__overlay__/panel@0:reg: property has invalid length (4 bytes) (#address-cells == 2, #size-cells == 1)
/home/wanpublic/ubuntu-rockchip/build/linux-rockchip/arch/arm64/boot/dts/rockchip/overlay/khadas-edge2-display-dsi0.dts:771.5-18: Warning (reg_format): /fragment@7/__overlay__/ft5336@38:reg: property has invalid length (4 bytes) (#address-cells == 2, #size-cells == 1)
/home/wanpublic/ubuntu-rockchip/build/linux-rockchip/arch/arm64/boot/dts/rockchip/overlay/khadas-edge2-display-dsi0.dts:782.5-18: Warning (reg_format): /fragment@7/__overlay__/gt9xx@14:reg: property has invalid length (4 bytes) (#address-cells == 2, #size-cells == 1)
arch/arm64/boot/dts/rockchip/overlay/khadas-edge2-display-dsi0.dtbo: Warning (pci_device_reg): Failed prerequisite 'reg_format'
arch/arm64/boot/dts/rockchip/overlay/khadas-edge2-display-dsi0.dtbo: Warning (pci_device_bus_num): Failed prerequisite 'reg_format'
arch/arm64/boot/dts/rockchip/overlay/khadas-edge2-display-dsi0.dtbo: Warning (i2c_bus_reg): Failed prerequisite 'reg_format'
arch/arm64/boot/dts/rockchip/overlay/khadas-edge2-display-dsi0.dtbo: Warning (spi_bus_reg): Failed prerequisite 'reg_format'
/home/wanpublic/ubuntu-rockchip/build/linux-rockchip/arch/arm64/boot/dts/rockchip/overlay/khadas-edge2-display-dsi0.dts:125.24-745.6: Warning (avoid_default_addr_size): /fragment@6/__overlay__/panel@0: Relying on default #address-cells value
/home/wanpublic/ubuntu-rockchip/build/linux-rockchip/arch/arm64/boot/dts/rockchip/overlay/khadas-edge2-display-dsi0.dts:125.24-745.6: Warning (avoid_default_addr_size): /fragment@6/__overlay__/panel@0: Relying on default #size-cells value
/home/wanpublic/ubuntu-rockchip/build/linux-rockchip/arch/arm64/boot/dts/rockchip/overlay/khadas-edge2-display-dsi0.dts:769.22-778.6: Warning (avoid_default_addr_size): /fragment@7/__overlay__/ft5336@38: Relying on default #address-cells value
/home/wanpublic/ubuntu-rockchip/build/linux-rockchip/arch/arm64/boot/dts/rockchip/overlay/khadas-edge2-display-dsi0.dts:769.22-778.6: Warning (avoid_default_addr_size): /fragment@7/__overlay__/ft5336@38: Relying on default #size-cells value
/home/wanpublic/ubuntu-rockchip/build/linux-rockchip/arch/arm64/boot/dts/rockchip/overlay/khadas-edge2-display-dsi0.dts:780.20-789.6: Warning (avoid_default_addr_size): /fragment@7/__overlay__/gt9xx@14: Relying on default #address-cells value
/home/wanpublic/ubuntu-rockchip/build/linux-rockchip/arch/arm64/boot/dts/rockchip/overlay/khadas-edge2-display-dsi0.dts:780.20-789.6: Warning (avoid_default_addr_size): /fragment@7/__overlay__/gt9xx@14: Relying on default #size-cells value
  DTC     arch/arm64/boot/dts/rockchip/overlay/khadas-edge2-display-dsi1.dtbo
  DTC     arch/arm64/boot/dts/rockchip/rk3562-iotest-lp3-v10-linux.dtb
  DTC     arch/arm64/boot/dts/rockchip/overlay/khadas-edge2-cam1.dtbo
  DTC     arch/arm64/boot/dts/rockchip/rk3562-iotest-lp3-v10-dsm.dtb
  DTC     arch/arm64/boot/dts/rockchip/rk3562-rk817-tablet-v10.dtb
  DTC     arch/arm64/boot/dts/rockchip/overlay/khadas-edge2-cam2.dtbo
  DTC     arch/arm64/boot/dts/rockchip/rk3562-test1-ddr3-v10.dtb
  DTC     arch/arm64/boot/dts/rockchip/overlay/khadas-edge2-cam3.dtbo
/home/wanpublic/ubuntu-rockchip/build/linux-rockchip/arch/arm64/boot/dts/rockchip/overlay/khadas-edge2-display-dsi1.dts:128.5-15: Warning (reg_format): /fragment@6/__overlay__/panel@0:reg: property has invalid length (4 bytes) (#address-cells == 2, #size-cells == 1)
arch/arm64/boot/dts/rockchip/overlay/khadas-edge2-display-dsi1.dtbo: Warning (pci_device_reg): Failed prerequisite 'reg_format'
arch/arm64/boot/dts/rockchip/overlay/khadas-edge2-display-dsi1.dtbo: Warning (pci_device_bus_num): Failed prerequisite 'reg_format'
arch/arm64/boot/dts/rockchip/overlay/khadas-edge2-display-dsi1.dtbo: Warning (i2c_bus_reg): Failed prerequisite 'reg_format'
arch/arm64/boot/dts/rockchip/overlay/khadas-edge2-display-dsi1.dtbo: Warning (spi_bus_reg): Failed prerequisite 'reg_format'
/home/wanpublic/ubuntu-rockchip/build/linux-rockchip/arch/arm64/boot/dts/rockchip/overlay/khadas-edge2-display-dsi1.dts:125.24-726.6: Warning (avoid_default_addr_size): /fragment@6/__overlay__/panel@0: Relying on default #address-cells value
/home/wanpublic/ubuntu-rockchip/build/linux-rockchip/arch/arm64/boot/dts/rockchip/overlay/khadas-edge2-display-dsi1.dts:125.24-726.6: Warning (avoid_default_addr_size): /fragment@6/__overlay__/panel@0: Relying on default #size-cells value
/home/wanpublic/ubuntu-rockchip/build/linux-rockchip/arch/arm64/boot/dts/rockchip/overlay/khadas-edge2-cam1.dts:145.5-18: Warning (reg_format): /fragment@6/__overlay__/dw9714f@c:reg: property has invalid length (4 bytes) (#address-cells == 2, #size-cells == 1)
/home/wanpublic/ubuntu-rockchip/build/linux-rockchip/arch/arm64/boot/dts/rockchip/overlay/khadas-edge2-cam1.dts:159.5-18: Warning (reg_format): /fragment@6/__overlay__/imx415f@1a:reg: property has invalid length (4 bytes) (#address-cells == 2, #size-cells == 1)
arch/arm64/boot/dts/rockchip/overlay/khadas-edge2-cam1.dtbo: Warning (pci_device_reg): Failed prerequisite 'reg_format'
arch/arm64/boot/dts/rockchip/overlay/khadas-edge2-cam1.dtbo: Warning (pci_device_bus_num): Failed prerequisite 'reg_format'
arch/arm64/boot/dts/rockchip/overlay/khadas-edge2-cam1.dtbo: Warning (i2c_bus_reg): Failed prerequisite 'reg_format'
arch/arm64/boot/dts/rockchip/overlay/khadas-edge2-cam1.dtbo: Warning (spi_bus_reg): Failed prerequisite 'reg_format'
/home/wanpublic/ubuntu-rockchip/build/linux-rockchip/arch/arm64/boot/dts/rockchip/overlay/khadas-edge2-cam1.dts:142.23-154.6: Warning (avoid_default_addr_size): /fragment@6/__overlay__/dw9714f@c: Relying on default #address-cells value
/home/wanpublic/ubuntu-rockchip/build/linux-rockchip/arch/arm64/boot/dts/rockchip/overlay/khadas-edge2-cam1.dts:142.23-154.6: Warning (avoid_default_addr_size): /fragment@6/__overlay__/dw9714f@c: Relying on default #size-cells value
/home/wanpublic/ubuntu-rockchip/build/linux-rockchip/arch/arm64/boot/dts/rockchip/overlay/khadas-edge2-cam1.dts:156.24-179.6: Warning (avoid_default_addr_size): /fragment@6/__overlay__/imx415f@1a: Relying on default #address-cells value
/home/wanpublic/ubuntu-rockchip/build/linux-rockchip/arch/arm64/boot/dts/rockchip/overlay/khadas-edge2-cam1.dts:156.24-179.6: Warning (avoid_default_addr_size): /fragment@6/__overlay__/imx415f@1a: Relying on default #size-cells value
  DTC     arch/arm64/boot/dts/rockchip/overlay/rockchip-rk3588-opp-oc-24ghz.dtbo
/home/wanpublic/ubuntu-rockchip/build/linux-rockchip/arch/arm64/boot/dts/rockchip/overlay/khadas-edge2-cam2.dts:146.5-18: Warning (reg_format): /fragment@6/__overlay__/dw9714b@c:reg: property has invalid length (4 bytes) (#address-cells == 2, #size-cells == 1)
/home/wanpublic/ubuntu-rockchip/build/linux-rockchip/arch/arm64/boot/dts/rockchip/overlay/khadas-edge2-cam2.dts:160.5-18: Warning (reg_format): /fragment@6/__overlay__/imx415b@1a:reg: property has invalid length (4 bytes) (#address-cells == 2, #size-cells == 1)
arch/arm64/boot/dts/rockchip/overlay/khadas-edge2-cam2.dtbo: Warning (pci_device_reg): Failed prerequisite 'reg_format'
arch/arm64/boot/dts/rockchip/overlay/khadas-edge2-cam2.dtbo: Warning (pci_device_bus_num): Failed prerequisite 'reg_format'
arch/arm64/boot/dts/rockchip/overlay/khadas-edge2-cam2.dtbo: Warning (i2c_bus_reg): Failed prerequisite 'reg_format'
arch/arm64/boot/dts/rockchip/overlay/khadas-edge2-cam2.dtbo: Warning (spi_bus_reg): Failed prerequisite 'reg_format'
/home/wanpublic/ubuntu-rockchip/build/linux-rockchip/arch/arm64/boot/dts/rockchip/overlay/khadas-edge2-cam2.dts:143.23-155.6: Warning (avoid_default_addr_size): /fragment@6/__overlay__/dw9714b@c: Relying on default #address-cells value
/home/wanpublic/ubuntu-rockchip/build/linux-rockchip/arch/arm64/boot/dts/rockchip/overlay/khadas-edge2-cam2.dts:143.23-155.6: Warning (avoid_default_addr_size): /fragment@6/__overlay__/dw9714b@c: Relying on default #size-cells value
/home/wanpublic/ubuntu-rockchip/build/linux-rockchip/arch/arm64/boot/dts/rockchip/overlay/khadas-edge2-cam2.dts:157.24-180.6: Warning (avoid_default_addr_size): /fragment@6/__overlay__/imx415b@1a: Relying on default #address-cells value
/home/wanpublic/ubuntu-rockchip/build/linux-rockchip/arch/arm64/boot/dts/rockchip/overlay/khadas-edge2-cam2.dts:157.24-180.6: Warning (avoid_default_addr_size): /fragment@6/__overlay__/imx415b@1a: Relying on default #size-cells value
  DTC     arch/arm64/boot/dts/rockchip/rk3562-test2-ddr4-v10.dtb
  DTC     arch/arm64/boot/dts/rockchip/rk3562j-core-ddr4-v10.dtb
  DTC     arch/arm64/boot/dts/rockchip/overlay/rk3588-can0-m0.dtbo
/home/wanpublic/ubuntu-rockchip/build/linux-rockchip/arch/arm64/boot/dts/rockchip/overlay/khadas-edge2-cam3.dts:146.5-18: Warning (reg_format): /fragment@6/__overlay__/dw9714c@c:reg: property has invalid length (4 bytes) (#address-cells == 2, #size-cells == 1)
/home/wanpublic/ubuntu-rockchip/build/linux-rockchip/arch/arm64/boot/dts/rockchip/overlay/khadas-edge2-cam3.dts:159.5-18: Warning (reg_format): /fragment@6/__overlay__/imx415@1a:reg: property has invalid length (4 bytes) (#address-cells == 2, #size-cells == 1)
arch/arm64/boot/dts/rockchip/overlay/khadas-edge2-cam3.dtbo: Warning (pci_device_reg): Failed prerequisite 'reg_format'
arch/arm64/boot/dts/rockchip/overlay/khadas-edge2-cam3.dtbo: Warning (pci_device_bus_num): Failed prerequisite 'reg_format'
arch/arm64/boot/dts/rockchip/overlay/khadas-edge2-cam3.dtbo: Warning (i2c_bus_reg): Failed prerequisite 'reg_format'
arch/arm64/boot/dts/rockchip/overlay/khadas-edge2-cam3.dtbo: Warning (spi_bus_reg): Failed prerequisite 'reg_format'
/home/wanpublic/ubuntu-rockchip/build/linux-rockchip/arch/arm64/boot/dts/rockchip/overlay/khadas-edge2-cam3.dts:143.23-155.6: Warning (avoid_default_addr_size): /fragment@6/__overlay__/dw9714c@c: Relying on default #address-cells value
/home/wanpublic/ubuntu-rockchip/build/linux-rockchip/arch/arm64/boot/dts/rockchip/overlay/khadas-edge2-cam3.dts:143.23-155.6: Warning (avoid_default_addr_size): /fragment@6/__overlay__/dw9714c@c: Relying on default #size-cells value
/home/wanpublic/ubuntu-rockchip/build/linux-rockchip/arch/arm64/boot/dts/rockchip/overlay/khadas-edge2-cam3.dts:157.22-178.6: Warning (avoid_default_addr_size): /fragment@6/__overlay__/imx415@1a: Relying on default #address-cells value
/home/wanpublic/ubuntu-rockchip/build/linux-rockchip/arch/arm64/boot/dts/rockchip/overlay/khadas-edge2-cam3.dts:157.22-178.6: Warning (avoid_default_addr_size): /fragment@6/__overlay__/imx415@1a: Relying on default #size-cells value
  DTC     arch/arm64/boot/dts/rockchip/rk3566-box-demo-v10.dtb
  DTC     arch/arm64/boot/dts/rockchip/overlay/rk3588-can1-m0.dtbo
  DTC     arch/arm64/boot/dts/rockchip/overlay/rk3588-can1-m1.dtbo
  DTC     arch/arm64/boot/dts/rockchip/overlay/rk3588-can2-m1.dtbo
  DTC     arch/arm64/boot/dts/rockchip/rk3566-evb-mipitest-v10.dtb
  DTC     arch/arm64/boot/dts/rockchip/overlay/rk3588-dwc3-host.dtbo
  DTC     arch/arm64/boot/dts/rockchip/overlay/rk3588-dwc3-peripheral.dtbo
  DTC     arch/arm64/boot/dts/rockchip/rk3566-evb1-ddr4-v10.dtb
  DTC     arch/arm64/boot/dts/rockchip/rk3566-evb1-ddr4-v10-linux.dtb
  DTC     arch/arm64/boot/dts/rockchip/rk3566-evb1-ddr4-v10-lvds.dtb
  DTC     arch/arm64/boot/dts/rockchip/rk3566-evb2-lp4x-v10.dtb
  DTC     arch/arm64/boot/dts/rockchip/overlay/rk3588-i2c0-m1.dtbo
  DTC     arch/arm64/boot/dts/rockchip/rk3566-evb2-lp4x-v10-edp.dtb
  DTC     arch/arm64/boot/dts/rockchip/rk3566-evb2-lp4x-v10-eink.dtb
  DTC     arch/arm64/boot/dts/rockchip/overlay/rk3588-i2c1-m0.dtbo
  DTC     arch/arm64/boot/dts/rockchip/rk3566-evb2-lp4x-v10-i2s-mic-array.dtb
  DTC     arch/arm64/boot/dts/rockchip/overlay/rk3588-i2c1-m2.dtbo
  DTC     arch/arm64/boot/dts/rockchip/rk3566-evb2-lp4x-v10-linux.dtb
  DTC     arch/arm64/boot/dts/rockchip/rk3566-evb2-lp4x-v10-pdm-mic-array.dtb
  DTC     arch/arm64/boot/dts/rockchip/overlay/rk3588-i2c1-m4.dtbo
  HOSTCC  usr/gen_init_cpio
  CC      init/main.o
  DTC     arch/arm64/boot/dts/rockchip/overlay/rk3588-i2c2-m0.dtbo
  DTC     arch/arm64/boot/dts/rockchip/overlay/rk3588-i2c2-m4.dtbo
  DTC     arch/arm64/boot/dts/rockchip/rk3566-evb3-ddr3-v10.dtb
  UPD     init/utsversion-tmp.h
  CC      init/do_mounts.o
  DTC     arch/arm64/boot/dts/rockchip/rk3566-evb3-ddr3-v10-linux.dtb
  CC      init/do_mounts_rd.o
  DTC     arch/arm64/boot/dts/rockchip/overlay/rk3588-i2c3-m0.dtbo
  CC      arch/arm64/net/bpf_jit_comp.o
  CC      arch/arm64/mm/dma-mapping.o
  DTC     arch/arm64/boot/dts/rockchip/overlay/rk3588-i2c3-m1.dtbo
  CC      arch/arm64/crypto/sha1-ce-glue.o
  DTC     arch/arm64/boot/dts/rockchip/overlay/rk3588-i2c4-m3.dtbo
  DTC     arch/arm64/boot/dts/rockchip/overlay/rk3588-i2c5-m3.dtbo
  CC      arch/arm64/kvm/hyp-constants.s
  DTC     arch/arm64/boot/dts/rockchip/overlay/rk3588-i2c6-m0.dtbo
  CC      arch/arm64/kvm/hyp/pgtable.o
  CC      arch/arm64/kvm/hyp/vhe/timer-sr.o
  CC      arch/arm64/kvm/hyp/vhe/sysreg-sr.o
  DTC     arch/arm64/boot/dts/rockchip/overlay/rk3588-i2c6-m3.dtbo
  DTC     arch/arm64/boot/dts/rockchip/overlay/rk3588-i2c6-m4.dtbo
  CC      kernel/sched/core.o
  CC      arch/arm64/kernel/pi/kaslr_early.o
  CC      arch/arm64/kvm/hyp/vhe/debug-sr.o
  CC      kernel/sched/fair.o
  CC      arch/arm64/kvm/hyp/vhe/switch.o
  CC      kernel/sched/build_policy.o
  CC      arch/arm64/kvm/hyp/vhe/tlb.o
  CC      arch/arm64/kvm/hyp/vhe/../vgic-v3-sr.o
  CC      arch/arm64/kernel/pi/lib-fdt.o
  DTC     arch/arm64/boot/dts/rockchip/overlay/rk3588-i2c7-m3.dtbo
  LDS     arch/arm64/kvm/hyp/nvhe/hyp.lds
  CC      arch/arm64/kvm/hyp/nvhe/timer-sr.nvhe.o
  DTC     arch/arm64/boot/dts/rockchip/overlay/rk3588-i2c8-m2.dtbo
  DTC     arch/arm64/boot/dts/rockchip/overlay/rk3588-i2c8-m4.dtbo
  DTC     arch/arm64/boot/dts/rockchip/overlay/rk3588-pwm0-m0.dtbo
  CC      kernel/sched/build_utility.o
  CC      arch/arm64/kernel/pi/lib-fdt_ro.o
  DTC     arch/arm64/boot/dts/rockchip/overlay/rk3588-pwm0-m1.dtbo
  DTC     arch/arm64/boot/dts/rockchip/overlay/rk3588-pwm0-m2.dtbo
  GEN     usr/initramfs_data.cpio
  COPY    usr/initramfs_inc_data
  DTC     arch/arm64/boot/dts/rockchip/overlay/rk3588-pwm10-m0.dtbo
  AS      usr/initramfs_data.o
  DTC     arch/arm64/boot/dts/rockchip/overlay/rk3588-pwm11-m0.dtbo
  DTC     arch/arm64/boot/dts/rockchip/overlay/rk3588-pwm11-m1.dtbo
  AR      usr/built-in.a
  DTC     arch/arm64/boot/dts/rockchip/overlay/rk3588-pwm12-m0.dtbo
  CC      arch/arm64/kvm/hyp/nvhe/sysreg-sr.nvhe.o
  CC      arch/arm64/kvm/hyp/nvhe/debug-sr.nvhe.o
  DTC     arch/arm64/boot/dts/rockchip/overlay/rk3588-pwm13-m0.dtbo
  DTC     arch/arm64/boot/dts/rockchip/overlay/rk3588-pwm13-m2.dtbo
  DTC     arch/arm64/boot/dts/rockchip/overlay/rk3588-pwm14-m0.dtbo
  DTC     arch/arm64/boot/dts/rockchip/overlay/rk3588-pwm14-m1.dtbo
  OBJCOPY arch/arm64/kernel/pi/kaslr_early.pi.o
  DTC     arch/arm64/boot/dts/rockchip/overlay/rk3588-pwm14-m2.dtbo
  DTC     arch/arm64/boot/dts/rockchip/overlay/rk3588-pwm15-m0.dtbo
  CC      arch/arm64/kvm/hyp/vhe/../aarch32.o
  DTC     arch/arm64/boot/dts/rockchip/overlay/rk3588-pwm15-m1.dtbo
  DTC     arch/arm64/boot/dts/rockchip/overlay/rk3588-pwm15-m2.dtbo
  OBJCOPY arch/arm64/kernel/pi/lib-fdt.pi.o
  OBJCOPY arch/arm64/kernel/pi/lib-fdt_ro.pi.o
  DTC     arch/arm64/boot/dts/rockchip/overlay/rk3588-pwm15-m3.dtbo
  AR      arch/arm64/kernel/pi/built-in.a
  DTC     arch/arm64/boot/dts/rockchip/overlay/rk3588-pwm1-m0.dtbo
  CC      arch/arm64/kernel/probes/kprobes.o
  DTC     arch/arm64/boot/dts/rockchip/overlay/rk3588-pwm1-m1.dtbo
  DTC     arch/arm64/boot/dts/rockchip/overlay/rk3588-pwm1-m2.dtbo
  DTC     arch/arm64/boot/dts/rockchip/overlay/rk3588-pwm2-m1.dtbo
  DTC     arch/arm64/boot/dts/rockchip/overlay/rk3588-pwm3-m0.dtbo
  DTC     arch/arm64/boot/dts/rockchip/overlay/rk3588-pwm3-m1.dtbo
  DTC     arch/arm64/boot/dts/rockchip/overlay/rk3588-pwm3-m2.dtbo
  DTC     arch/arm64/boot/dts/rockchip/overlay/rk3588-pwm3-m3.dtbo
  DTC     arch/arm64/boot/dts/rockchip/overlay/rk3588-pwm5-m2.dtbo
  DTC     arch/arm64/boot/dts/rockchip/overlay/rk3588-pwm6-m0.dtbo
  DTC     arch/arm64/boot/dts/rockchip/overlay/rk3588-pwm6-m2.dtbo
  DTC     arch/arm64/boot/dts/rockchip/overlay/rk3588-pwm7-m0.dtbo
  DTC     arch/arm64/boot/dts/rockchip/overlay/rk3588-pwm7-m3.dtbo
  DTC     arch/arm64/boot/dts/rockchip/overlay/rk3588-pwm8-m0.dtbo
  AS      arch/arm64/crypto/sha1-ce-core.o
  DTC     arch/arm64/boot/dts/rockchip/overlay/rk3588-spi0-m1-cs0-spidev.dtbo
  DTC     arch/arm64/boot/dts/rockchip/overlay/rk3588-spi0-m1-cs1-spidev.dtbo
  DTC     arch/arm64/boot/dts/rockchip/overlay/rk3588-spi0-m2-cs0-cs1-spidev.dtbo
  DTC     arch/arm64/boot/dts/rockchip/overlay/rk3588-spi0-m2-cs0-mcp2515-8mhz.dtbo
  DTC     arch/arm64/boot/dts/rockchip/overlay/rk3588-spi0-m2-cs0-spidev.dtbo
  CC      arch/arm64/crypto/sha2-ce-glue.o
  DTC     arch/arm64/boot/dts/rockchip/overlay/rk3588-spi0-m2-cs1-spidev.dtbo
  AS      arch/arm64/crypto/sha2-ce-core.o
  DTC     arch/arm64/boot/dts/rockchip/overlay/rk3588-spi1-m1-cs0-spidev.dtbo
  DTC     arch/arm64/boot/dts/rockchip/overlay/rk3588-spi1-m1-cs1-mcp2515-8mhz.dtbo
  DTC     arch/arm64/boot/dts/rockchip/overlay/rk3588-spi1-m1-cs1-spidev.dtbo
/home/wanpublic/ubuntu-rockchip/build/linux-rockchip/arch/arm64/boot/dts/rockchip/overlay/rk3588-spi1-m1-cs1-mcp2515-8mhz.dts:25.5-15: Warning (reg_format): /fragment@0/__overlay__/mcp2515@1:reg: property has invalid length (4 bytes) (#address-cells == 2, #size-cells == 1)
arch/arm64/boot/dts/rockchip/overlay/rk3588-spi1-m1-cs1-mcp2515-8mhz.dtbo: Warning (pci_device_reg): Failed prerequisite 'reg_format'
arch/arm64/boot/dts/rockchip/overlay/rk3588-spi1-m1-cs1-mcp2515-8mhz.dtbo: Warning (pci_device_bus_num): Failed prerequisite 'reg_format'
arch/arm64/boot/dts/rockchip/overlay/rk3588-spi1-m1-cs1-mcp2515-8mhz.dtbo: Warning (i2c_bus_reg): Failed prerequisite 'reg_format'
arch/arm64/boot/dts/rockchip/overlay/rk3588-spi1-m1-cs1-mcp2515-8mhz.dtbo: Warning (spi_bus_reg): Failed prerequisite 'reg_format'
/home/wanpublic/ubuntu-rockchip/build/linux-rockchip/arch/arm64/boot/dts/rockchip/overlay/rk3588-spi1-m1-cs1-mcp2515-8mhz.dts:23.20-35.6: Warning (avoid_default_addr_size): /fragment@0/__overlay__/mcp2515@1: Relying on default #address-cells value
/home/wanpublic/ubuntu-rockchip/build/linux-rockchip/arch/arm64/boot/dts/rockchip/overlay/rk3588-spi1-m1-cs1-mcp2515-8mhz.dts:23.20-35.6: Warning (avoid_default_addr_size): /fragment@0/__overlay__/mcp2515@1: Relying on default #size-cells value
  CC      arch/arm64/kvm/hyp/vhe/../vgic-v2-cpuif-proxy.o
  DTC     arch/arm64/boot/dts/rockchip/overlay/rk3588-spi4-m0-cs1-spidev.dtbo
  CC      arch/arm64/mm/extable.o
  DTC     arch/arm64/boot/dts/rockchip/overlay/rk3588-spi4-m1-cs0-cs1-spidev.dtbo
  DTC     arch/arm64/boot/dts/rockchip/overlay/rk3588-spi4-m1-cs0-spidev.dtbo
  CC      arch/arm64/mm/fault.o
  DTC     arch/arm64/boot/dts/rockchip/overlay/rk3588-spi4-m1-cs1-spidev.dtbo
  DTC     arch/arm64/boot/dts/rockchip/overlay/rk3588-spi4-m2-cs0-spidev.dtbo
  UPD     arch/arm64/kvm/hyp_constants.h
  LDS     arch/arm64/kernel/vmlinux.lds
  CC      arch/arm64/kvm/../../../virt/kvm/kvm_main.o
  DTC     arch/arm64/boot/dts/rockchip/overlay/rk3588-uart0-m2.dtbo
  DTC     arch/arm64/boot/dts/rockchip/overlay/rk3588-uart1-m1.dtbo
  AS      arch/arm64/kvm/hyp/vhe/../entry.o
  DTC     arch/arm64/boot/dts/rockchip/overlay/rk3588-uart2-m0.dtbo
  CC      arch/arm64/kvm/hyp/nvhe/switch.nvhe.o
  CC      arch/arm64/kvm/hyp/nvhe/tlb.nvhe.o
  DTC     arch/arm64/boot/dts/rockchip/overlay/rk3588-uart2-m2.dtbo
  DTC     arch/arm64/boot/dts/rockchip/overlay/rk3588-uart3-m0.dtbo
  DTC     arch/arm64/boot/dts/rockchip/overlay/rk3588-uart3-m1.dtbo
  DTC     arch/arm64/boot/dts/rockchip/overlay/rk3588-uart4-m0.dtbo
  DTC     arch/arm64/boot/dts/rockchip/overlay/rk3588-uart4-m2.dtbo
  DTC     arch/arm64/boot/dts/rockchip/overlay/rk3588-uart6-m1.dtbo
  CC      arch/arm64/kernel/debug-monitors.o
  AS      arch/arm64/kvm/hyp/vhe/../fpsimd.o
  DTC     arch/arm64/boot/dts/rockchip/overlay/rk3588-uart6-m1-full.dtbo
  DTC     arch/arm64/boot/dts/rockchip/overlay/rk3588-uart7-m1.dtbo
  AS      arch/arm64/kvm/hyp/vhe/../hyp-entry.o
  AS      arch/arm64/kvm/hyp/nvhe/hyp-init.nvhe.o
  DTC     arch/arm64/boot/dts/rockchip/overlay/rk3588-uart7-m1-full.dtbo
  CC      arch/arm64/mm/init.o
  CC      arch/arm64/crypto/ghash-ce-glue.o
  DTC     arch/arm64/boot/dts/rockchip/overlay/rk3588-uart7-m2.dtbo
  AS      arch/arm64/crypto/ghash-ce-core.o
  DTC     arch/arm64/boot/dts/rockchip/overlay/rk3588-uart8-m0.dtbo
  AS      arch/arm64/kvm/hyp/nvhe/host.nvhe.o
  DTC     arch/arm64/boot/dts/rockchip/overlay/rk3588-uart8-m0-full.dtbo
  CC      arch/arm64/kernel/probes/decode-insn.o
  DTC     arch/arm64/boot/dts/rockchip/overlay/rk3588-uart8-m1.dtbo
  DTC     arch/arm64/boot/dts/rockchip/overlay/rk3588-w1-gpio3-b3.dtbo
  CC      kernel/locking/mutex.o
  CC      kernel/power/qos.o
  CC      kernel/printk/printk.o
  DTC     arch/arm64/boot/dts/rockchip/overlay/rk3588-w1-gpio4-b1.dtbo
  DTC     arch/arm64/boot/dts/rockchip/overlay/rk3588-hdmirx.dtbo
  AR      arch/arm64/net/built-in.a
  CC      arch/arm64/kvm/hyp/nvhe/hyp-main.nvhe.o
  CC      arch/arm64/kvm/hyp/nvhe/hyp-smp.nvhe.o
  DTC     arch/arm64/boot/dts/rockchip/overlay/rk3568-can0-m0.dtbo
  DTC     arch/arm64/boot/dts/rockchip/overlay/rk3568-can1-m0.dtbo
  AS      arch/arm64/crypto/aes-ce-core.o
  DTC     arch/arm64/boot/dts/rockchip/overlay/rk3568-can1-m1.dtbo
  DTC     arch/arm64/boot/dts/rockchip/overlay/rk3568-disable-fiq-debugger.dtbo
  CC      init/do_mounts_initrd.o
  DTC     arch/arm64/boot/dts/rockchip/overlay/rk3568-dwc3-host.dtbo
  DTC     arch/arm64/boot/dts/rockchip/overlay/rk3568-dwc3-otg.dtbo
  DTC     arch/arm64/boot/dts/rockchip/overlay/rk3568-dwc3-peripheral.dtbo
  CC      init/initramfs.o
  DTC     arch/arm64/boot/dts/rockchip/overlay/rk3568-fiq-debugger-uart0.dtbo
  CC      kernel/power/main.o
  DTC     arch/arm64/boot/dts/rockchip/overlay/rk3568-fiq-debugger-uart2m0.dtbo
  DTC     arch/arm64/boot/dts/rockchip/overlay/rk3568-fiq-debugger-uart3m0.dtbo
  DTC     arch/arm64/boot/dts/rockchip/overlay/rk3568-fiq-debugger-uart4m1.dtbo
  DTC     arch/arm64/boot/dts/rockchip/overlay/rk3568-fiq-debugger-uart5m1.dtbo
  DTC     arch/arm64/boot/dts/rockchip/overlay/rk3568-fiq-debugger-uart7m1.dtbo
  DTC     arch/arm64/boot/dts/rockchip/overlay/rk3568-fiq-debugger-uart7m2.dtbo
  DTC     arch/arm64/boot/dts/rockchip/overlay/rk3568-fiq-debugger-uart8m1.dtbo
  DTC     arch/arm64/boot/dts/rockchip/overlay/rk3568-fiq-debugger-uart9m1.dtbo
  DTC     arch/arm64/boot/dts/rockchip/overlay/rk3568-gmac1-disable.dtbo
  DTC     arch/arm64/boot/dts/rockchip/overlay/rk3568-gmac1-enable.dtbo
  DTC     arch/arm64/boot/dts/rockchip/overlay/rk3568-i2c1.dtbo
  DTC     arch/arm64/boot/dts/rockchip/overlay/rk3568-i2c2-disable.dtbo
  DTC     arch/arm64/boot/dts/rockchip/overlay/rk3568-i2c2-m0.dtbo
  DTC     arch/arm64/boot/dts/rockchip/overlay/rk3568-i2c2-m0-pca9555.dtbo
/home/wanpublic/ubuntu-rockchip/build/linux-rockchip/arch/arm64/boot/dts/rockchip/overlay/rk3568-i2c2-m0-pca9555.dts:25.3-16: Warning (reg_format): /fragment@0/__overlay__/pca@20:reg: property has invalid length (4 bytes) (#address-cells == 2, #size-cells == 1)
arch/arm64/boot/dts/rockchip/overlay/rk3568-i2c2-m0-pca9555.dtbo: Warning (pci_device_reg): Failed prerequisite 'reg_format'
arch/arm64/boot/dts/rockchip/overlay/rk3568-i2c2-m0-pca9555.dtbo: Warning (pci_device_bus_num): Failed prerequisite 'reg_format'
arch/arm64/boot/dts/rockchip/overlay/rk3568-i2c2-m0-pca9555.dtbo: Warning (i2c_bus_reg): Failed prerequisite 'reg_format'
arch/arm64/boot/dts/rockchip/overlay/rk3568-i2c2-m0-pca9555.dtbo: Warning (spi_bus_reg): Failed prerequisite 'reg_format'
/home/wanpublic/ubuntu-rockchip/build/linux-rockchip/arch/arm64/boot/dts/rockchip/overlay/rk3568-i2c2-m0-pca9555.dts:23.14-35.4: Warning (avoid_default_addr_size): /fragment@0/__overlay__/pca@20: Relying on default #address-cells value
/home/wanpublic/ubuntu-rockchip/build/linux-rockchip/arch/arm64/boot/dts/rockchip/overlay/rk3568-i2c2-m0-pca9555.dts:23.14-35.4: Warning (avoid_default_addr_size): /fragment@0/__overlay__/pca@20: Relying on default #size-cells value
  DTC     arch/arm64/boot/dts/rockchip/overlay/rk3568-i2c2-m1.dtbo
  DTC     arch/arm64/boot/dts/rockchip/overlay/rk3568-i2c3-m0.dtbo
  CC      arch/arm64/kvm/hyp/vhe/../exception.o
  DTC     arch/arm64/boot/dts/rockchip/overlay/rk3568-i2c4-m0.dtbo
  DTC     arch/arm64/boot/dts/rockchip/overlay/rk3568-npu-disable.dtbo
  CC      init/calibrate.o
  DTC     arch/arm64/boot/dts/rockchip/overlay/rk3568-npu-enable.dtbo
/home/wanpublic/ubuntu-rockchip/build/linux-rockchip/arch/arm64/boot/dts/rockchip/overlay/rk3568-npu-enable.dts:32.2-9: Warning (ranges_format): /fragment@3/__overlay__:ranges: empty "ranges" property but its #size-cells (2) differs from /fragment@3 (1)
/home/wanpublic/ubuntu-rockchip/build/linux-rockchip/arch/arm64/boot/dts/rockchip/overlay/rk3568-npu-enable.dts:29.18-41.3: Warning (avoid_default_addr_size): /fragment@3/__overlay__: Relying on default #address-cells value
/home/wanpublic/ubuntu-rockchip/build/linux-rockchip/arch/arm64/boot/dts/rockchip/overlay/rk3568-npu-enable.dts:29.18-41.3: Warning (avoid_default_addr_size): /fragment@3/__overlay__: Relying on default #size-cells value
  DTC     arch/arm64/boot/dts/rockchip/overlay/rk3568-pwm0-disable.dtbo
  DTC     arch/arm64/boot/dts/rockchip/overlay/rk3568-pwm0-m0.dtbo
  DTC     arch/arm64/boot/dts/rockchip/overlay/rk3568-pwm0-m1.dtbo
  DTC     arch/arm64/boot/dts/rockchip/overlay/rk3568-pwm11-m1.dtbo
  CC      certs/system_keyring.o
  DTC     arch/arm64/boot/dts/rockchip/overlay/rk3568-pwm12-m0.dtbo
  DTC     arch/arm64/boot/dts/rockchip/overlay/rk3568-pwm12-m1.dtbo
  AS      arch/arm64/mm/cache.o
  AS      arch/arm64/kernel/probes/kprobes_trampoline.o
  DTC     arch/arm64/boot/dts/rockchip/overlay/rk3568-pwm13-m0.dtbo
  CC      arch/arm64/kernel/probes/simulate-insn.o
  CC      mm/filemap.o
  DTC     arch/arm64/boot/dts/rockchip/overlay/rk3568-pwm13-m1.dtbo
  DTC     arch/arm64/boot/dts/rockchip/overlay/rk3568-pwm14-m0.dtbo
  CC      arch/arm64/crypto/aes-ce-glue.o
  DTC     arch/arm64/boot/dts/rockchip/overlay/rk3568-pwm14-m1.dtbo
  CC      kernel/power/console.o
  DTC     arch/arm64/boot/dts/rockchip/overlay/rk3568-pwm15-m0.dtbo
  CC      arch/arm64/mm/copypage.o
  DTC     arch/arm64/boot/dts/rockchip/overlay/rk3568-pwm15-m1.dtbo
  CC      arch/arm64/kernel/probes/uprobes.o
  DTC     arch/arm64/boot/dts/rockchip/overlay/rk3568-pwm1-m0.dtbo
  DTC     arch/arm64/boot/dts/rockchip/overlay/rk3568-pwm1-m1.dtbo
  DTC     arch/arm64/boot/dts/rockchip/overlay/rk3568-pwm2-m0.dtbo
  DTC     arch/arm64/boot/dts/rockchip/overlay/rk3568-pwm2-m1.dtbo
  DTC     arch/arm64/boot/dts/rockchip/overlay/rk3568-pwm3.dtbo
  DTC     arch/arm64/boot/dts/rockchip/overlay/rk3568-pwm4.dtbo
  DTC     arch/arm64/boot/dts/rockchip/overlay/rk3568-pwm5.dtbo
  DTC     arch/arm64/boot/dts/rockchip/overlay/rk3568-pwm6.dtbo
  CC      arch/arm64/kvm/hyp/nvhe/psci-relay.nvhe.o
  DTC     arch/arm64/boot/dts/rockchip/overlay/rk3568-pwm7.dtbo
  DTC     arch/arm64/boot/dts/rockchip/overlay/rk3568-pwm8-m0.dtbo
  AR      fs/notify/dnotify/built-in.a
  DTC     arch/arm64/boot/dts/rockchip/overlay/rk3568-pwm9-m0.dtbo
  CC      init/init_task.o
  CC      fs/notify/inotify/inotify_fsnotify.o
  DTC     arch/arm64/boot/dts/rockchip/overlay/rk3568-serdes2-pcie.dtbo
  CC      ipc/compat.o
  DTC     arch/arm64/boot/dts/rockchip/overlay/rk3568-serdes2-sata.dtbo
  DTC     arch/arm64/boot/dts/rockchip/overlay/rk3568-spi0-m0-cs0-spidev.dtbo
  DTC     arch/arm64/boot/dts/rockchip/overlay/rk3568-spi0-m1-cs0-spidev.dtbo
  DTC     arch/arm64/boot/dts/rockchip/overlay/rk3568-spi1-m1-cs0-spidev.dtbo
  DTC     arch/arm64/boot/dts/rockchip/overlay/rk3568-spi3-m0-cs0-mcp2515.dtbo
  DTC     arch/arm64/boot/dts/rockchip/overlay/rk3568-spi3-m0-cs0-spidev.dtbo
  DTC     arch/arm64/boot/dts/rockchip/overlay/rk3568-spi3-m0-cs1-spidev.dtbo
  DTC     arch/arm64/boot/dts/rockchip/overlay/rk3568-spi3-m1-cs0-enc28j60.dtbo
  DTC     arch/arm64/boot/dts/rockchip/overlay/rk3568-spi3-m1-cs0-mcp2515.dtbo
  CC      kernel/power/process.o
  DTC     arch/arm64/boot/dts/rockchip/overlay/rk3568-spi3-m1-cs0-mcp2515-gpio4_d1.dtbo
  DTC     arch/arm64/boot/dts/rockchip/overlay/rk3568-spi3-m1-cs0-spidev.dtbo
  DTC     arch/arm64/boot/dts/rockchip/overlay/rk3568-spi3-m1-cs1-spidev.dtbo
  DTC     arch/arm64/boot/dts/rockchip/overlay/rk3568-uart0.dtbo
  DTC     arch/arm64/boot/dts/rockchip/overlay/rk3568-uart1-m1-full.dtbo
  DTC     arch/arm64/boot/dts/rockchip/overlay/rk3568-uart2-m0.dtbo
  CC      arch/arm64/crypto/aes-ce-ccm-glue.o
  DTC     arch/arm64/boot/dts/rockchip/overlay/rk3568-uart3-m0.dtbo
  DTC     arch/arm64/boot/dts/rockchip/overlay/rk3568-uart3-m1.dtbo
  AS      arch/arm64/kernel/entry.o
  DTC     arch/arm64/boot/dts/rockchip/overlay/rk3568-uart4-m1.dtbo
  AS      arch/arm64/crypto/aes-ce-ccm-core.o
  DTC     arch/arm64/boot/dts/rockchip/overlay/rk3568-uart5-m0-full.dtbo
  HOSTCC  certs/extract-cert
  DTC     arch/arm64/boot/dts/rockchip/overlay/rk3568-uart5-m1.dtbo
  DTC     arch/arm64/boot/dts/rockchip/overlay/rk3568-uart7-m1.dtbo
  CC      kernel/locking/semaphore.o
  DTC     arch/arm64/boot/dts/rockchip/overlay/rk3568-uart7-m2.dtbo
  DTC     arch/arm64/boot/dts/rockchip/overlay/rk3568-uart8-m1.dtbo
  CC      arch/arm64/crypto/aes-glue-ce.o
  CC      arch/arm64/kernel/irq.o
  DTC     arch/arm64/boot/dts/rockchip/overlay/rk3568-uart9-m1.dtbo
  DTC     arch/arm64/boot/dts/rockchip/overlay/rk3568-w1-gpio3-a5.dtbo
  AR      arch/arm64/kvm/hyp/vhe/built-in.a
  CC      arch/arm64/mm/flush.o
  CC      arch/arm64/mm/ioremap.o
  DTC     arch/arm64/boot/dts/rockchip/overlay/rk3568-w1-gpio3-d1.dtbo
  CC      arch/arm64/mm/mmap.o
  AR      arch/arm64/kernel/probes/built-in.a
  CC      ipc/util.o
  CC      fs/notify/inotify/inotify_user.o
  CC      kernel/power/suspend.o
  DTC     arch/arm64/boot/dts/rockchip/rk3566-evb5-lp4x-v10.dtb
  CERT    certs/x509_certificate_list
  CERT    certs/signing_key.x509
  AS      certs/system_certificates.o
  CC      fs/notify/fanotify/fanotify.o
  AR      certs/built-in.a
  CC      kernel/power/poweroff.o
  DTC     arch/arm64/boot/dts/rockchip/rk3566-orangepi-3b.dtb
  CC      arch/arm64/kvm/hyp/nvhe/early_alloc.nvhe.o
  CC      init/version.o
  CC      kernel/printk/printk_safe.o
  DTC     arch/arm64/boot/dts/rockchip/rk3566-radxa-zero3.dtb
  CC      fs/crypto/crypto.o
  DTC     arch/arm64/boot/dts/rockchip/rk3566-radxa-zero3-ap6212.dtb
  DTC     arch/arm64/boot/dts/rockchip/rk3566-rk817-eink.dtb
  CC      arch/arm64/kvm/../../../virt/kvm/eventfd.o
  CC      kernel/irq/irqdesc.o
  CC      kernel/irq/handle.o
  CC      kernel/irq/manage.o
  DTC     arch/arm64/boot/dts/rockchip/rk3566-rk817-eink-w6.dtb
  CC      kernel/printk/printk_ringbuffer.o
  CC      arch/arm64/mm/pgd.o
  CC      kernel/locking/rwsem.o
  DTC     arch/arm64/boot/dts/rockchip/rk3566-rk817-eink-w103.dtb
  CC      arch/arm64/kernel/fpsimd.o
  AR      kernel/sched/built-in.a
  CC      arch/arm64/kernel/entry-common.o
  DTC     arch/arm64/boot/dts/rockchip/rk3566-rk817-tablet.dtb
  AS      arch/arm64/crypto/aes-ce.o
  CC      ipc/msgutil.o
  AR      init/built-in.a
  CC      ipc/msg.o
  DTC     arch/arm64/boot/dts/rockchip/rk3566-rk817-tablet-k108.dtb
  CC      arch/arm64/crypto/sha256-glue.o
  ASN.1   security/keys/trusted-keys/tpm2key.asn1.[ch]
  CC [M]  security/keys/trusted-keys/trusted_core.o
  CC      arch/arm64/kvm/../../../virt/kvm/binary_stats.o
  CC [M]  security/keys/trusted-keys/trusted_tpm1.o
  AR      fs/notify/inotify/built-in.a
  CC      fs/notify/fanotify/fanotify_user.o
  CC      fs/notify/fsnotify.o
  DTC     arch/arm64/boot/dts/rockchip/rk3566-rk817-tablet-rkg11.dtb
  CC      kernel/printk/sysctl.o
  CC      arch/arm64/kvm/hyp/nvhe/page_alloc.nvhe.o
  AS      arch/arm64/kvm/hyp/nvhe/cache.nvhe.o
  DTC     arch/arm64/boot/dts/rockchip/rk3566-rk817-tablet-v10.dtb
  DTC     arch/arm64/boot/dts/rockchip/rk3567-evb2-lp4x-v10.dtb
  CC      arch/arm64/kvm/hyp/nvhe/setup.nvhe.o
  CC      mm/mempool.o
  CC      arch/arm64/mm/mmu.o
  DTC     arch/arm64/boot/dts/rockchip/rk3567-evb2-lp4x-v10-dual-channel-lvds.dtb
  DTC     arch/arm64/boot/dts/rockchip/rk3567-evb2-lp4x-v10-one-vp-two-single-channel-lvds.dtb
  AR      kernel/printk/built-in.a
  CC      kernel/power/energy_model.o
  CC      kernel/locking/percpu-rwsem.o
  CC      kernel/locking/spinlock.o
  DTC     arch/arm64/boot/dts/rockchip/rk3567-evb2-lp4x-v10-single-channel-lvds.dtb
  CC      fs/crypto/fname.o
  PERLASM arch/arm64/crypto/sha256-core.S
  CC      ipc/sem.o
  CC      kernel/irq/spurious.o
  DTC     arch/arm64/boot/dts/rockchip/rk3567-evb2-lp4x-v10-two-vp-two-separate-single-channel-lvds.dtb
  AS      arch/arm64/kernel/entry-fpsimd.o
  CC      kernel/irq/resend.o
  CC      fs/notify/notification.o
  DTC     arch/arm64/boot/dts/rockchip/rk3568-evb-rk628-hdmi2bt1120-ddr4-v10.dtb
  CC      arch/arm64/kvm/../../../virt/kvm/vfio.o
  CC      fs/crypto/hkdf.o
  AS [M]  arch/arm64/crypto/chacha-neon-core.o
  CC [M]  arch/arm64/crypto/chacha-neon-glue.o
  DTC     arch/arm64/boot/dts/rockchip/rk3568-evb-rk628-hdmi2dsi-ddr4-v10.dtb
  CC      arch/arm64/kernel/process.o
  CC      arch/arm64/kvm/hyp/nvhe/mm.nvhe.o
  CC      kernel/irq/chip.o
  CC      kernel/irq/dummychip.o
  DTC     arch/arm64/boot/dts/rockchip/rk3568-evb-rk628-hdmi2dsi-dual-ddr4-v10.dtb
  DTC     arch/arm64/boot/dts/rockchip/rk3568-evb-rk628-hdmi2gvi-ddr4-v10.dtb
  CC      mm/oom_kill.o
  AR      fs/notify/fanotify/built-in.a
  CC      arch/arm64/kvm/hyp/nvhe/mem_protect.nvhe.o
  CC      arch/arm64/kvm/hyp/nvhe/sys_regs.nvhe.o
  CC      arch/arm64/kvm/hyp/nvhe/pkvm.nvhe.o
  CC      arch/arm64/kvm/hyp/nvhe/stacktrace.nvhe.o
  DTC     arch/arm64/boot/dts/rockchip/rk3568-evb-rk628-hdmi2lvds-ddr4-v10.dtb
  CC [M]  security/keys/trusted-keys/trusted_tpm2.o
  PERLASM arch/arm64/crypto/poly1305-core.S
  CC      kernel/irq/devres.o
  DTC     arch/arm64/boot/dts/rockchip/rk3568-evb-rk628-hdmi2lvds-dual-ddr4-v10.dtb
  CC [M]  arch/arm64/crypto/poly1305-glue.o
  CC      fs/crypto/hooks.o
  CC      kernel/locking/osq_lock.o
  DTC     arch/arm64/boot/dts/rockchip/rk3568-evb-rk628-rgb2dsi-ddr4-v10.dtb
  AR      kernel/power/built-in.a
  CC      mm/fadvise.o
  DTC     arch/arm64/boot/dts/rockchip/rk3568-evb-rk628-rgb2gvi-ddr4-v10.dtb
  DTC     arch/arm64/boot/dts/rockchip/rk3568-evb-rk628-rgb2hdmi-ddr4-v10.dtb
  CC      crypto/asymmetric_keys/asymmetric_type.o
  CC      crypto/asymmetric_keys/restrict.o
  CC      crypto/asymmetric_keys/signature.o
  CC      crypto/asymmetric_keys/public_key.o
  DTC     arch/arm64/boot/dts/rockchip/rk3568-evb-rk628-rgb2lvds-ddr4-v10.dtb
  CC      arch/arm64/mm/context.o
  CC      ipc/shm.o
  CC      fs/notify/group.o
  CC      arch/arm64/kvm/hyp/nvhe/../vgic-v3-sr.nvhe.o
  CC      kernel/locking/qspinlock.o
  CC      kernel/irq/generic-chip.o
  DTC     arch/arm64/boot/dts/rockchip/rk3568-evb-rk628-rgb2lvds-dual-ddr4-v10.dtb
  AS [M]  arch/arm64/crypto/poly1305-core.o
  CC      kernel/irq/autoprobe.o
  DTC     arch/arm64/boot/dts/rockchip/rk3568-evb1-ddr4-v10.dtb
  CC      fs/crypto/keyring.o
  AS      arch/arm64/crypto/sha256-core.o
  LD [M]  arch/arm64/crypto/chacha-neon.o
  CC      arch/arm64/kvm/hyp/nvhe/../aarch32.nvhe.o
  AR      arch/arm64/crypto/built-in.a
  CC      arch/arm64/kernel/ptrace.o
  DTC     arch/arm64/boot/dts/rockchip/rk3568-evb1-ddr4-v10-dual-camera.dtb
  DTC     arch/arm64/boot/dts/rockchip/rk3568-evb1-ddr4-v10-edp-panel.dtb
  CC [M]  security/keys/trusted-keys/tpm2key.asn1.o
  CC [M]  security/keys/trusted-keys/trusted_tee.o
  LD [M]  arch/arm64/crypto/poly1305-neon.o
  CC      kernel/irq/irqdomain.o
  CC      kernel/irq/irq_sim.o
  CC      arch/arm64/kernel/setup.o
  DTC     arch/arm64/boot/dts/rockchip/rk3568-evb1-ddr4-v10-one-vp-two-single-channel-lvds.dtb
  CC      arch/arm64/kvm/../../../virt/kvm/coalesced_mmio.o
  CC      arch/arm64/kvm/../../../virt/kvm/irqchip.o
  CC      mm/maccess.o
  DTC     arch/arm64/boot/dts/rockchip/rk3568-evb1-ddr4-v10-one-vp-two-single-channel-lvds-linux.dtb
  DTC     arch/arm64/boot/dts/rockchip/rk3568-evb1-ddr4-v10-linux.dtb
  CC      kernel/locking/rtmutex_api.o
  AS      arch/arm64/mm/proc.o
  CC      fs/notify/mark.o
  DTC     arch/arm64/boot/dts/rockchip/rk3568-evb1-ddr4-v10-linux-amp.dtb
  DTC     arch/arm64/boot/dts/rockchip/rk3568-evb1-ddr4-v10-linux-spi-nor.dtb
  CC [M]  security/keys/encrypted-keys/encrypted.o
  ASN.1   crypto/asymmetric_keys/x509.asn1.[ch]
  ASN.1   crypto/asymmetric_keys/x509_akid.asn1.[ch]
  CC      crypto/asymmetric_keys/x509_loader.o
  CC [M]  crypto/async_tx/async_tx.o
  CC      crypto/asymmetric_keys/x509_public_key.o
  DTC     arch/arm64/boot/dts/rockchip/rk3568-evb1-ddr4-v10-single-channel-lvds.dtb
  CC      fs/notify/fdinfo.o
  CC      kernel/rcu/update.o
  CC      ipc/syscall.o
  CC      arch/arm64/mm/pageattr.o
  DTC     arch/arm64/boot/dts/rockchip/rk3568-evb1-ddr4-v10-two-vp-two-separate-single-channel-lvds.dtb
  CC      arch/arm64/kvm/hyp/nvhe/../vgic-v2-cpuif-proxy.nvhe.o
  CC      fs/crypto/keysetup.o
  LD [M]  security/keys/trusted-keys/trusted.o
  CC      ipc/ipc_sysctl.o
  DTC     arch/arm64/boot/dts/rockchip/rk3568-evb2-lp4x-v10.dtb
  ASN.1   crypto/asymmetric_keys/pkcs7.asn1.[ch]
  CC      block/partitions/core.o
  CC      crypto/asymmetric_keys/pkcs7_trust.o
  CC      kernel/locking/spinlock_debug.o
  DTC     arch/arm64/boot/dts/rockchip/rk3568-evb2-lp4x-v10-bt1120-to-hdmi.dtb
  CC [M]  crypto/async_tx/async_memcpy.o
  CC [M]  crypto/async_tx/async_xor.o
  CC [M]  crypto/async_tx/async_pq.o
  DTC     arch/arm64/boot/dts/rockchip/rk3568-evb4-lp3-v10.dtb
  DTC     arch/arm64/boot/dts/rockchip/rk3568-evb5-ddr4-v10.dtb
  CC      arch/arm64/kernel/signal.o
  CC      fs/crypto/keysetup_v1.o
  DTC     arch/arm64/boot/dts/rockchip/rk3568-evb6-ddr3-v10.dtb
  GEN     security/selinux/flask.h security/selinux/av_permissions.h
  CC      security/selinux/avc.o
  CC      security/selinux/hooks.o
  CC      mm/page-writeback.o
  DTC     arch/arm64/boot/dts/rockchip/rk3568-evb6-ddr3-v10-linux.dtb
  DTC     arch/arm64/boot/dts/rockchip/rk3568-evb6-ddr3-v10-rk630-bt656-to-cvbs.dtb
  CC      kernel/irq/proc.o
  CC      ipc/mqueue.o
  CC      arch/arm64/mm/hugetlbpage.o
  CC      security/apparmor/apparmorfs.o
  CC      kernel/locking/qrwlock.o
  DTC     arch/arm64/boot/dts/rockchip/rk3568-evb7-ddr4-v10.dtb
  CC      ipc/namespace.o
  CC      crypto/asymmetric_keys/pkcs7_verify.o
  AR      fs/notify/built-in.a
  DTC     arch/arm64/boot/dts/rockchip/rk3568-evb8-lp4-v10.dtb
  AS      arch/arm64/kvm/hyp/nvhe/../entry.nvhe.o
  AS      arch/arm64/kvm/hyp/nvhe/../fpsimd.nvhe.o
  AS      arch/arm64/kvm/hyp/nvhe/../hyp-entry.nvhe.o
  DTC     arch/arm64/boot/dts/rockchip/rk3568-evb8-lp4-v10-linux.dtb
  CC      arch/arm64/kvm/hyp/nvhe/../exception.nvhe.o
  CC [M]  crypto/async_tx/async_raid6_recov.o
  CC      security/keys/gc.o
  CC      arch/arm64/kernel/sys.o
  DTC     arch/arm64/boot/dts/rockchip/rk3568-hinlink-h66k.dtb
  CC [M]  security/keys/encrypted-keys/ecryptfs_format.o
  CC [M]  security/keys/encrypted-keys/masterkey_trusted.o
  DTC     arch/arm64/boot/dts/rockchip/rk3568-hinlink-h68k.dtb
  CC      fs/crypto/policy.o
  CC      security/apparmor/audit.o
  CC      fs/crypto/bio.o
  CC      kernel/irq/cpuhotplug.o
  DTC     arch/arm64/boot/dts/rockchip/rk3568-hinlink-hnas.dtb
  AR      kernel/livepatch/built-in.a
  CC      arch/arm64/mm/mteswap.o
  CC      block/partitions/amiga.o
  CC      kernel/dma/mapping.o
  CC      block/partitions/atari.o
  DTC     arch/arm64/boot/dts/rockchip/rk3568-iotest-ddr3-v10.dtb
  CC      crypto/asymmetric_keys/x509.asn1.o
  CC      kernel/rcu/sync.o
  CC      crypto/asymmetric_keys/x509_akid.asn1.o
  DTC     arch/arm64/boot/dts/rockchip/rk3568-iotest-ddr3-v10-linux.dtb
  CC      crypto/asymmetric_keys/x509_cert_parser.o
  DTC     arch/arm64/boot/dts/rockchip/rk3568-nvr-demo-v10.dtb
  DTC     arch/arm64/boot/dts/rockchip/rk3568-nvr-demo-v10-linux.dtb
  DTC     arch/arm64/boot/dts/rockchip/rk3568-nvr-demo-v10-linux-spi-nand.dtb
  AR      kernel/locking/built-in.a
  CC      arch/arm64/kernel/stacktrace.o
  CC      ipc/mq_sysctl.o
  CC      arch/arm64/kernel/time.o
  CC      fs/nfs_common/nfsacl.o
  DTC     arch/arm64/boot/dts/rockchip/rk3568-nvr-demo-v12-linux.dtb
  CC      arch/arm64/kernel/traps.o
  CC      arch/arm64/kvm/hyp/nvhe/../pgtable.nvhe.o
  AS      arch/arm64/kvm/hyp/nvhe/../../../lib/clear_page.nvhe.o
  DTC     arch/arm64/boot/dts/rockchip/rk3568-nvr-demo-v12-linux-spi-nand.dtb
  CC      kernel/rcu/srcutree.o
  DTC     arch/arm64/boot/dts/rockchip/rk3568-pcie-ep-lp4x-v10-linux.dtb
  LD [M]  security/keys/encrypted-keys/encrypted-keys.o
  CC      security/keys/key.o
  CC      kernel/irq/pm.o
  CC      security/selinux/selinuxfs.o
  CC      kernel/irq/msi.o
  DTC     arch/arm64/boot/dts/rockchip/rk3568-odroid-m1.dtb
  CC      crypto/asymmetric_keys/pkcs7.asn1.o
  AS      arch/arm64/kvm/hyp/nvhe/../../../lib/copy_page.nvhe.o
  AR      arch/arm64/mm/built-in.a
  CC      crypto/asymmetric_keys/pkcs7_parser.o
  CC      block/partitions/aix.o
  DTC     arch/arm64/boot/dts/rockchip/rk3568-radxa-e25.dtb
  AS      arch/arm64/kvm/hyp/nvhe/../../../lib/memcpy.nvhe.o
  AS      arch/arm64/kvm/hyp/nvhe/../../../lib/memset.nvhe.o
  AR      ipc/built-in.a
  CC      kernel/rcu/tree.o
  CC      kernel/rcu/rcu_segcblist.o
  CC      mm/folio-compat.o
  DTC     arch/arm64/boot/dts/rockchip/rk3568-rock-3a.dtb
  CC      mm/readahead.o
  CC      mm/swap.o
  CC      crypto/api.o
  GEN     security/apparmor/capability_names.h
  CC      security/apparmor/task.o
  CC      crypto/cipher.o
  DTC     arch/arm64/boot/dts/rockchip/rk3568-yy3568.dtb
  AR      fs/crypto/built-in.a
  CC      arch/arm64/kernel/io.o
/home/wanpublic/ubuntu-rockchip/build/linux-rockchip/arch/arm64/boot/dts/rockchip/rk3568-yy3568.dts:757.26-767.4: Warning (i2c_bus_reg): /i2c@fe5e0000/mxc6655xa@15: missing or empty reg property
  HOSTCC  arch/arm64/kvm/hyp/nvhe/gen-hyprel
  DTC     arch/arm64/boot/dts/rockchip/rk3568-toybrick-sd0-android.dtb
  CC      kernel/dma/direct.o
  DTC     arch/arm64/boot/dts/rockchip/rk3568-toybrick-sd0-linux.dtb
  DTC     arch/arm64/boot/dts/rockchip/rk3568-toybrick-x0-android.dtb
  CC      kernel/entry/kvm.o
  CC      fs/nfs_common/grace.o
  CC      arch/arm64/kernel/vdso.o
  CC      kernel/irq/ipi.o
  CC      security/selinux/netlink.o
  DTC     arch/arm64/boot/dts/rockchip/rk3568-toybrick-x0-linux.dtb
  DTC     arch/arm64/boot/dts/rockchip/rk3588-bananapi-m7.dtb
  LD      arch/arm64/kvm/hyp/nvhe/kvm_nvhe.tmp.o
  HYPREL  arch/arm64/kvm/hyp/nvhe/hyp-reloc.S
  AS      arch/arm64/kvm/hyp/nvhe/hyp-reloc.o
  LD      arch/arm64/kvm/hyp/nvhe/kvm_nvhe.rel.o
  HYPCOPY arch/arm64/kvm/hyp/nvhe/kvm_nvhe.o
  CC      io_uring/io_uring.o
  AR      arch/arm64/kvm/hyp/nvhe/built-in.a
  AR      arch/arm64/kvm/hyp/built-in.a
  CC      block/partitions/cmdline.o
  CC      arch/arm64/kvm/arm.o
  CC      arch/arm64/kvm/mmu.o
  DTC     arch/arm64/boot/dts/rockchip/rk3588-blade3-v101-linux.dtb
  CC      crypto/compress.o
  CC      security/keys/keyring.o
  AR      crypto/asymmetric_keys/built-in.a
  CC      mm/truncate.o
  CC      mm/vmscan.o
  DTC     arch/arm64/boot/dts/rockchip/rk3588-mixtile-blade3.dtb
  DTC     arch/arm64/boot/dts/rockchip/rk3588-blueberry-edge-v10-linux.dtb
  CC      mm/shmem.o
  CC      block/partitions/mac.o
  CC      kernel/dma/ops_helpers.o
  CC      security/selinux/nlmsgtab.o
  DTC     arch/arm64/boot/dts/rockchip/rk3588-blueberry-edge-v12-linux.dtb
  DTC     arch/arm64/boot/dts/rockchip/rk3588-blueberry-edge-v12-maizhuo-linux.dtb
  CC      security/selinux/netif.o
  CC      security/apparmor/ipc.o
  AS      arch/arm64/kernel/hyp-stub.o
  DTC     arch/arm64/boot/dts/rockchip/rk3588-blueberry-edge-v14-linux.dtb
  CC      fs/iomap/trace.o
  CC      security/selinux/netnode.o
  CC      kernel/irq/affinity.o
  CC      crypto/crypto_engine.o
  CC      arch/arm64/kernel/psci.o
  DTC     arch/arm64/boot/dts/rockchip/rk3588-blueberry-minipc-linux.dtb
  DTC     arch/arm64/boot/dts/rockchip/rk3588-blueberry-minipc-mizhuo-linux.dtb
  CC      crypto/algapi.o
  CC      crypto/scatterwalk.o
  CC      arch/arm64/kernel/cpu_ops.o
  DTC     arch/arm64/boot/dts/rockchip/rk3568m-serdes-evb-camera-csi-v10.dtb
  CC      fs/nfs_common/nfs_ssc.o
  AR      kernel/entry/built-in.a
  CC      mm/util.o
  CC      kernel/dma/dummy.o
  CC      block/partitions/ldm.o
  DTC     arch/arm64/boot/dts/rockchip/rk3568m-serdes-evb-camera-dvp-v10.dtb
  DTC     arch/arm64/boot/dts/rockchip/rk3568m-serdes-evb-display-dsi0-command2dsi-lp4x-v10.dtb
  CC      security/selinux/netport.o
  CC      security/selinux/status.o
  AR      kernel/irq/built-in.a
  CC      crypto/proc.o
  CC      security/selinux/ss/ebitmap.o
  DTC     arch/arm64/boot/dts/rockchip/rk3568m-serdes-evb-display-dsi0-command2lvds0-lp4x-v10.dtb
  CC      block/bdev.o
  DTC     arch/arm64/boot/dts/rockchip/rk3568m-serdes-evb-display-dsi0-command2rgb-lp4x-v10.dtb
  CC      security/keys/keyctl.o
  CC      fs/iomap/iter.o
  CC      arch/arm64/kvm/mmio.o
  CC      kernel/dma/contiguous.o
  CC      crypto/aead.o
  AR      kernel/rcu/built-in.a
  DTC     arch/arm64/boot/dts/rockchip/rk3568m-serdes-evb-display-dsi1-command2dsi-lp4x-v10.dtb
  CC      security/apparmor/lib.o
  DTC     arch/arm64/boot/dts/rockchip/rk3568m-serdes-evb-display-dsi1-command2lvds0-lp4x-v10.dtb
  CC      arch/arm64/kernel/return_address.o
  CC      kernel/module/main.o
  CC      arch/arm64/kernel/cpuinfo.o
  CC      kernel/dma/coherent.o
  DTC     arch/arm64/boot/dts/rockchip/rk3568m-serdes-evb-display-dsi1-command2rgb-lp4x-v10.dtb
  DTC     arch/arm64/boot/dts/rockchip/rk3568m-serdes-evb-display-rgb2dsi-lp4x-v10.dtb
  CC      io_uring/xattr.o
  CC      fs/quota/dquot.o
  CC      block/partitions/msdos.o
  DTC     arch/arm64/boot/dts/rockchip/rk3568m-serdes-evb-display-rgb2lvds-lp4x-v10.dtb
  DTC     arch/arm64/boot/dts/rockchip/rk3568m-serdes-evb-display-rgb2rgb-lp4x-v10.dtb
  DTC     arch/arm64/boot/dts/rockchip/rk3568m-serdes-evb-display-lvds2lvds-lp4x-v10.dtb
  CC      io_uring/nop.o
  DTC     arch/arm64/boot/dts/rockchip/rk3568m-serdes-evb-display-lvds2rgb-lp4x-v10.dtb
  CC      fs/iomap/buffered-io.o
  CC      security/apparmor/match.o
  CC      block/fops.o
  CC      security/selinux/ss/hashtab.o
  DTC     arch/arm64/boot/dts/rockchip/rk3568m-serdes-v1-evb-display-dsi0-command2dsi-lp4x-v10.dtb
  CC      arch/arm64/kernel/cpu_errata.o
  CC      block/bio.o
  CC      block/elevator.o
  CC      kernel/dma/swiotlb.o
  AR      fs/nfs_common/built-in.a
  CC      security/keys/permission.o
  DTC     arch/arm64/boot/dts/rockchip/rk3568m-serdes-v1-evb-display-dsi0-command2dual_lvds-lp4x-v10.dtb
  CC      security/keys/process_keys.o
  CC      arch/arm64/kvm/psci.o
  CC      mm/mmzone.o
  DTC     arch/arm64/boot/dts/rockchip/rk3568m-serdes-v1-evb-display-dsi0-command2lvds0-lp4x-v10.dtb
  CC      mm/vmstat.o
  CC      security/selinux/ss/symtab.o
  CC      security/keys/request_key.o
  DTC     arch/arm64/boot/dts/rockchip/rk3568m-serdes-v1-evb-display-dsi0-dsi1-command2dual_lvdsx2-lp4x-v10.dtb
  DTC     arch/arm64/boot/dts/rockchip/rk3568m-serdes-v1-evb-display-dsi1-command2dsi-lp4x-v10.dtb
  DTC     arch/arm64/boot/dts/rockchip/rk3568m-serdes-v1-evb-display-dsi1-command2dual_lvds-lp4x-v10.dtb
  DTC     arch/arm64/boot/dts/rockchip/rk3568m-serdes-v1-evb-display-dsi1-command2lvds0-lp4x-v10.dtb
  CC      crypto/geniv.o
  CC      block/partitions/osf.o
  CC      block/partitions/sgi.o
  CC      block/partitions/sun.o
  CC      security/integrity/iint.o
  CC      security/commoncap.o
  DTC     arch/arm64/boot/dts/rockchip/rk3568m-serdes-v1-evb-display-lvds2dsi-lp4x-v10.dtb
  CC      security/apparmor/path.o
  CC      io_uring/fs.o
  CC      arch/arm64/kernel/cpufeature.o
  DTC     arch/arm64/boot/dts/rockchip/rk3568m-serdes-v1-evb-display-lvds2dual-lvds-lp4x-v10.dtb
  CC      security/selinux/ss/sidtab.o
  CC      security/selinux/ss/avtab.o
  DTC     arch/arm64/boot/dts/rockchip/rk3568m-serdes-v1-evb-display-lvds2dual-lvds-vehicle-lp4x-v10.dtb
  CC      fs/quota/quota.o
  DTC     arch/arm64/boot/dts/rockchip/rk3568m-serdes-v1-evb-display-lvds2lvds-lp4x-v10.dtb
  CC      arch/arm64/kvm/hypercalls.o
  CC      arch/arm64/kvm/pvtime.o
  CC      kernel/module/strict_rwx.o
  DTC     arch/arm64/boot/dts/rockchip/rk3568m-serdes-v1-evb-display-lvds2rgb-lp4x-v10.dtb
  CC      security/integrity/integrity_audit.o
  DTC     arch/arm64/boot/dts/rockchip/rk3568m-serdes-v1-evb-display-rgb2dsi-lp4x-v10.dtb
  CC      security/keys/request_key_auth.o
  CC      security/keys/user_defined.o
  CC      block/partitions/ultrix.o
  CC      fs/iomap/direct-io.o
  DTC     arch/arm64/boot/dts/rockchip/rk3568m-serdes-v1-evb-display-rgb2dual-lvds-lp4x-v10.dtb
  CC      crypto/skcipher.o
  CC      crypto/ahash.o
  DTC     arch/arm64/boot/dts/rockchip/rk3568m-serdes-v1-evb-display-rgb2dual-lvds-vehicle-lp4x-v10.dtb
  DTC     arch/arm64/boot/dts/rockchip/rk3568m-serdes-v1-evb-display-rgb2lvds-lp4x-v10.dtb
  CC      kernel/dma/pool.o
  CC      io_uring/splice.o
  CC      kernel/dma/remap.o
  CC      io_uring/sync.o
  CC      fs/iomap/fiemap.o
  DTC     arch/arm64/boot/dts/rockchip/rk3568m-serdes-v1-evb-display-rgb2rgb-lp4x-v10.dtb
  CC      block/partitions/efi.o
  CC      kernel/module/tree_lookup.o
  DTC     arch/arm64/boot/dts/rockchip/rk3568m-serdes-v1-evb-display-super-frame-dsi0-command2dsi-lp4x-v10.dtb
  CC      security/apparmor/domain.o
  CC      mm/backing-dev.o
  CC      security/selinux/ss/policydb.o
  CC      security/selinux/ss/services.o
  AR      security/integrity/built-in.a
  CC      security/selinux/ss/conditional.o
  CC      mm/mm_init.o
  DTC     arch/arm64/boot/dts/rockchip/rk3568m-serdes-v1-evb-display-super-frame-dsi0-command2lvds0-lp4x-v10.dtb
  CC      fs/quota/kqid.o
  CC      security/keys/compat.o
  CC      arch/arm64/kvm/inject_fault.o
  CC      security/selinux/ss/mls.o
  DTC     arch/arm64/boot/dts/rockchip/rk3576-armsom-cm5-io.dtb
  DTC     arch/arm64/boot/dts/rockchip/rk3576-armsom-sige5.dtb
  CC      fs/iomap/seek.o
  CC      fs/iomap/swapfile.o
  DTC     arch/arm64/boot/dts/rockchip/rk3576-ebook-color-v10.dtb
  CC      kernel/module/kallsyms.o
  AR      kernel/dma/built-in.a
  CC      kernel/module/procfs.o
  CC      arch/arm64/kernel/alternative.o
  CC      kernel/time/time.o
  CC      kernel/time/timer.o
  CC      io_uring/advise.o
  DTC     arch/arm64/boot/dts/rockchip/rk3576-ebook-v10.dtb
  CC      block/partitions/karma.o
  CC      block/partitions/sysv68.o
  DTC     arch/arm64/boot/dts/rockchip/rk3576-ebook-x3-v10.dtb
  CC      security/keys/proc.o
  CC      arch/arm64/kvm/va_layout.o
  CC      crypto/shash.o
  CC      fs/quota/netlink.o
  DTC     arch/arm64/boot/dts/rockchip/rk3576-evb1-v10.dtb
  CC      kernel/module/sysfs.o
  CC      security/selinux/ss/context.o
  CC      kernel/module/kdb.o
  CC      io_uring/filetable.o
  CC      crypto/akcipher.o
  CC      security/min_addr.o
  DTC     arch/arm64/boot/dts/rockchip/rk3576-evb1-v10-android9.dtb
  CC      mm/percpu.o
  DTC     arch/arm64/boot/dts/rockchip/rk3576-evb1-v10-edp-NV140QUM-N61.dtb
  DTC     arch/arm64/boot/dts/rockchip/rk3576-evb1-v10-hdmi2dp.dtb
  CC      security/apparmor/policy.o
  CC      kernel/module/version.o
  CC      crypto/kpp.o
  CC      crypto/dh.o
  AR      block/partitions/built-in.a
  AS      arch/arm64/lib/clear_page.o
  CC      security/keys/sysctl.o
  CC      block/blk-core.o
  CC      arch/arm64/kernel/cacheinfo.o
  AR      fs/iomap/built-in.a
  AS      arch/arm64/lib/clear_user.o
  AS      arch/arm64/lib/copy_from_user.o
  DTC     arch/arm64/boot/dts/rockchip/rk3576-evb1-v10-image-reverse-demo.dtb
  CC      security/selinux/xfrm.o
  CC      arch/arm64/kvm/handle_exit.o
  CC      security/security.o
  CC      crypto/dh_helper.o
  CC      block/blk-sysfs.o
  DTC     arch/arm64/boot/dts/rockchip/rk3576-evb1-v10-ipc-4x-linux.dtb
  CC      fs/proc/task_mmu.o
  CC      security/selinux/netlabel.o
  CC      block/blk-flush.o
  AS      arch/arm64/lib/copy_page.o
  DTC     arch/arm64/boot/dts/rockchip/rk3576-evb1-v10-linux.dtb
  DTC     arch/arm64/boot/dts/rockchip/rk3576-evb1-v10-linux-amp.dtb
  CC [M]  fs/quota/quota_v1.o
  CC      security/keys/keyctl_pkey.o
  CC      io_uring/openclose.o
  CC      io_uring/uring_cmd.o
  CC      io_uring/epoll.o
  CC      io_uring/statx.o
  CC      kernel/time/hrtimer.o
  DTC     arch/arm64/boot/dts/rockchip/rk3576-evb1-v10-lontium-hdmiin.dtb
  CC      arch/arm64/kvm/guest.o
  AR      kernel/module/built-in.a
  ASN.1   crypto/rsapubkey.asn1.[ch]
  ASN.1   crypto/rsaprivkey.asn1.[ch]
  DTC     arch/arm64/boot/dts/rockchip/rk3576-evb1-v10-nvp6324-ahd2csi.dtb
  CC      kernel/futex/core.o
  AS      arch/arm64/lib/copy_to_user.o
  CC      arch/arm64/kernel/smp.o
  CC      lib/math/div64.o
  DTC     arch/arm64/boot/dts/rockchip/rk3576-evb1-v10-pdm.dtb
  CC      crypto/rsa.o
  CC      security/apparmor/policy_unpack.o
  CC      lib/math/gcd.o
  CC [M]  fs/quota/quota_v2.o
  CC      drivers/irqchip/irqchip.o
  CC      block/blk-settings.o
  DTC     arch/arm64/boot/dts/rockchip/rk3576-evb1-v10-rk628-hdmi2csi.dtb
  CC      lib/crypto/memneq.o
  AR      security/keys/built-in.a
  CC      arch/arm64/lib/csum.o
  CC      lib/zlib_inflate/inffast.o
  CC      fs/proc/inode.o
  CC      lib/math/lcm.o
  DTC     arch/arm64/boot/dts/rockchip/rk3576-evb1-v10-tp2815-ahd2csi.dtb
  DTC     arch/arm64/boot/dts/rockchip/rk3576-evb2-v10.dtb
  CC      lib/math/int_pow.o
  CC      lib/zlib_inflate/inflate.o
  AR      security/selinux/built-in.a
  AR      sound/i2c/other/built-in.a
  AR      sound/i2c/built-in.a
  CC      sound/core/sound.o
  CC      sound/core/init.o
  CC      sound/core/seq/seq.o
  CC      lib/math/int_sqrt.o
  CC      mm/slab_common.o
  CC      io_uring/net.o
  CC      fs/kernfs/mount.o
  DTC     arch/arm64/boot/dts/rockchip/rk3576-evb2-v10-linux.dtb
  CC      kernel/futex/syscalls.o
  CC      crypto/rsa_helper.o
  CC      crypto/rsa-pkcs1pad.o
  CC      lib/math/reciprocal_div.o
  CC [M]  fs/quota/quota_tree.o
  CC      arch/arm64/kvm/debug.o
  CC      lib/zlib_inflate/infutil.o
  DTC     arch/arm64/boot/dts/rockchip/rk3576-industry-evb-v10.dtb
  CC      arch/arm64/lib/delay.o
  CC      arch/arm64/lib/insn.o
  CC      lib/math/rational.o
  DTC     arch/arm64/boot/dts/rockchip/rk3576-iotest-v10.dtb
  CC      kernel/time/timekeeping.o
  CC      fs/proc/root.o
  AS      arch/arm64/lib/memchr.o
  CC      lib/crypto/utils.o
  CC      drivers/irqchip/irq-gic.o
  DTC     arch/arm64/boot/dts/rockchip/rk3576-iotest-v10-edp2dp.dtb
  CC      sound/core/seq/seq_lock.o
  AS      arch/arm64/lib/memcmp.o
  CC      lib/zlib_inflate/inftrees.o
  DTC     arch/arm64/boot/dts/rockchip/rk3576-iotest-v10-linux.dtb
  CC      fs/kernfs/inode.o
  CC      block/blk-ioc.o
  CC      arch/arm64/kernel/smp_spin_table.o
  CC      security/apparmor/procattr.o
  CC      security/apparmor/lsm.o
  CC      lib/zlib_inflate/inflate_syms.o
  CC      kernel/futex/pi.o
  CC      crypto/acompress.o
  CC      crypto/scompress.o
  DTC     arch/arm64/boot/dts/rockchip/rk3576-nvr-v10.dtb
  CC      sound/core/seq/seq_clientmgr.o
  CC      fs/proc/base.o
  CC      arch/arm64/kvm/reset.o
  CC      arch/arm64/kvm/sys_regs.o
  CC      arch/arm64/kvm/stacktrace.o
  AS      arch/arm64/lib/memcpy.o
  AR      fs/quota/built-in.a
  DTC     arch/arm64/boot/dts/rockchip/rk3576-tablet-v10.dtb
  CC      sound/core/seq/seq_memory.o
  CC [M]  lib/math/cordic.o
  CC      io_uring/msg_ring.o
  CC      lib/crypto/chacha.o
  DTC     arch/arm64/boot/dts/rockchip/rk3576-test1-v10.dtb
  CC      kernel/futex/requeue.o
  CC      lib/crypto/aes.o
  CC      drivers/irqchip/irq-gic-common.o
  CC      arch/arm64/kernel/topology.o
  AS      arch/arm64/lib/memset.o
  DTC     arch/arm64/boot/dts/rockchip/rk3576-test1-v10-eink.dtb
  CC      fs/kernfs/dir.o
  CC      lib/crypto/blake2s.o
  CC      mm/compaction.o
  AR      lib/zlib_inflate/built-in.a
  CC      crypto/algboss.o
  DTC     arch/arm64/boot/dts/rockchip/rk3576-test1-v10-linux.dtb
  CC      kernel/time/ntp.o
  CC      block/blk-map.o
  DTC     arch/arm64/boot/dts/rockchip/rk3576-test1-v10-mcu-k350c4516t.dtb
  AS      arch/arm64/lib/strchr.o
  GEN     security/apparmor/rlim_names.h
  CC      arch/arm64/kvm/vgic-sys-reg-v3.o
  CC      kernel/time/clocksource.o
/home/wanpublic/ubuntu-rockchip/build/linux-rockchip/arch/arm64/boot/dts/rockchip/rk3576-test1-v10-mcu-k350c4516t.dts:243.13-251.4: Warning (graph_endpoint): /vop@27d00000/ports/port@2/mcu-timing: graph endpoint node name should be 'endpoint'
  CC      kernel/futex/waitwake.o
  AS      arch/arm64/lib/strcmp.o
  CC      drivers/irqchip/irq-gic-v2m.o
  CC      drivers/irqchip/irq-gic-v3.o
  AR      lib/math/built-in.a
  CC      lib/crypto/blake2s-generic.o
  CC      lib/crypto/des.o
  DTC     arch/arm64/boot/dts/rockchip/rk3576-test1-v10-rgb-Q7050ITH2641AA1T.dtb
  AS      arch/arm64/kernel/smccc-call.o
  CC      arch/arm64/kernel/syscall.o
  CC      io_uring/timeout.o
  DTC     arch/arm64/boot/dts/rockchip/rk3576-test1-v10-rk628-bt1120-2-hdmi.dtb
  CC      fs/proc/generic.o
  CC      security/apparmor/secid.o
  CC      sound/core/seq/seq_queue.o
  CC      fs/proc/array.o
  CC      fs/proc/fd.o
  CC      fs/kernfs/file.o
  AS      arch/arm64/lib/strlen.o
  AS      arch/arm64/lib/strncmp.o
  DTC     arch/arm64/boot/dts/rockchip/rk3576-test1-v10-rk628-hdmi2gvi.dtb
  DTC     arch/arm64/boot/dts/rockchip/rk3576-test1-v10-sii9022-bt1120-to-hdmi.dtb
  AR      kernel/futex/built-in.a
  CC      crypto/testmgr.o
  CC      arch/arm64/kernel/proton-pack.o
  CC      net/core/sock.o
  CC      mm/interval_tree.o
  DTC     arch/arm64/boot/dts/rockchip/rk3576-test1-v10-sii9022-rgb2hdmi.dtb
  CC      mm/list_lru.o
  CC      fs/kernfs/symlink.o
  CC      sound/core/memory.o
  CC      arch/arm64/kvm/fpsimd.o
  AS      arch/arm64/lib/strnlen.o
  AS      arch/arm64/lib/strrchr.o
  DTC     arch/arm64/boot/dts/rockchip/rk3576-test1-v10-vopl-mipi-display-linux.dtb
  CC      kernel/time/jiffies.o
  CC      arch/arm64/kernel/idreg-override.o
  CC      fs/proc/proc_tty.o
  CC      arch/arm64/kernel/idle.o
  DTC     arch/arm64/boot/dts/rockchip/rk3576-test2-v10.dtb
  CC      sound/core/seq/seq_fifo.o
  CC      block/blk-merge.o
  CC      lib/crypto/sha1.o
  CC      io_uring/sqpoll.o
  CC      crypto/cmac.o
  AS      arch/arm64/lib/tishift.o
  DTC     arch/arm64/boot/dts/rockchip/rk3576-test2-v10-linux.dtb
  DTC     arch/arm64/boot/dts/rockchip/rk3576-vehicle-evb-v10.dtb
  CC      arch/arm64/lib/xor-neon.o
  AS      arch/arm64/lib/crc32.o
  CC      security/apparmor/file.o
  CC      net/core/request_sock.o
  CC      fs/proc/cmdline.o
  CC      fs/proc/consoles.o
  DTC     arch/arm64/boot/dts/rockchip/rk3576-vehicle-evb-v10-linux.dtb
  DTC     arch/arm64/boot/dts/rockchip/rk3588-evb1-lp4-v10.dtb
  CC      drivers/irqchip/irq-gic-v3-mbi.o
  CC      arch/arm64/kernel/patching.o
  AR      fs/kernfs/built-in.a
  CC      security/apparmor/policy_ns.o
  CC      kernel/time/timer_list.o
  CC      arch/arm64/kvm/pkvm.o
  CC      fs/proc/cpuinfo.o
  CC      arch/arm64/kernel/sys32.o
  CC      fs/proc/devices.o
  CC      arch/arm64/kernel/signal32.o
  DTC     arch/arm64/boot/dts/rockchip/rk3588-evb1-lp4-v10-dsi-dsc-MV2100UZ1.dtb
  CC      sound/core/seq/seq_prioq.o
  CC      mm/workingset.o
  CC      crypto/hmac.o
  CC      crypto/crypto_null.o
  DTC     arch/arm64/boot/dts/rockchip/rk3588-evb1-lp4-v10-edp-8lanes-M280DCA.dtb
  CC      crypto/md5.o
  CC      lib/crypto/sha256.o
  CC [M]  lib/crypto/libchacha.o
  CC      io_uring/fdinfo.o
  CC      kernel/time/timeconv.o
  DTC     arch/arm64/boot/dts/rockchip/rk3588-evb1-lp4-v10-edp-NV140QUM-N61.dtb
  CC      drivers/irqchip/irq-gic-v3-its.o
  AR      drivers/bus/mhi/host/built-in.a
  AR      drivers/bus/mhi/ep/built-in.a
  CC [M]  drivers/bus/mhi/host/init.o
  CC      fs/proc/interrupts.o
  CC      kernel/time/timecounter.o
  AS      arch/arm64/lib/mte.o
  DTC     arch/arm64/boot/dts/rockchip/rk3588-evb1-lp4-v10-hdmi2dp.dtb
  CC      kernel/time/alarmtimer.o
  CC      sound/core/seq/seq_timer.o
  AR      arch/arm64/lib/lib.a
  CC      sound/core/seq/seq_system.o
  CC      kernel/time/posix-timers.o
  AR      arch/arm64/lib/built-in.a
  CC      arch/arm64/kvm/arch_timer.o
  CC      net/core/skbuff.o
  CC      net/core/datagram.o
  DTC     arch/arm64/boot/dts/rockchip/rk3588-evb1-lp4-v10-ipc-6x-linux.dtb
  CC      block/blk-timeout.o
  CC      mm/debug.o
  CC      arch/arm64/kernel/sys_compat.o
  CC      crypto/sha1_generic.o
  AR      drivers/phy/allwinner/built-in.a
  AR      drivers/phy/amlogic/built-in.a
  AR      drivers/phy/broadcom/built-in.a
  AR      drivers/phy/cadence/built-in.a
  CC      security/apparmor/label.o
  DTC     arch/arm64/boot/dts/rockchip/rk3588-evb1-lp4-v10-linux.dtb
  AR      drivers/phy/freescale/built-in.a
  AR      drivers/phy/hisilicon/built-in.a
  AR      drivers/phy/ingenic/built-in.a
  AR      drivers/phy/intel/built-in.a
  AR      drivers/phy/lantiq/built-in.a
  AR      drivers/phy/marvell/built-in.a
  CC      security/apparmor/mount.o
  AR      drivers/phy/mediatek/built-in.a
  CC      block/blk-lib.o
  AR      drivers/phy/microchip/built-in.a
  AR      drivers/pinctrl/actions/built-in.a
  AR      drivers/phy/motorola/built-in.a
  AR      drivers/pinctrl/bcm/built-in.a
  AR      drivers/phy/mscc/built-in.a
  AR      drivers/pinctrl/cirrus/built-in.a
  CC [M]  lib/crypto/arc4.o
  AR      drivers/phy/qualcomm/built-in.a
  AR      drivers/pinctrl/freescale/built-in.a
  AR      drivers/pinctrl/mediatek/built-in.a
  AR      drivers/phy/ralink/built-in.a
  CC      fs/proc/loadavg.o
  AR      drivers/pinctrl/mvebu/built-in.a
  AR      drivers/phy/renesas/built-in.a
  AR      drivers/pinctrl/nomadik/built-in.a
  DTC     arch/arm64/boot/dts/rockchip/rk3588-evb1-lp4-v10-linux-amp.dtb
  CC      drivers/gpio/gpiolib.o
  AR      drivers/pinctrl/nuvoton/built-in.a
  CC      drivers/phy/rockchip/phy-rockchip-csi2-dphy-hw.o
  AR      drivers/pinctrl/sprd/built-in.a
  AR      drivers/pinctrl/sunplus/built-in.a
  AR      drivers/pinctrl/ti/built-in.a
  CC      drivers/pinctrl/core.o
  CC      io_uring/tctx.o
  CC      io_uring/poll.o
  CC      io_uring/cancel.o
  DTC     arch/arm64/boot/dts/rockchip/rk3588-evb1-lp4-v10-linux-ipc.dtb
  CC      sound/core/seq/seq_ports.o
  DTC     arch/arm64/boot/dts/rockchip/rk3588-evb1-lp4-v10-lt6911uxe.dtb
  AS      arch/arm64/kernel/sigreturn32.o
  AS      arch/arm64/kernel/kuser32.o
  CC [M]  lib/crypto/chacha20poly1305.o
  CC      arch/arm64/kernel/ftrace.o
  CC      crypto/sha256_generic.o
  CC      arch/arm64/kvm/trng.o
  CC      fs/proc/meminfo.o
  DTC     arch/arm64/boot/dts/rockchip/rk3588-evb1-lp4-v10-lt6911uxc-dual-mipi.dtb
  CC [M]  drivers/bus/mhi/host/main.o
  CC [M]  drivers/bus/mhi/host/pm.o
  CC      kernel/time/posix-cpu-timers.o
  CC      kernel/time/posix-clock.o
  DTC     arch/arm64/boot/dts/rockchip/rk3588-evb1-lp4-v10-rk628-hdmi2csi.dtb
  CC      mm/gup.o
  CC      drivers/pinctrl/pinctrl-utils.o
  CC      drivers/irqchip/irq-gic-v3-its-platform-msi.o
  CC      drivers/phy/rockchip/phy-rockchip-csi2-dphy.o
  CC      drivers/pwm/core.o
  DTC     arch/arm64/boot/dts/rockchip/rk3588-evb2-lp4-v10.dtb
  CC      block/blk-mq.o
  CC      io_uring/kbuf.o
  CC      block/blk-mq-tag.o
  CC      sound/core/seq/seq_info.o
  GEN     security/apparmor/net_names.h
  GEN     security/apparmor/net_names.h
  CC      security/apparmor/crypto.o
  DTC     arch/arm64/boot/dts/rockchip/rk3588-evb2-lp4-v10-edp.dtb
  CC      crypto/sha512_generic.o
  AS      arch/arm64/kernel/entry-ftrace.o
  CC      arch/arm64/kernel/module.o
  CC      net/core/stream.o
  CC      fs/proc/stat.o
  DTC     arch/arm64/boot/dts/rockchip/rk3588-evb2-lp4-v10-edp2dp.dtb
  CC      arch/arm64/kvm/vmid.o
  CC      net/core/scm.o
  CC      net/core/gen_stats.o
  DTC     arch/arm64/boot/dts/rockchip/rk3588-evb2-lp4-v10-linux.dtb
  CC [M]  lib/crypto/curve25519-hacl64.o
  CC      drivers/irqchip/irq-gic-v4.o
  DTC     arch/arm64/boot/dts/rockchip/rk3588-evb3-lp5-v10.dtb
  CC      sound/core/seq/seq_dummy.o
  CC      drivers/pinctrl/pinmux.o
  CC      kernel/time/itimer.o
  CC      drivers/gpio/gpiolib-devres.o
  DTC     arch/arm64/boot/dts/rockchip/rk3588-evb3-lp5-v10-edp.dtb
  CC      io_uring/rsrc.o
  CC      arch/arm64/kernel/module-plts.o
  CC      drivers/phy/rockchip/phy-rockchip-dp.o
  CC      arch/arm64/kernel/perf_regs.o
  CC      fs/proc/uptime.o
  CC [M]  drivers/bus/mhi/host/boot.o
  DTC     arch/arm64/boot/dts/rockchip/rk3588-evb3-lp5-v10-edp-linux.dtb
  CC      crypto/sm3.o
  CC      drivers/irqchip/irq-gic-v3-its-pci-msi.o
  CC      arch/arm64/kvm/vgic/vgic.o
  CC      security/apparmor/capability.o
  CC      security/apparmor/resource.o
  CC      drivers/pwm/sysfs.o
  DTC     arch/arm64/boot/dts/rockchip/rk3588-evb3-lp5-v10-linux.dtb
  DTC     arch/arm64/boot/dts/rockchip/rk3588-evb4-lp4-v10.dtb
  CC      mm/mmap_lock.o
  CC      sound/core/seq/seq_midi.o
  CC      drivers/pinctrl/pinconf.o
  CC      block/blk-stat.o
  DTC     arch/arm64/boot/dts/rockchip/rk3588-evb4-lp4-v10-linux.dtb
  CC      fs/proc/util.o
  CC      kernel/time/clockevents.o
  DTC     arch/arm64/boot/dts/rockchip/rk3588-evb5-lp4-v10.dtb
  CC      arch/arm64/kernel/perf_callchain.o
  CC      sound/core/seq/seq_midi_event.o
  CC      drivers/phy/rockchip/phy-rockchip-emmc.o
  CC      block/blk-mq-sysfs.o
  CC      drivers/gpio/gpiolib-legacy.o
  CC [M]  lib/crypto/curve25519-generic.o
  DTC     arch/arm64/boot/dts/rockchip/rk3588-evb5-lp4-v10-linux.dtb
  CC      block/blk-mq-cpumap.o
  CC      drivers/irqchip/irq-partition-percpu.o
  CC      drivers/pwm/pwm-rockchip.o
  CC      net/core/gen_estimator.o
  DTC     arch/arm64/boot/dts/rockchip/rk3588-evb6-lp4-v10.dtb
  CC      drivers/pinctrl/pinconf-generic.o
  CC      drivers/pinctrl/devicetree.o
  CC      fs/proc/version.o
  CC      io_uring/rw.o
  CC      mm/highmem.o
  CC      arch/arm64/kvm/vgic/vgic-init.o
  CC      crypto/blake2b_generic.o
  LD [M]  drivers/bus/mhi/host/mhi.o
  DTC     arch/arm64/boot/dts/rockchip/rk3588-evb6-lp4-v10-linux.dtb
  AR      drivers/bus/mhi/built-in.a
  CC      drivers/bus/simple-pm-bus.o
  CC      security/apparmor/net.o
  CC      io_uring/opdef.o
  DTC     arch/arm64/boot/dts/rockchip/rk3588-evb7-lp4-v10.dtb
  CC      arch/arm64/kernel/perf_event.o
  CC      drivers/phy/rockchip/phy-rockchip-inno-dsidphy.o
  CC      drivers/gpio/gpiolib-of.o
  CC      drivers/gpio/gpiolib-cdev.o
  DTC     arch/arm64/boot/dts/rockchip/rk3588-evb7-lp4-v10-linux.dtb
  AR      sound/core/seq/built-in.a
  CC      sound/core/control.o
  CC [M]  lib/crypto/curve25519.o
  AR      drivers/irqchip/built-in.a
  CC      mm/memory.o
  CC      kernel/time/tick-common.o
  CC      fs/proc/softirqs.o
  CC      drivers/pci/msi/pcidev_msi.o
  DTC     arch/arm64/boot/dts/rockchip/rk3588-evb7-lp4-v10-rk1608-ipc-8x-linux.dtb
  CC      drivers/pci/pcie/portdrv_core.o
  AR      drivers/bus/built-in.a
  CC      mm/mincore.o
  CC      drivers/video/console/dummycon.o
  CC      block/blk-mq-sched.o
  DTC     arch/arm64/boot/dts/rockchip/rk3588-evb7-lp4-v11-linux-ipc.dtb
  CC      crypto/gf128mul.o
  CC      drivers/pinctrl/pinctrl-rk805.o
  CC      arch/arm64/kvm/vgic/vgic-irqfd.o
  CC [M]  drivers/pwm/pwm-rockchip-test.o
  DTC     arch/arm64/boot/dts/rockchip/rk3588-evb7-v11.dtb
  LD [M]  lib/crypto/libarc4.o
  LD [M]  lib/crypto/libchacha20poly1305.o
  LD [M]  lib/crypto/libcurve25519-generic.o
  LD [M]  lib/crypto/libcurve25519.o
  AR      lib/crypto/built-in.a
  CC      crypto/ecb.o
  CC      lib/zlib_deflate/deflate.o
  CC      fs/proc/namespaces.o
  CC      fs/proc/self.o
  CC      net/core/net_namespace.o
  DTC     arch/arm64/boot/dts/rockchip/rk3588-evb7-v11-linux.dtb
  CC      io_uring/notif.o
  CC      drivers/pci/msi/msi.o
  CC      arch/arm64/kernel/hw_breakpoint.o
  CC      drivers/phy/rockchip/phy-rockchip-inno-hdmi-phy.o
  AR      security/apparmor/built-in.a
  CC      security/inode.o
  DTC     arch/arm64/boot/dts/rockchip/rk3588-evb7-v11-rk628-hdmi2csi.dtb
  CC      drivers/pci/pcie/portdrv_pci.o
  CC      drivers/gpio/gpiolib-sysfs.o
  CC      sound/core/misc.o
  DTC     arch/arm64/boot/dts/rockchip/rk3588-fxblox-rk1.dtb
  CC      sound/core/device.o
  AR      drivers/video/console/built-in.a
  CC      kernel/time/tick-broadcast.o
  CC      drivers/pinctrl/pinctrl-rk806.o
  CC      sound/core/info.o
  CC      drivers/video/backlight/backlight.o
  CC      arch/arm64/kvm/vgic/vgic-v2.o
  CC      crypto/cbc.o
  DTC     arch/arm64/boot/dts/rockchip/rk3588-hinlink-h88k.dtb
  CC [M]  drivers/video/backlight/ams369fg06.o
  CC      lib/zlib_deflate/deftree.o
  AR      drivers/pwm/built-in.a
  CC      sound/core/ctljack.o
  CC      fs/proc/thread_self.o
  DTC     arch/arm64/boot/dts/rockchip/rk3588-armsom-w3.dtb
  CC      kernel/time/tick-broadcast-hrtimer.o
  CC      block/ioctl.o
  AS      arch/arm64/kernel/sleep.o
  DTC     arch/arm64/boot/dts/rockchip/rk3588-armsom-aim7.dtb
  CC      lib/zlib_deflate/deflate_syms.o
  CC      io_uring/io-wq.o
  CC      arch/arm64/kernel/suspend.o
  CC      drivers/pci/pcie/rcec.o
  CC      drivers/phy/rockchip/phy-rockchip-inno-usb2.o
  DTC     arch/arm64/boot/dts/rockchip/rk3588-armsom-sige7.dtb
  CC      security/lsm_audit.o
  CC      crypto/cfb.o
  CC      drivers/pci/msi/irqdomain.o
  CC      crypto/cts.o
  DTC     arch/arm64/boot/dts/rockchip/rk3588-nanopc-cm3588-nas.dtb
  CC      fs/proc/proc_sysctl.o
  CC      drivers/pinctrl/pinctrl-rockchip.o
  CC      sound/core/jack.o
/home/wanpublic/ubuntu-rockchip/build/linux-rockchip/arch/arm64/boot/dts/rockchip/rk3588-nanopc-cm3588-nas.dts:475.10-483.4: Warning (pci_device_reg): /pcie@fe180000/pcie@30: PCI unit address format error, expected "0,0"
/home/wanpublic/ubuntu-rockchip/build/linux-rockchip/arch/arm64/boot/dts/rockchip/rk3588-nanopc-cm3588-nas.dts:491.10-500.4: Warning (pci_device_reg): /pcie@fe190000/pcie@40: PCI unit address format error, expected "0,0"
/home/wanpublic/ubuntu-rockchip/build/linux-rockchip/arch/arm64/boot/dts/rockchip/rk3588-nanopc-cm3588-nas.dts:516.10-524.4: Warning (pci_device_reg): /pcie@fe150000/pcie@00: PCI unit address format error, expected "0,0"
/home/wanpublic/ubuntu-rockchip/build/linux-rockchip/arch/arm64/boot/dts/rockchip/rk3588-nanopc-cm3588-nas.dts:535.10-543.4: Warning (pci_device_reg): /pcie@fe160000/pcie@10: PCI unit address format error, expected "0,0"
/home/wanpublic/ubuntu-rockchip/build/linux-rockchip/arch/arm64/boot/dts/rockchip/rk3588-nanopc-cm3588-nas.dts:455.10-463.4: Warning (pci_device_reg): /pcie@fe170000/pcie@20: PCI unit address format error, expected "0,0"
  CC      sound/core/hwdep.o
  CC      drivers/gpio/gpio-mmio.o
  CC      arch/arm64/kvm/vgic/vgic-v3.o
  AR      drivers/idle/built-in.a
  CC [M]  drivers/video/backlight/lcd.o
  CC [M]  drivers/video/backlight/hx8357.o
  DTC     arch/arm64/boot/dts/rockchip/rk3588-nanopc-t6.dtb
  CC      mm/mlock.o
  CC      sound/core/timer.o
  CC      net/core/secure_seq.o
  CC      kernel/time/sched_clock.o
  DTC     arch/arm64/boot/dts/rockchip/rk3588-nanopc-t6-lts.dtb
  CC      drivers/pci/pcie/aspm.o
  CC      arch/arm64/kernel/cpuidle.o
  CC      block/genhd.o
  CC      block/ioprio.o
  AR      lib/zlib_deflate/built-in.a
  CC      lib/reed_solomon/reed_solomon.o
  DTC     arch/arm64/boot/dts/rockchip/rk3588-nvr-demo-v10.dtb
  CC      crypto/xts.o
  DTC     arch/arm64/boot/dts/rockchip/rk3588-nvr-demo-v10-android.dtb
  AR      io_uring/built-in.a
  CC      lib/lzo/lzo1x_compress.o
  CC      crypto/ctr.o
  CC      kernel/time/tick-oneshot.o
  DTC     arch/arm64/boot/dts/rockchip/rk3588-nvr-demo-v10-ipc-4x-linux.dtb
  CC      security/device_cgroup.o
  CC      drivers/phy/rockchip/phy-rockchip-inno-usb3.o
  AR      drivers/pci/msi/built-in.a
  DTC     arch/arm64/boot/dts/rockchip/rk3588-nvr-demo-v10-spi-nand.dtb
  CC      arch/arm64/kernel/kgdb.o
  CC      fs/proc/proc_net.o
  CC      arch/arm64/kvm/vgic/vgic-v4.o
  CC      virt/lib/irqbypass.o
  CC      drivers/gpio/gpio-rockchip.o
  CC [M]  drivers/gpio/gpio-74x164.o
  DTC     arch/arm64/boot/dts/rockchip/rk3588-nvr-demo1-v21.dtb
  DTC     arch/arm64/boot/dts/rockchip/rk3588-nvr-demo1-v21-android.dtb
  CC      block/badblocks.o
  DTC     arch/arm64/boot/dts/rockchip/rk3588-nvr-demo3-v10.dtb
  CC [M]  drivers/video/backlight/ili922x.o
  CC      crypto/gcm.o
  CC      drivers/video/rockchip/rga3/rga_drv.o
  AR      drivers/pinctrl/built-in.a
  CC      block/blk-rq-qos.o
  AR      lib/reed_solomon/built-in.a
  DTC     arch/arm64/boot/dts/rockchip/rk3588-nvr-demo3-v10-android.dtb
  CC      kernel/time/tick-sched.o
  AR      drivers/char/ipmi/built-in.a
  CC      mm/mmap.o
  CC      mm/mmu_gather.o
  CC      drivers/pci/pcie/pme.o
  CC      sound/core/hrtimer.o
  CC      lib/lzo/lzo1x_decompress_safe.o
  DTC     arch/arm64/boot/dts/rockchip/rk3588-pcie-ep-demo-v11.dtb
  CC      block/disk-events.o
  CC      fs/proc/kmsg.o
  CC      arch/arm64/kernel/efi.o
  CC      kernel/time/vsyscall.o
  DTC     arch/arm64/boot/dts/rockchip/rk3588-pcie-ep-demo-v11-linux.dtb
  CC      net/core/flow_dissector.o
  CC [M]  drivers/gpio/gpio-adnp.o
  CC      drivers/phy/rockchip/phy-rockchip-mipi-rx.o
  CC      net/core/sysctl_net_core.o
  AR      virt/lib/built-in.a
  CC      arch/arm64/kvm/vgic/vgic-mmio.o
  AR      virt/built-in.a
  CC      block/blk-ia-ranges.o
  DTC     arch/arm64/boot/dts/rockchip/rk3588-orangepi-5-plus.dtb
  DTC     arch/arm64/boot/dts/rockchip/rk3588-orangepi-5-max.dtb
  CC [M]  drivers/video/backlight/ili9320.o
  CC [M]  drivers/video/backlight/l4f00242t03.o
  CC      fs/proc/page.o
  CC      block/bsg.o
  CC      sound/core/pcm.o
  CC      mm/mprotect.o
  AR      drivers/pci/pcie/built-in.a
  CC      crypto/ccm.o
  AR      drivers/pci/controller/mobiveil/built-in.a
  CC      drivers/pci/controller/dwc/pcie-designware.o
  AS      arch/arm64/kernel/efi-entry.o
  CC      fs/proc/bootconfig.o
  DTC     arch/arm64/boot/dts/rockchip/rk3588-rock-5b.dtb
  AR      security/built-in.a
  DTC     arch/arm64/boot/dts/rockchip/rk3588-rock-5b-plus.dtb
  DTC     arch/arm64/boot/dts/rockchip/rk3588-rock-5-itx.dtb
  AR      lib/lzo/built-in.a
  CC      lib/lz4/lz4_decompress.o
  CC      drivers/video/rockchip/rga3/rga_common.o
  DTC     arch/arm64/boot/dts/rockchip/rk3588-turing-rk1.dtb
  CC      lib/zstd/zstd_compress_module.o
  CC      kernel/time/timekeeping_debug.o
  CC [M]  drivers/gpio/gpio-aggregator.o
  DTC     arch/arm64/boot/dts/rockchip/rk3588-mixtile-core3588e.dtb
  AS      arch/arm64/kernel/efi-rt-wrapper.o
  CC      kernel/time/namespace.o
  CC      drivers/phy/rockchip/phy-rockchip-naneng-combphy.o
  CC      arch/arm64/kvm/vgic/vgic-mmio-v2.o
  CC      arch/arm64/kernel/pci.o
  CC      mm/mremap.o
  DTC     arch/arm64/boot/dts/rockchip/rk3588-toybrick-x0-android.dtb
  CC      lib/xz/xz_dec_syms.o
  CC [M]  drivers/video/backlight/lms283gf05.o
  CC      fs/proc/version_signature.o
  CC [M]  drivers/video/backlight/lms501kf03.o
  DTC     arch/arm64/boot/dts/rockchip/rk3588-toybrick-x0-linux.dtb
  CC      crypto/des_generic.o
  CC      kernel/cgroup/cgroup.o
  DTC     arch/arm64/boot/dts/rockchip/rk3588-vehicle-evb-v10.dtb
  CC      block/bsg-lib.o
  CC      block/blk-cgroup.o
/home/wanpublic/ubuntu-rockchip/build/linux-rockchip/arch/arm64/boot/dts/rockchip/rk3588-vehicle-evb-image-reverse.dtsi:78.15-96.5: Warning (phys_property): /cif_phy/csi2_dcphy0: Missing property '#phy-cells' in node /mipi-dcphy-dummy or bad phandle (referred from phys[0])
/home/wanpublic/ubuntu-rockchip/build/linux-rockchip/arch/arm64/boot/dts/rockchip/rk3588-vehicle-evb-image-reverse.dtsi:97.15-115.5: Warning (phys_property): /cif_phy/csi2_dcphy1: Missing property '#phy-cells' in node /mipi-dcphy-dummy or bad phandle (referred from phys[0])
  CC      sound/core/pcm_native.o
  CC      drivers/video/rockchip/rga3/rga3_reg_info.o
  CC      drivers/video/rockchip/rga3/rga_iommu.o
  CC      block/blk-cgroup-rwstat.o
  CC      block/blk-throttle.o
  CC [M]  drivers/gpio/gpio-aw9110.o
  AR      kernel/time/built-in.a
  CC      drivers/pci/controller/dwc/pcie-designware-host.o
  CC      lib/zstd/compress/fse_compress.o
  CC      lib/zstd/compress/hist.o
  DTC     arch/arm64/boot/dts/rockchip/rk3588-vehicle-evb-v20.dtb
  CC      arch/arm64/kernel/armv8_deprecated.o
/home/wanpublic/ubuntu-rockchip/build/linux-rockchip/arch/arm64/boot/dts/rockchip/rk3588-vehicle-evb-image-reverse.dtsi:78.15-96.5: Warning (phys_property): /cif_phy/csi2_dcphy0: Missing property '#phy-cells' in node /mipi-dcphy-dummy or bad phandle (referred from phys[0])
/home/wanpublic/ubuntu-rockchip/build/linux-rockchip/arch/arm64/boot/dts/rockchip/rk3588-vehicle-evb-image-reverse.dtsi:97.15-115.5: Warning (phys_property): /cif_phy/csi2_dcphy1: Missing property '#phy-cells' in node /mipi-dcphy-dummy or bad phandle (referred from phys[0])
  AR      fs/proc/built-in.a
  CC [M]  drivers/video/backlight/ltv350qv.o
  CC      fs/sysfs/file.o
  CC      arch/arm64/kvm/vgic/vgic-mmio-v3.o
  CC      crypto/twofish_generic.o
  CC      lib/zstd/compress/huf_compress.o
  DTC     arch/arm64/boot/dts/rockchip/rk3588-vehicle-evb-v21.dtb
  CC      net/core/dev.o
  CC      lib/xz/xz_dec_stream.o
  CC      drivers/phy/rockchip/phy-rockchip-naneng-edp.o
  AR      lib/lz4/built-in.a
  CC [M]  drivers/video/backlight/otm3225a.o
  CC      crypto/twofish_common.o
  CC      crypto/aes_generic.o
  CC      mm/msync.o
  DTC     arch/arm64/boot/dts/rockchip/rk3588-vehicle-evb-v22.dtb
  CC      lib/zstd/compress/zstd_compress.o
  DTC     arch/arm64/boot/dts/rockchip/rk3588-vehicle-s66-v10.dtb
  CC      lib/xz/xz_dec_lzma2.o
  CC [M]  drivers/gpio/gpio-bt8xx.o
  CC [M]  drivers/gpio/gpio-gw-pld.o
  CC      block/mq-deadline.o
  DTC     arch/arm64/boot/dts/rockchip/rk3588s-evb1-lp4x-v10.dtb
  CC      arch/arm64/kernel/kaslr.o
  CC      block/kyber-iosched.o
  AR      drivers/phy/samsung/built-in.a
  CC      drivers/video/rockchip/rga3/rga_dma_buf.o
  CC      drivers/video/rockchip/iep/hw_iep_reg.o
  CC      drivers/video/rockchip/iep/iep_drv.o
  CC      drivers/video/rockchip/iep/iep_iommu_ops.o
  DTC     arch/arm64/boot/dts/rockchip/rk3588s-evb1-lp4x-v10-linux.dtb
  CC      drivers/pci/controller/dwc/pcie-designware-plat.o
  CC      fs/sysfs/dir.o
  CC      mm/page_vma_mapped.o
  CC      drivers/phy/rockchip/phy-rockchip-pcie.o
  CC [M]  drivers/video/backlight/platform_lcd.o
  CC      arch/arm64/kvm/vgic/vgic-kvm-device.o
  DTC     arch/arm64/boot/dts/rockchip/rk3588s-evb2-lp5-v10.dtb
  CC      drivers/phy/rockchip/phy-rockchip-samsung-dcphy.o
  CC      lib/xz/xz_dec_bcj.o
  CC      lib/zstd/compress/zstd_compress_literals.o
  CC      fs/sysfs/symlink.o
  CC      arch/arm64/kernel/elfcore.o
  CC      crypto/sm4.o
  DTC     arch/arm64/boot/dts/rockchip/rk3588s-evb2-lp5-v10-linux.dtb
  CC      lib/zstd/compress/zstd_compress_sequences.o
  CC      arch/arm64/kernel/pointer_auth.o
  DTC     arch/arm64/boot/dts/rockchip/rk3588s-evb3-lp4x-v10.dtb
  CC [M]  drivers/gpio/gpio-max3191x.o
  CC      lib/zstd/compress/zstd_compress_superblock.o
  CC      sound/core/pcm_lib.o
  CC      net/ethernet/eth.o
  DTC     arch/arm64/boot/dts/rockchip/rk3588s-evb3-lp4x-v10-linux.dtb
  CC      sound/core/pcm_misc.o
  CC      drivers/pci/controller/dwc/pcie-dw-rockchip.o
  CC      block/bio-integrity.o
  AR      lib/xz/built-in.a
  CC      block/blk-integrity.o
  DTC     arch/arm64/boot/dts/rockchip/rk3588s-evb3-lp4x-v10-nvp6158-ahd-to-bt1120.dtb
  CC      lib/zstd/compress/zstd_double_fast.o
  CC      drivers/video/rockchip/rga3/rga_job.o
  CC      mm/pagewalk.o
  CC      mm/pgtable-generic.o
  CC [M]  drivers/video/backlight/tdo24m.o
  CC      crypto/deflate.o
  CC      crypto/crc32c_generic.o
  CC      drivers/video/rockchip/iep/iep_iommu_drm.o
  DTC     arch/arm64/boot/dts/rockchip/rk3588s-evb3-lp4x-v10-rk630-bt656-to-cvbs.dtb
  DTC     arch/arm64/boot/dts/rockchip/rk3588s-evb3-lp4x-v10-sii9022-bt1120-to-hdmi.dtb
  CC      arch/arm64/kvm/vgic/vgic-its.o
  CC      arch/arm64/kernel/mte.o
  AS      arch/arm64/kernel/vdso-wrap.o
  DTC     arch/arm64/boot/dts/rockchip/rk3588s-evb4-lp4x-v10.dtb
  AS      arch/arm64/kernel/head.o
  CC      fs/sysfs/mount.o
  CC      fs/sysfs/group.o
  CC      drivers/phy/rockchip/phy-rockchip-samsung-hdptx.o
  DTC     arch/arm64/boot/dts/rockchip/rk3588s-evb4-lp4x-v10-linux.dtb
  AR      drivers/pci/switch/built-in.a
  CC      drivers/video/rockchip/rga3/rga_hw_config.o
  CC [M]  drivers/gpio/gpio-max7300.o
  CC      kernel/cgroup/rstat.o
  DTC     arch/arm64/boot/dts/rockchip/rk3588s-evb8-lp4x-v10.dtb
  CC      kernel/cgroup/namespace.o
  CC      crypto/crc32_generic.o
  DTC     arch/arm64/boot/dts/rockchip/rk3588s-9tripod-linux.dtb
  CC      lib/zstd/compress/zstd_fast.o
  CC      sound/core/pcm_memory.o
  AR      drivers/phy/socionext/built-in.a
  CC      drivers/phy/rockchip/phy-rockchip-samsung-hdptx-hdmi.o
  CC      mm/rmap.o
  AR      drivers/video/rockchip/iep/built-in.a
  CC      kernel/cgroup/cgroup-v1.o
  CC [M]  drivers/video/backlight/vgg2432a4.o
  DTC     arch/arm64/boot/dts/rockchip/rk3588s-indiedroid-nova.dtb
  DTC     arch/arm64/boot/dts/rockchip/rk3588s-khadas-edge2.dtb
  CC      block/t10-pi.o
  CC      block/blk-mq-pci.o
  OBJCOPY arch/arm64/kernel/efi-entry.stub.o
  AR      arch/arm64/kernel/built-in.a
  CC      sound/core/memalloc.o
  CC      drivers/amba/bus.o
  DTC     arch/arm64/boot/dts/rockchip/rk3588s-lubancat-4.dtb
  AR      drivers/clk/actions/built-in.a
  AR      drivers/clk/analogbits/built-in.a
  AR      drivers/clk/bcm/built-in.a
  AR      drivers/clk/imgtec/built-in.a
  CC      fs/configfs/inode.o
  AR      drivers/clk/imx/built-in.a
  AR      drivers/clk/ingenic/built-in.a
  AR      fs/sysfs/built-in.a
  CC      kernel/cgroup/freezer.o
  AR      drivers/clk/mediatek/built-in.a
  AR      drivers/clk/microchip/built-in.a
  CC      crypto/crct10dif_common.o
  AR      drivers/clk/mstar/built-in.a
  AR      drivers/clk/mvebu/built-in.a
  CC      arch/arm64/kvm/vgic/vgic-debug.o
  CC      arch/arm64/kvm/pmu-emul.o
  CC      drivers/video/rockchip/rga3/rga2_reg_info.o
  AR      drivers/clk/ralink/built-in.a
  DTC     arch/arm64/boot/dts/rockchip/rk3588s-nanopi-r6c.dtb
  CC [M]  drivers/gpio/gpio-max7301.o
  AR      drivers/clk/renesas/built-in.a
  AR      drivers/pci/controller/dwc/built-in.a
  CC      drivers/pci/controller/pcie-rockchip-host.o
  CC      drivers/clk/rockchip/clk.o
  CC      lib/zstd/compress/zstd_lazy.o
  AR      net/ethernet/built-in.a
  CC      lib/zstd/compress/zstd_ldm.o
  DTC     arch/arm64/boot/dts/rockchip/rk3588s-nanopi-r6s.dtb
  CC      drivers/pci/access.o
  DTC     arch/arm64/boot/dts/rockchip/rk3588s-orangepi-5.dtb
  CC      drivers/pci/bus.o
  CC      drivers/pci/probe.o
  CC [M]  drivers/video/backlight/adp8860_bl.o
  DTC     arch/arm64/boot/dts/rockchip/rk3588s-orangepi-5-sata.dtb
  CC      drivers/phy/rockchip/phy-rockchip-snps-pcie3.o
  CC      sound/core/pcm_timer.o
  DTC     arch/arm64/boot/dts/rockchip/rk3588s-orangepi-5b.dtb
  CC      fs/configfs/file.o
  CC [M]  drivers/gpio/gpio-max730x.o
  CC      block/blk-mq-virtio.o
  DTC     arch/arm64/boot/dts/rockchip/rk3588s-orangepi-5-pro.dtb
  CC      crypto/crct10dif_generic.o
  CC      kernel/cgroup/legacy_freezer.o
  CC      arch/arm64/kvm/pmu.o
  CC      block/blk-mq-debugfs.o
  CC      drivers/clk/rockchip/clk-pll.o
  CC      net/core/dev_addr_lists.o
  CC      drivers/clk/rockchip/clk-cpu.o
  DTC     arch/arm64/boot/dts/rockchip/rk3588s-orangepi-cm5.dtb
  DTC     arch/arm64/boot/dts/rockchip/rk3588s-radxa-cm5-io.dtb
  CC      drivers/pci/host-bridge.o
  CC      drivers/pci/controller/pcie-rockchip.o
  CC      drivers/pci/remove.o
  DTC     arch/arm64/boot/dts/rockchip/rk3588s-radxa-cm5-rpi-cm4-io.dtb
  AR      drivers/amba/built-in.a
  CC      fs/configfs/dir.o
  CC      drivers/video/rockchip/rga3/rga_policy.o
  CC      sound/core/pcm_drm_eld.o
  DTC     arch/arm64/boot/dts/rockchip/rk3588s-radxa-nx5-io.dtb
  CC      mm/vmalloc.o
  CC [M]  drivers/video/backlight/adp8870_bl.o
  CC      fs/configfs/symlink.o
  CC      drivers/pci/pci.o
  CC      crypto/crc64_rocksoft_generic.o
  CC      drivers/phy/rockchip/phy-rockchip-typec.o
  DTC     arch/arm64/boot/dts/rockchip/rk3588s-rock-5a.dtb
  CC      crypto/lzo.o
  CC      crypto/lzo-rle.o
  DTC     arch/arm64/boot/dts/rockchip/rk3588s-rock-5c.dtb
  CC      kernel/cgroup/pids.o
  CC      lib/zstd/compress/zstd_opt.o
  AR      arch/arm64/kvm/built-in.a
  DTC     arch/arm64/boot/dts/rockchip/rk3588s-rock-5d.dtb
  CC [M]  drivers/gpio/gpio-max732x.o
  AR      arch/arm64/built-in.a
  CC      drivers/clk/rockchip/clk-half-divider.o
  CC      drivers/clk/rockchip/clk-mmc-phase.o
  CC      drivers/clk/rockchip/clk-muxgrf.o
  DTC     arch/arm64/boot/dts/rockchip/rk3588s-roc-pc.dtb
  CC      fs/configfs/mount.o
  CC      net/core/dst.o
  DTC     arch/arm64/boot/dts/rockchip/rk3588-aio-3588l.dtb
  CC      lib/zstd/zstd_decompress_module.o
  CC      lib/zstd/decompress/huf_decompress.o
/home/wanpublic/ubuntu-rockchip/build/linux-rockchip/arch/arm64/boot/dts/rockchip/rk3588-aio-3588l.dts:970.23-975.7: Warning (spi_bus_reg): /spi@feb10000/spidev@00: SPI bus unit address format error, expected "0"
  CC      kernel/debug/kdb/kdb_io.o
  CC      block/blk-pm.o
  CC      block/holder.o
  CC      drivers/video/rockchip/rga3/rga_mm.o
  CC      crypto/xxhash_generic.o
  DTC     arch/arm64/boot/dts/rockchip/rk3588s-tablet-rk806-single-v10.dtb
  DTC     arch/arm64/boot/dts/rockchip/rk3588s-tablet-v10.dtb
  CC      sound/core/pcm_iec958.o
  CC      kernel/cgroup/rdma.o
  CC [M]  drivers/video/backlight/bd6107.o
  AR      drivers/clk/socfpga/built-in.a
  AR      drivers/pci/controller/built-in.a
  DTC     arch/arm64/boot/dts/rockchip/rk3588s-tablet-v11.dtb
  CC      net/core/netevent.o
  AR      drivers/clk/sprd/built-in.a
  CC      drivers/phy/rockchip/phy-rockchip-usb.o
  CC      drivers/phy/rockchip/phy-rockchip-usbdp.o
  CC      drivers/dma/dw/core.o
  CC      fs/configfs/item.o
  CC      drivers/clk/rockchip/clk-ddr.o
  CC      sound/core/pcm_dmaengine.o
  CC      kernel/trace/trace_clock.o
  CC      sound/core/seq_device.o
  CC [M]  drivers/gpio/gpio-mc33880.o
  CC      sound/core/rawmidi.o
  CC      drivers/dma/dw/dw.o
  CC      crypto/rng.o
  CC      lib/zstd/decompress/zstd_ddict.o
  CC      lib/zstd/decompress/zstd_decompress.o
  CC [M]  drivers/video/backlight/gpio_backlight.o
  CC      mm/process_vm_access.o
  CC      drivers/clk/rockchip/clk-inverter.o
  CC      kernel/debug/kdb/kdb_main.o
  AR      drivers/clk/sunxi-ng/built-in.a
  CC      kernel/debug/debug_core.o
  AR      drivers/dma/idxd/built-in.a
  AR      block/built-in.a
  CC      net/core/neighbour.o
  CC      kernel/debug/gdbstub.o
  AR      fs/configfs/built-in.a
  CC      fs/devpts/inode.o
  CC      kernel/cgroup/cpuset.o
  CC [M]  drivers/gpio/gpio-mockup.o
  CC      drivers/dma/dw/idma32.o
  CC      kernel/trace/ftrace.o
  CC      drivers/pci/pci-driver.o
  CC      lib/zstd/decompress/zstd_decompress_block.o
  CC      lib/zstd/common/debug.o
  AR      drivers/phy/rockchip/built-in.a
  CC      drivers/video/rockchip/rga3/rga_fence.o
  AR      drivers/phy/st/built-in.a
  AR      drivers/phy/sunplus/built-in.a
  AR      drivers/phy/tegra/built-in.a
  AR      drivers/phy/ti/built-in.a
  AR      drivers/phy/xilinx/built-in.a
  CC      drivers/phy/phy-core.o
  CC [M]  drivers/gpio/gpio-pca953x.o
  CC [M]  drivers/gpio/gpio-pca9570.o
  CC      crypto/ansi_cprng.o
  AR      sound/drivers/opl3/built-in.a
  CC      drivers/dma/dw/pci.o
  AR      sound/drivers/opl4/built-in.a
  AR      sound/drivers/mpu401/built-in.a
  AR      sound/drivers/vx/built-in.a
  CC      drivers/clk/rockchip/clk-pvtm.o
  CC      kernel/debug/kdb/kdb_support.o
  AR      sound/drivers/pcsp/built-in.a
  AR      sound/drivers/built-in.a
  CC      kernel/debug/kdb/kdb_bt.o
  CC      lib/zstd/common/entropy_common.o
  CC      lib/zstd/common/error_private.o
  CC      mm/page_alloc.o
  CC [M]  drivers/video/backlight/ktd253-backlight.o
  CC      lib/zstd/common/fse_decompress.o
  AR      sound/core/built-in.a
  AR      fs/devpts/built-in.a
  AR      sound/isa/ad1816a/built-in.a
  CC      drivers/phy/phy-core-mipi-dphy.o
  AR      sound/isa/ad1848/built-in.a
  CC      fs/ext4/balloc.o
  AR      sound/isa/cs423x/built-in.a
  AR      sound/isa/es1688/built-in.a
  AR      sound/isa/galaxy/built-in.a
  AR      sound/isa/gus/built-in.a
  CC [M]  drivers/gpio/gpio-pcf857x.o
  AR      sound/isa/msnd/built-in.a
  AR      sound/isa/opti9xx/built-in.a
  AR      sound/isa/sb/built-in.a
  CC [M]  drivers/gpio/gpio-pcie-idio-24.o
  AR      sound/isa/wavefront/built-in.a
  AR      sound/isa/wss/built-in.a
  AR      sound/isa/built-in.a
  CC      crypto/drbg.o
  AR      sound/pci/ac97/built-in.a
  AR      sound/pci/ali5451/built-in.a
  AR      sound/pci/asihpi/built-in.a
  AR      sound/pci/au88x0/built-in.a
  CC      drivers/video/rockchip/rga3/rga_debugger.o
  AR      sound/pci/aw2/built-in.a
  AR      sound/pci/ctxfi/built-in.a
  AR      sound/pci/ca0106/built-in.a
  CC      drivers/clk/rockchip/softrst.o
  AR      sound/pci/cs46xx/built-in.a
  CC      drivers/clk/rockchip/clk-link.o
  AR      sound/pci/cs5535audio/built-in.a
  AR      drivers/dma/mediatek/built-in.a
  AR      sound/pci/lola/built-in.a
  AR      drivers/dma/dw/built-in.a
  AR      sound/pci/lx6464es/built-in.a
  AR      drivers/dma/qcom/built-in.a
  CC      drivers/pci/search.o
  AR      sound/pci/echoaudio/built-in.a
  AR      drivers/dma/ti/built-in.a
  AR      sound/pci/emu10k1/built-in.a
  AR      drivers/dma/xilinx/built-in.a
  CC      drivers/dma/dmaengine.o
  AR      sound/pci/hda/built-in.a
  AR      sound/pci/ice1712/built-in.a
  CC      lib/zstd/common/zstd_common.o
  AR      sound/pci/korg1212/built-in.a
  AR      sound/pci/mixart/built-in.a
  AR      sound/pci/nm256/built-in.a
  CC      fs/jbd2/transaction.o
  CC      lib/raid6/algos.o
  AR      sound/pci/oxygen/built-in.a
  AR      sound/pci/pcxhr/built-in.a
  AR      sound/pci/riptide/built-in.a
  AR      sound/pci/rme9652/built-in.a
  AR      sound/pci/trident/built-in.a
  AR      sound/pci/ymfpci/built-in.a
  AR      sound/pci/vx222/built-in.a
  AR      sound/pci/built-in.a
  CC      lib/raid6/recov.o
  AR      sound/ppc/built-in.a
  AR      sound/arm/built-in.a
  AR      sound/sh/built-in.a
  AR      drivers/soc/apple/built-in.a
  AR      drivers/soc/aspeed/built-in.a
  AR      sound/synth/emux/built-in.a
  AR      sound/synth/built-in.a
  AR      drivers/soc/bcm/bcm63xx/built-in.a
  AR      drivers/soc/bcm/built-in.a
  AR      sound/firewire/built-in.a
  AR      drivers/soc/fsl/built-in.a
  HOSTCC  lib/raid6/mktables
  AR      sound/usb/misc/built-in.a
  AR      sound/usb/usx2y/built-in.a
  AR      drivers/soc/fujitsu/built-in.a
  AR      drivers/soc/imx/built-in.a
  AR      sound/usb/caiaq/built-in.a
  AR      sound/usb/6fire/built-in.a
  AR      drivers/soc/ixp4xx/built-in.a
  CC [M]  drivers/video/backlight/lm3630a_bl.o
  AR      sound/usb/hiface/built-in.a
  AR      drivers/soc/mediatek/built-in.a
  AR      sound/sparc/built-in.a
  AR      sound/usb/bcd2000/built-in.a
  AR      drivers/soc/microchip/built-in.a
  CC      sound/usb/card.o
  GENKDB  kernel/debug/kdb/gen-kdb_cmds.c
  CC      kernel/debug/kdb/kdb_bp.o
  AR      drivers/soc/pxa/built-in.a
  CC      lib/mpi/generic_mpih-lshift.o
  AR      drivers/soc/amlogic/built-in.a
  AR      drivers/soc/qcom/built-in.a
  CC [M]  drivers/soc/qcom/qmi_encdec.o
  CC [M]  drivers/soc/qcom/qmi_interface.o
  CC      net/core/rtnetlink.o
  AR      kernel/cgroup/built-in.a
  CC      crypto/jitterentropy.o
  CC [M]  drivers/gpio/gpio-pci-idio-16.o
  CC      drivers/clk/rockchip/clk-out.o
  CC [M]  drivers/gpio/gpio-pisosr.o
  CC      crypto/jitterentropy-kcapi.o
  CC      drivers/pci/pci-sysfs.o
  CC      fs/ext4/bitmap.o
  AR      drivers/phy/built-in.a
  CC      crypto/ghash-generic.o
  AR      lib/zstd/built-in.a
  CC      crypto/af_alg.o
  AR      drivers/video/rockchip/rga3/built-in.a
  CC      kernel/trace/ring_buffer.o
  CC      drivers/video/rockchip/mpp/mpp_service.o
  CC      lib/dim/dim.o
  CC      lib/mpi/generic_mpih-mul1.o
  CC      lib/mpi/generic_mpih-mul2.o
  CC      drivers/virtio/virtio.o
  CC      kernel/debug/kdb/kdb_debugger.o
  UNROLL  lib/raid6/int1.c
  UNROLL  lib/raid6/int2.c
  UNROLL  lib/raid6/int4.c
  UNROLL  lib/raid6/int8.c
  UNROLL  lib/raid6/int16.c
  UNROLL  lib/raid6/int32.c
  CC      lib/raid6/neon.o
  UNROLL  lib/raid6/neon1.c
  CC      drivers/clk/rockchip/clk-px30.o
  AR      drivers/soc/renesas/built-in.a
  CC      drivers/clk/rockchip/clk-rk1808.o
  CC [M]  drivers/video/backlight/lm3639_bl.o
  CC      sound/usb/clock.o
  CC      sound/usb/endpoint.o
  CC [M]  drivers/gpio/gpio-rdc321x.o
  CC      drivers/dma/of-dma.o
  CC      sound/usb/format.o
  CC      sound/usb/helper.o
  CC      fs/ext4/block_validity.o
  CC      fs/jbd2/commit.o
  CC      kernel/debug/kdb/kdb_keyboard.o
  CC      lib/mpi/generic_mpih-mul3.o
  CC      drivers/pci/rom.o
  CC      drivers/video/rockchip/mpp/mpp_common.o
  CC      lib/dim/net_dim.o
  UNROLL  lib/raid6/neon2.c
  CC      drivers/clk/rockchip/clk-rk3328.o
  UNROLL  lib/raid6/neon4.c
  UNROLL  lib/raid6/neon8.c
  CC      lib/raid6/recov_neon.o
  CC      mm/init-mm.o
  LD [M]  drivers/soc/qcom/qmi_helpers.o
  CC      drivers/soc/rockchip/fiq_debugger/fiq_debugger.o
  CC [M]  drivers/gpio/gpio-tpic2810.o
  CC [M]  drivers/gpio/gpio-xra1403.o
  CC      drivers/soc/rockchip/fiq_debugger/rk_fiq_debugger.o
  CC [M]  drivers/video/backlight/lp855x_bl.o
  CC      drivers/virtio/virtio_ring.o
  CC      sound/usb/implicit.o
  CC      sound/usb/mixer.o
  CC      kernel/debug/kdb/gen-kdb_cmds.o
  CC      lib/mpi/generic_mpih-rshift.o
  CC      lib/mpi/generic_mpih-sub1.o
  CC [M]  drivers/video/backlight/lv5207lp.o
  CC      drivers/dma/pl330.o
  AR      kernel/debug/kdb/built-in.a
  CC      fs/ext4/dir.o
  AR      kernel/debug/built-in.a
  CC      drivers/pci/setup-res.o
  CC      mm/memblock.o
  CC      crypto/algif_hash.o
  CC      drivers/clk/rockchip/clk-rk3399.o
  CC      lib/raid6/recov_neon_inner.o
  CC      lib/dim/rdma_dim.o
  CC      drivers/clk/rockchip/clk-rk3528.o
  CC      kernel/trace/trace.o
  CC      kernel/trace/trace_output.o
  CC      lib/mpi/generic_mpih-add1.o
  TABLE   lib/raid6/tables.c
  CC      lib/raid6/int1.o
  CC      lib/raid6/int2.o
  CC      sound/usb/mixer_quirks.o
  CC      fs/jbd2/recovery.o
  CC      drivers/regulator/core.o
  AR      drivers/gpio/built-in.a
  CC      drivers/video/rockchip/mpp/mpp_iommu.o
  CC      drivers/reset/core.o
  AR      drivers/reset/hisilicon/built-in.a
  CC      drivers/pci/irq.o
  CC      net/core/utils.o
  CC [M]  drivers/video/backlight/pwm_bl.o
  CC      fs/ext4/ext4_jbd2.o
  AR      drivers/soc/rockchip/fiq_debugger/built-in.a
  CC      drivers/soc/rockchip/rockchip-cpuinfo.o
  CC      drivers/pci/vpd.o
  CC      drivers/pci/setup-bus.o
  CC      drivers/clk/rockchip/clk-rk3568.o
  CC      drivers/virtio/virtio_anchor.o
  CC      lib/mpi/ec.o
  AR      lib/dim/built-in.a
  CC      drivers/clk/rockchip/clk-rk3576.o
  CC      crypto/algif_skcipher.o
  CC      drivers/reset/reset-scmi.o
  AR      drivers/dma/built-in.a
  CC      kernel/trace/trace_seq.o
  CC      lib/mpi/mpicoder.o
  CC      lib/raid6/int4.o
  CC      fs/jbd2/checkpoint.o
  CC      drivers/video/rockchip/mpp/mpp_rkvdec.o
  CC      mm/madvise.o
  CC      sound/usb/mixer_scarlett.o
  CC      drivers/soc/rockchip/grf.o
  CC [M]  drivers/video/backlight/qcom-wled.o
  CC      net/core/link_watch.o
  CC      net/core/filter.o
  AR      drivers/reset/built-in.a
  CC      drivers/pci/vc.o
  CC      drivers/clk/rockchip/clk-rk3588.o
  CC      fs/ext4/extents.o
  CC      drivers/tty/vt/vt_ioctl.o
  CC      drivers/tty/vt/vc_screen.o
  CC      lib/raid6/int8.o
  CC      drivers/virtio/virtio_pci_modern_dev.o
  CC      drivers/tty/vt/selection.o
  CC      drivers/tty/serial/8250/8250_core.o
  CC      crypto/ofb.o
  CC      lib/raid6/int16.o
  CC      drivers/soc/rockchip/io-domain.o
  CC      fs/jbd2/revoke.o
  CC      fs/jbd2/journal.o
  CC      lib/mpi/mpi-add.o
  CC      sound/usb/mixer_scarlett_gen2.o
  CC      drivers/regulator/dummy.o
  CC      drivers/pci/mmap.o
  AR      drivers/clk/rockchip/built-in.a
  AR      drivers/clk/ti/built-in.a
  AR      drivers/clk/versatile/built-in.a
  CC      mm/page_io.o
  AR      drivers/clk/xilinx/built-in.a
  CC      drivers/clk/clk-devres.o
  CC [M]  drivers/video/backlight/arcxcnn_bl.o
  CC      net/core/sock_diag.o
  CC      drivers/clk/clk-bulk.o
  CC      crypto/ecc.o
  CC      lib/raid6/int32.o
  CC      drivers/video/rockchip/mpp/mpp_rkvdec2.o
  CC      kernel/trace/trace_stat.o
  CC      lib/mpi/mpi-bit.o
  CC      drivers/soc/rockchip/iomux.o
  CC      drivers/tty/serial/8250/8250_port.o
  CC      drivers/virtio/virtio_pci_legacy_dev.o
  CC      drivers/tty/serial/8250/8250_dma.o
  CC      drivers/tty/serial/8250/8250_dwlib.o
  CC      drivers/tty/vt/keyboard.o
  CC      drivers/pci/setup-irq.o
  CC      drivers/regulator/fixed-helper.o
  CC      drivers/clk/clkdev.o
  CC      sound/usb/mixer_us16x08.o
  CC      lib/mpi/mpi-cmp.o
  CC      mm/swap_state.o
  CC      lib/raid6/neon1.o
  CC [M]  drivers/video/backlight/led_bl.o
  CC      mm/swapfile.o
  CC      fs/ext4/extents_status.o
  CC      kernel/trace/trace_printk.o
  CC      drivers/clk/clk.o
  CC      lib/raid6/neon2.o
  CC      drivers/soc/rockchip/pm_domains.o
  CC      drivers/pci/proc.o
  CC      lib/mpi/mpi-sub-ui.o
  CC      crypto/ecdh.o
  CC      lib/raid6/neon4.o
  CC      drivers/regulator/helpers.o
  CC      drivers/virtio/virtio_mmio.o
  AR      net/802/built-in.a
  CC [M]  net/802/p8022.o
  CC      sound/usb/mixer_s1810c.o
  CC      lib/raid6/neon8.o
  CC      fs/ext4/file.o
  CC      lib/mpi/mpi-div.o
  AR      fs/jbd2/built-in.a
  CC      drivers/tty/vt/consolemap.o
  CC      drivers/tty/serial/8250/8250_early.o
  CC      lib/mpi/mpi-inv.o
  CC      drivers/video/rockchip/mpp/mpp_rkvdec2_link.o
  CC      mm/swap_slots.o
  CC      lib/raid6/tables.o
  AR      drivers/video/backlight/built-in.a
  CC      lib/mpi/mpi-mod.o
  CC      crypto/ecdh_helper.o
  CC      crypto/xor.o
  CC      crypto/hash_info.o
  CC      drivers/pci/slot.o
  CC      fs/ext4/fsmap.o
  CC      drivers/clk/clk-divider.o
  CC [M]  net/802/psnap.o
  CC      kernel/trace/pid_list.o
  CC      sound/usb/pcm.o
  CC      lib/mpi/mpi-mul.o
  CC      drivers/tty/serial/8250/8250_fsl.o
  CC      drivers/virtio/virtio_pci_modern.o
  CC [M]  crypto/seqiv.o
  CC      fs/ext4/fsync.o
  CC      drivers/soc/rockchip/rk_vendor_storage.o
  CC      drivers/soc/rockchip/sdmmc_vendor_storage.o
  CC      drivers/regulator/devres.o
  CC      drivers/soc/rockchip/mtd_vendor_storage.o
  CC      mm/dmapool.o
  CC [M]  crypto/echainiv.o
  HOSTCC  drivers/tty/vt/conmakehash
  CC      drivers/tty/vt/vt.o
  CC      kernel/trace/trace_sched_switch.o
  AR      lib/raid6/built-in.a
  CC      kernel/trace/trace_functions.o
  CC      kernel/trace/trace_nop.o
  CC      drivers/virtio/virtio_pci_common.o
  CC      net/core/dev_ioctl.o
  CC      drivers/pci/of.o
  CC      drivers/video/rockchip/mpp/mpp_rkvenc.o
  CC      drivers/tty/serial/8250/8250_dw.o
  CC      drivers/tty/serial/8250/8250_pericom.o
  CC      drivers/clk/clk-fixed-factor.o
  CC      kernel/trace/trace_functions_graph.o
  CC      lib/mpi/mpih-cmp.o
  CC      sound/usb/power.o
  CC      sound/usb/proc.o
  CC      mm/hugetlb.o
  CC      mm/sparse.o
  CC      drivers/soc/rockchip/rockchip_ipa.o
  CC [M]  crypto/md4.o
  CC      fs/ext4/hash.o
  CC      drivers/regulator/irq_helpers.o
  CC [M]  net/802/stp.o
  CC [M]  crypto/michael_mic.o
  CC      drivers/video/rockchip/mpp/mpp_rkvenc2.o
  CC [M]  crypto/authenc.o
  CC [M]  crypto/authencesn.o
  CC      lib/mpi/mpih-div.o
  CC      lib/mpi/mpih-mul.o
  CC      drivers/virtio/virtio_pci_legacy.o
  COPY    drivers/tty/vt/defkeymap.c
  CC      drivers/tty/serial/8250/8250_of.o
  CC      drivers/regulator/of_regulator.o
  CC      sound/usb/quirks.o
  CC [M]  crypto/zstd.o
  CC      drivers/clk/clk-fixed-rate.o
  CC [M]  crypto/essiv.o
  CC      kernel/trace/blktrace.o
  CC      mm/sparse-vmemmap.o
  CC      drivers/pci/quirks.o
  CC      fs/ext4/ialloc.o
  CC      fs/ext4/indirect.o
  CC      lib/mpi/mpi-pow.o
  CC      fs/ramfs/inode.o
  CC      fs/ramfs/file-mmu.o
  CC      drivers/soc/rockchip/rockchip_opp_select.o
  CONMK   drivers/tty/vt/consolemap_deftbl.c
  CC      drivers/tty/vt/defkeymap.o
  CC      drivers/virtio/virtio_balloon.o
  AR      drivers/tty/serial/8250/built-in.a
  CC      drivers/tty/serial/serial_core.o
  CC      net/core/tso.o
  CC      drivers/clk/clk-gate.o
  CC      kernel/trace/fgraph.o
  CC      drivers/regulator/fixed.o
  CC [M]  net/802/garp.o
  CC      drivers/tty/vt/consolemap_deftbl.o
  CC      sound/usb/stream.o
  CC      drivers/tty/serial/earlycon.o
  CC      drivers/clk/clk-multiplier.o
  AR      drivers/tty/vt/built-in.a
  CC [M]  drivers/virtio/virtio_input.o
  CC      drivers/video/rockchip/mpp/mpp_vdpu1.o
  CC      fs/ext4/inline.o
  AR      drivers/soc/sunxi/built-in.a
  AR      drivers/soc/ti/built-in.a
  CC      lib/mpi/mpiutil.o
  CC      drivers/char/hw_random/core.o
  CC      crypto/rsapubkey.asn1.o
  CC      crypto/rsaprivkey.asn1.o
  AR      fs/ramfs/built-in.a
  CC      drivers/regulator/act8865-regulator.o
  AR      drivers/iommu/amd/built-in.a
  AR      crypto/built-in.a
  AR      drivers/iommu/intel/built-in.a
  AR      drivers/iommu/arm/arm-smmu/built-in.a
  CC      drivers/iommu/arm/arm-smmu-v3/arm-smmu-v3.o
  CC      fs/ext4/inode.o
  CC      mm/mmu_notifier.o
  CC      mm/ksm.o
  CC      drivers/regulator/ad5398.o
  AR      drivers/virtio/built-in.a
  CC      drivers/regulator/dw9807.o
  CC      sound/usb/validate.o
  AR      sound/spi/built-in.a
  CC      kernel/trace/trace_events.o
  CC      drivers/tty/serdev/core.o
  CC      drivers/tty/serdev/serdev-ttyport.o
  CC      net/core/sock_reuseport.o
  CC [M]  net/802/mrp.o
  CC      drivers/clk/clk-mux.o
  CC      sound/usb/media.o
  CC      drivers/pci/pci-label.o
  AR      lib/mpi/built-in.a
  CC      drivers/soc/rockchip/rockchip_pvtm.o
  CC      fs/ext4/ioctl.o
  CC      lib/fonts/fonts.o
  CC      drivers/char/hw_random/optee-rng.o
  CC      lib/fonts/font_8x8.o
  CC      drivers/tty/serial/serial_mctrl_gpio.o
  CC      drivers/video/rockchip/mpp/mpp_vepu1.o
  CC      drivers/tty/serial/kgdb_nmi.o
  CC      drivers/tty/serial/kgdboc.o
  CC      drivers/pci/syscall.o
  CC      kernel/bpf/core.o
  CC      drivers/clk/clk-composite.o
  CC      drivers/video/rockchip/mpp/mpp_vdpu2.o
  CC      net/sched/sch_generic.o
  CC      drivers/regulator/fan53555.o
  CC      sound/usb/midi.o
  AR      drivers/tty/serdev/built-in.a
  CC      mm/slub.o
  CC      drivers/tty/tty_io.o
  AR      drivers/tty/ipwireless/built-in.a
  CC      drivers/clk/clk-fractional-divider.o
  AR      drivers/iommu/arm/arm-smmu-v3/built-in.a
  AR      drivers/iommu/arm/built-in.a
  CC      drivers/iommu/iommu.o
  CC      drivers/char/hw_random/arm_smccc_trng.o
  CC      mm/migrate.o
  CC      lib/fonts/font_8x16.o
  CC      lib/argv_split.o
  AR      drivers/pci/built-in.a
  CC      mm/page_counter.o
  CC      mm/memcontrol.o
  CC      drivers/soc/rockchip/rockchip_pm_config.o
  CC      mm/vmpressure.o
  CC      net/netlink/af_netlink.o
  CC      kernel/trace/trace_export.o
  CC      net/core/fib_notifier.o
  CC      drivers/regulator/gpio-regulator.o
  AR      drivers/tty/serial/built-in.a
  CC      drivers/clk/clk-gpio.o
  CC      drivers/iommu/iommu-traces.o
  CC      drivers/char/hw_random/cn10k-rng.o
  CC      fs/ext4/mballoc.o
  CC      kernel/events/core.o
  CC      kernel/fork.o
  CC      drivers/video/rockchip/mpp/mpp_vepu2.o
  CC      net/sched/sch_mq.o
  CC      net/sched/sch_frag.o
  AR      lib/fonts/built-in.a
  CC      lib/bug.o
  AR      sound/usb/built-in.a
  AR      sound/parisc/built-in.a
  AR      sound/pcmcia/vx/built-in.a
  AR      sound/pcmcia/pdaudiocf/built-in.a
  AR      sound/pcmcia/built-in.a
  AR      sound/mips/built-in.a
  CC      drivers/clk/clk-conf.o
  CC      sound/soc/codecs/aw87xxx/aw87xxx.o
  CC      kernel/bpf/syscall.o
  CC      kernel/trace/trace_event_perf.o
  CC      drivers/char/hw_random/rockchip-rng.o
  CC      drivers/tty/n_tty.o
  CC      drivers/regulator/lp8752.o
  CC      net/core/xdp.o
  CC      drivers/regulator/mp8865-regulator.o
  CC      drivers/soc/rockchip/rockchip_system_monitor.o
  CC      lib/buildid.o
  CC      lib/clz_tab.o
  CC      drivers/video/rockchip/mpp/mpp_iep2.o
  CC      drivers/iommu/iommu-sysfs.o
  CC      kernel/bpf/verifier.o
  CC      kernel/bpf/inode.o
  CC      lib/cmdline.o
  CC      net/sched/sch_api.o
  CC [M]  drivers/char/hw_random/virtio-rng.o
  CC      drivers/clk/clk-pwm.o
  CC      drivers/clk/clk-rk808.o
  CC      net/core/flow_offload.o
  CC      net/netlink/genetlink.o
  CC      drivers/regulator/pwm-regulator.o
  CC      mm/swap_cgroup.o
  CC      lib/cpumask.o
  CC      kernel/trace/trace_events_filter.o
  CC      fs/ext4/migrate.o
  CC      drivers/video/rockchip/mpp/mpp_jpgdec.o
  CC      drivers/clk/clk-scmi.o
  AR      drivers/char/hw_random/built-in.a
  AR      drivers/char/agp/built-in.a
  CC      net/core/gro.o
  CC      drivers/tty/tty_ioctl.o
  CC      sound/soc/codecs/aw87xxx/aw_device.o
  CC      drivers/iommu/dma-iommu.o
  CC      drivers/char/tpm/tpm-chip.o
  CC      drivers/char/tpm/tpm-dev-common.o
  CC      drivers/char/tpm/tpm-dev.o
  CC      lib/ctype.o
  CC      drivers/char/tpm/tpm-interface.o
  CC      mm/hugetlb_cgroup.o
  CC      drivers/soc/rockchip/rockchip_debug.o
  CC      drivers/regulator/rk806-regulator.o
  CC      drivers/char/tpm/tpm1-cmd.o
  CC      lib/dec_and_lock.o
  CC      net/sched/sch_blackhole.o
  AR      drivers/clk/built-in.a
  CC      fs/ext4/mmp.o
  CC      net/netlink/policy.o
  CC      drivers/char/tpm/tpm2-cmd.o
  CC      kernel/bpf/helpers.o
  CC      sound/soc/generic/simple-card-utils.o
  CC      drivers/video/rockchip/mpp/mpp_jpgenc.o
  CC      lib/decompress.o
  CC      sound/soc/codecs/aw87xxx/aw_monitor.o
  CC      drivers/iommu/io-pgtable.o
  CC      drivers/tty/tty_ldisc.o
  CC      drivers/video/rockchip/mpp/mpp_av1dec.o
  CC      lib/decompress_bunzip2.o
  CC      kernel/trace/trace_events_trigger.o
  CC      kernel/trace/trace_eprobe.o
  CC      drivers/char/mem.o
  CC      mm/page_isolation.o
  CC      kernel/events/ring_buffer.o
  CC      drivers/regulator/rk808-regulator.o
  CC      kernel/events/callchain.o
  AR      net/netlink/built-in.a
  CC      kernel/events/hw_breakpoint.o
  CC      drivers/soc/rockchip/rk_dmabuf_procfs.o
  CC      fs/ext4/move_extent.o
  CC      net/sched/cls_api.o
  CC      net/sched/act_api.o
  CC      drivers/iommu/io-pgtable-arm.o
  CC      lib/decompress_inflate.o
  CC      net/core/net-sysfs.o
  CC      drivers/video/rockchip/mpp/hack/mpp_hack_px30.o
  CC      drivers/iommu/iova.o
  CC      drivers/char/tpm/tpmrm-dev.o
  CC      kernel/trace/bpf_trace.o
  CC      sound/soc/codecs/aw87xxx/aw_bin_parse.o
  CC      sound/soc/codecs/aw87xxx/aw_dsp.o
  CC      kernel/trace/trace_kprobe.o
  CC      drivers/char/tpm/tpm2-space.o
  CC      drivers/video/rockchip/mpp/hack/mpp_hack_rk3576.o
  AR      drivers/soc/rockchip/built-in.a
  CC      drivers/tty/tty_buffer.o
  AR      drivers/soc/xilinx/built-in.a
  CC      sound/soc/generic/simple-card.o
  AR      drivers/soc/built-in.a
  AR      drivers/gpu/host1x/built-in.a
  CC      mm/early_ioremap.o
  CC      drivers/regulator/rk860x-regulator.o
  CC      lib/decompress_unlz4.o
  AR      drivers/gpu/drm/arm/built-in.a
  CC      drivers/gpu/drm/display/drm_display_helper_mod.o
  CC      fs/ext4/namei.o
  CC      drivers/gpu/drm/display/drm_dp_dual_mode_helper.o
  CC      kernel/events/uprobes.o
  CC      drivers/iommu/of_iommu.o
  CC      kernel/trace/error_report-traces.o
  CC      sound/soc/codecs/aw87xxx/aw_acf_bin.o
  CC      drivers/char/tpm/tpm-sysfs.o
  CC      drivers/video/fbdev/core/fb_cmdline.o
  CC      lib/decompress_unlzma.o
  CC      kernel/bpf/tnum.o
  CC      kernel/bpf/bpf_iter.o
  CC      drivers/gpu/drm/display/drm_dp_helper.o
  CC      drivers/gpu/drm/display/drm_dp_mst_topology.o
  AR      sound/soc/generic/built-in.a
  AR      drivers/video/rockchip/mpp/built-in.a
  CC      drivers/gpu/drm/display/drm_dsc_helper.o
  AR      drivers/video/rockchip/built-in.a
  CC      mm/cma.o
  CC      kernel/bpf/map_iter.o
  CC [M]  sound/soc/codecs/aw882xx/aw882xx.o
  CC [M]  sound/soc/codecs/aw882xx/aw882xx_device.o
  CC      drivers/regulator/tps6586x-regulator.o
  CC      drivers/tty/tty_port.o
  CC      drivers/iommu/rockchip-iommu.o
  CC      net/core/page_pool.o
  CC      lib/decompress_unlzo.o
  CC      lib/decompress_unxz.o
  CC      drivers/char/tpm/eventlog/common.o
  CC      kernel/trace/power-traces.o
  CC      net/sched/sch_fifo.o
  AR      sound/soc/codecs/aw87xxx/built-in.a
  CC      kernel/trace/rpm-traces.o
  CC      kernel/exec_domain.o
  CC      fs/ext4/page-io.o
  CC      drivers/tty/tty_mutex.o
  CC      drivers/regulator/tps65132-regulator.o
  CC      mm/balloon_compaction.o
  CC      kernel/bpf/task_iter.o
  CC      drivers/video/fbdev/core/fb_notify.o
  AR      kernel/events/built-in.a
  CC      lib/decompress_unzstd.o
  CC      kernel/panic.o
  CC      drivers/char/random.o
  CC      kernel/cpu.o
  CC      kernel/trace/trace_kdb.o
  CC      drivers/iommu/rockchip-iommu-av1d.o
  CC      drivers/iommu/virtio-iommu.o
  CC      drivers/char/tpm/eventlog/tpm1.o
  CC      kernel/exit.o
  CC [M]  sound/soc/codecs/aw882xx/aw882xx_dsp.o
  CC      net/sched/ematch.o
  CC      lib/dump_stack.o
  CC      drivers/gpu/drm/display/drm_hdcp_helper.o
  CC      drivers/gpu/drm/rockchip/rockchip_panel_notifier.o
  CC      net/core/net-procfs.o
  CC      drivers/regulator/xz3216.o
  CC      fs/ext4/readpage.o
  CC      drivers/tty/tty_ldsem.o
  CC      fs/ext4/resize.o
  AR      sound/atmel/built-in.a
  CC      kernel/bpf/prog_iter.o
  AR      sound/hda/built-in.a
  CC      drivers/gpu/drm/display/drm_hdmi_helper.o
  CC      kernel/bpf/link_iter.o
  CC      kernel/bpf/hashtab.o
  AR      drivers/gpu/drm/rcar-du/built-in.a
  CC      mm/cma_debug.o
  CC      mm/cma_debug_bitmap_hex.o
  CC      drivers/video/fbdev/core/fbmem.o
  CC      drivers/char/tpm/eventlog/tpm2.o
  CC [M]  sound/soc/codecs/aw882xx/aw882xx_monitor.o
  CC      kernel/trace/trace_dynevent.o
  AR      drivers/iommu/built-in.a
  CC [M]  sound/soc/codecs/aw882xx/aw882xx_bin_parse.o
  CC      drivers/char/misc.o
  CC      drivers/gpu/drm/rockchip/dw_hdcp2.o
  CC      drivers/gpu/drm/display/drm_scdc_helper.o
  CC      lib/earlycpio.o
  CC      net/core/netpoll.o
  CC      drivers/tty/tty_baudrate.o
  AR      drivers/regulator/built-in.a
  CC      drivers/tty/tty_jobctrl.o
  CC      mm/cma_sysfs.o
  CC      mm/memfd.o
  CC      fs/ext4/super.o
  CC      drivers/connector/cn_queue.o
  CC      lib/extable.o
  CC      drivers/gpu/drm/display/drm_dp_aux_dev.o
  CC [M]  net/sched/act_police.o
  CC      drivers/char/tpm/eventlog/efi.o
  CC [M]  drivers/gpu/drm/display/drm_dp_aux_bus.o
  CC      kernel/bpf/arraymap.o
  CC      kernel/bpf/percpu_freelist.o
  CC      kernel/bpf/bpf_lru_list.o
  AR      sound/soc/apple/built-in.a
  CC      drivers/base/power/sysfs.o
  CC      mm/page_reporting.o
  CC      drivers/gpu/drm/rockchip/rockchip_drm_drv.o
  CC      fs/ext4/symlink.o
  CC      fs/ext4/sysfs.o
  CC [M]  sound/soc/codecs/aw882xx/aw882xx_init.o
  CC      lib/fdt.o
  CC      kernel/trace/trace_probe.o
  CC      lib/fdt_addresses.o
  CC      drivers/video/hdmi.o
  CC      drivers/video/display_timing.o
  CC      lib/fdt_empty_tree.o
  CC      drivers/video/fbdev/core/fbmon.o
  CC      kernel/bpf/lpm_trie.o
  CC      lib/fdt_ro.o
  CC      drivers/tty/n_null.o
  CC      drivers/base/firmware_loader/builtin/main.o
  CC      drivers/base/regmap/regmap.o
  CC      drivers/connector/connector.o
  CC      drivers/char/tpm/eventlog/of.o
  CC      net/core/fib_rules.o
  CC      kernel/softirq.o
  CC      lib/fdt_rw.o
  CC [M]  net/sched/act_gact.o
  CC      lib/fdt_strerror.o
  CC      fs/ext4/xattr.o
  CC      lib/fdt_sw.o
  CC      mm/ioremap.o
  CC      drivers/base/power/generic_ops.o
  CC [M]  drivers/block/drbd/drbd_bitmap.o
  CC      lib/fdt_wip.o
  AR      drivers/gpu/drm/display/built-in.a
  CC      drivers/video/videomode.o
  CC      drivers/video/of_display_timing.o
  AR      drivers/base/firmware_loader/builtin/built-in.a
  CC      drivers/base/firmware_loader/main.o
  CC      drivers/tty/pty.o
  CC      lib/flex_proportions.o
  CC      kernel/trace/trace_uprobe.o
  CC      drivers/video/of_videomode.o
  CC      net/core/net-traces.o
  CC [M]  drivers/block/zram/zcomp.o
  CC      drivers/char/tpm/tpm_i2c_infineon.o
  CC      kernel/bpf/map_in_map.o
  CC [M]  sound/soc/codecs/aw882xx/aw882xx_calib.o
  CC      drivers/connector/cn_proc.o
  CC      lib/idr.o
  CC      drivers/video/fbdev/core/fbcmap.o
  CC      drivers/gpu/drm/rockchip/rockchip_drm_fb.o
  CC [M]  net/sched/act_mirred.o
  CC [M]  net/sched/act_ipt.o
  CC [M]  mm/zsmalloc.o
  CC      drivers/base/power/common.o
  CC [M]  drivers/block/zram/zram_drv.o
  CC      drivers/tty/tty_audit.o
  CC      drivers/video/fbdev/core/fbsysfs.o
  CC      drivers/tty/sysrq.o
  CC [M]  sound/soc/codecs/aw882xx/aw882xx_spin.o
  CC      kernel/bpf/bloom_filter.o
  CC      kernel/bpf/local_storage.o
  AR      drivers/char/tpm/built-in.a
  CC      drivers/char/lcd_vk2c21.o
  CC      lib/irq_regs.o
  CC      net/bpf/test_run.o
  CC      drivers/base/regmap/regcache.o
  AR      drivers/base/firmware_loader/built-in.a
  CC      net/bpf/bpf_dummy_struct_ops.o
  CC [M]  drivers/block/drbd/drbd_proc.o
  AR      drivers/connector/built-in.a
  CC      drivers/base/regmap/regcache-rbtree.o
  CC      drivers/block/brd.o
  AR      kernel/trace/built-in.a
  CC      lib/is_single_threaded.o
  CC      kernel/resource.o
  CC [M]  net/sched/act_nat.o
  CC      drivers/gpu/drm/rockchip/rockchip_drm_gem.o
  CC      fs/ext4/xattr_hurd.o
  CC      drivers/base/power/qos.o
  CC      drivers/video/fbdev/core/modedb.o
  CC [M]  net/sched/act_pedit.o
  CC      drivers/gpu/drm/rockchip/rockchip_drm_logo.o
  LD [M]  sound/soc/codecs/aw882xx/snd-soc-aw882xx.o
  LD [M]  drivers/block/zram/zram.o
  CC [M]  sound/soc/codecs/it6621/it6621-codec.o
  CC [M]  sound/soc/codecs/it6621/it6621-clk.o
  AR      drivers/char/built-in.a
  CC      lib/klist.o
  CC      fs/hugetlbfs/inode.o
  CC      drivers/base/regmap/regcache-flat.o
  CC [M]  net/sched/act_simple.o
  AR      mm/built-in.a
  CC [M]  net/sched/act_skbedit.o
  CC      kernel/bpf/queue_stack_maps.o
  AR      drivers/tty/built-in.a
  CC      drivers/block/loop.o
  CC      drivers/block/rbd.o
  AR      drivers/misc/rk628/built-in.a
  AR      drivers/misc/rockchip/built-in.a
  CC      drivers/misc/lkdtm/core.o
  CC      drivers/misc/lkdtm/bugs.o
  CC      fs/ext4/xattr_trusted.o
  CC      drivers/base/regmap/regmap-debugfs.o
  CC [M]  drivers/block/drbd/drbd_worker.o
  CC      lib/kobject.o
  CC      lib/kobject_uevent.o
  CC [M]  sound/soc/codecs/it6621/it6621-earc.o
  CC      kernel/sysctl.o
  CC [M]  net/sched/act_csum.o
  CC [M]  sound/soc/codecs/it6621/it6621-uapi.o
  AR      drivers/video/fbdev/omap/built-in.a
  CC      net/core/selftests.o
  CC      drivers/base/power/runtime.o
  CC      kernel/bpf/ringbuf.o
  CC      drivers/gpu/drm/rockchip/rockchip_drm_clk.o
  CC      drivers/gpu/drm/rockchip/rockchip_drm_fbdev.o
  CC      drivers/misc/lkdtm/heap.o
  CC      drivers/video/fbdev/core/fbcvt.o
  AR      fs/hugetlbfs/built-in.a
  CC      drivers/misc/lkdtm/perms.o
  CC      drivers/misc/lkdtm/refcount.o
  CC      drivers/base/regmap/regmap-i2c.o
  CC      fs/ext4/xattr_user.o
  AR      sound/x86/built-in.a
  CC      lib/logic_pio.o
  AR      net/bpf/built-in.a
  CC      lib/maple_tree.o
  CC      lib/memcat_p.o
  CC      lib/nmi_backtrace.o
  CC [M]  net/sched/act_bpf.o
  CC [M]  net/sched/sch_cbq.o
  CC [M]  net/sched/sch_htb.o
  CC      lib/plist.o
  AR      sound/xen/built-in.a
  LD [M]  sound/soc/codecs/it6621/it6621.o
  AR      drivers/gpu/vga/built-in.a
  AR      sound/virtio/built-in.a
  CC      lib/radix-tree.o
  CC      lib/ratelimit.o
  CC      sound/soc/codecs/dummy-codec.o
  CC      drivers/misc/lkdtm/rodata.o
  CC      sound/soc/codecs/es7202.o
  CC      drivers/video/fbdev/core/fb_defio.o
  CC      drivers/video/fbdev/core/fbcon.o
  CC      drivers/gpu/drm/rockchip/rockchip_drm_vop2.o
  CC      fs/ext4/fast_commit.o
  CC      drivers/misc/eeprom/at24.o
  CC      kernel/bpf/bpf_local_storage.o
  CC      drivers/misc/lkdtm/usercopy.o
  CC      drivers/base/power/wakeirq.o
  CC      drivers/base/power/main.o
  AR      drivers/misc/cb710/built-in.a
  CC      sound/soc/codecs/es7243e.o
  CC      sound/soc/codecs/es8311.o
  CC [M]  drivers/block/drbd/drbd_receiver.o
  CC      net/ethtool/ioctl.o
  CC      drivers/base/regmap/regmap-spi.o
  CC      drivers/gpu/arm/midgard/mali_kbase_device.o
  CC      sound/sound_core.o
  CC      net/core/timestamping.o
  CC [M]  net/netfilter/ipset/ip_set_core.o
  CC [M]  net/sched/sch_hfsc.o
  CC [M]  net/netfilter/ipvs/ip_vs_conn.o
  CC      drivers/base/power/wakeup.o
  CC      drivers/misc/lkdtm/stackleak.o
  CC      sound/soc/codecs/es8316.o
  CC [M]  drivers/block/nbd.o
  CC      drivers/misc/eeprom/eeprom_93cx6.o
  CC      drivers/gpu/arm/midgard/mali_kbase_cache_policy.o
  CC      net/netfilter/core.o
  CC      kernel/bpf/bpf_task_storage.o
  CC      drivers/misc/lkdtm/cfi.o
  CC      drivers/misc/lkdtm/fortify.o
  CC      kernel/bpf/disasm.o
  CC      fs/ext4/orphan.o
  CC      drivers/video/fbdev/core/bitblit.o
  CC      drivers/video/fbdev/core/softcursor.o
  CC      lib/rbtree.o
  CC      drivers/base/regmap/regmap-mmio.o
  OBJCOPY drivers/misc/lkdtm/rodata_objcopy.o
  AR      drivers/misc/lkdtm/built-in.a
  CC      drivers/gpu/arm/midgard/mali_kbase_mem.o
  CC      drivers/base/power/wakeup_stats.o
  CC      net/netfilter/nf_log.o
  CC      sound/soc/codecs/es8323.o
  AR      drivers/misc/eeprom/built-in.a
  AR      drivers/misc/ti-st/built-in.a
  AR      drivers/misc/lis3lv02d/built-in.a
  CC [M]  net/sched/sch_red.o
  AR      drivers/misc/cardreader/built-in.a
  CC      drivers/misc/sram.o
  AR      drivers/base/test/built-in.a
  CC      drivers/gpu/arm/midgard/mali_kbase_mmu.o
  CC      lib/seq_buf.o
  CC      net/ethtool/common.o
  CC      net/ethtool/netlink.o
  CC      net/core/ptp_classifier.o
  CC      fs/ext4/acl.o
  CC      kernel/bpf/trampoline.o
  CC [M]  net/netfilter/ipset/ip_set_getport.o
  CC      drivers/base/power/domain.o
  CC      drivers/base/power/domain_governor.o
  CC      drivers/video/fbdev/core/fbcon_rotate.o
  CC      net/ethtool/bitset.o
  CC [M]  net/netfilter/ipset/pfxlen.o
  CC [M]  net/netfilter/ipvs/ip_vs_core.o
  CC [M]  drivers/block/drbd/drbd_req.o
  CC      drivers/base/regmap/regmap-irq.o
  AR      drivers/misc/built-in.a
  CC      net/xfrm/xfrm_policy.o
  CC      net/ipv4/bpfilter/sockopt.o
  CC      sound/soc/codecs/es8326.o
  CC      lib/show_mem.o
  CC      lib/siphash.o
  CC      lib/string.o
  CC [M]  net/sched/sch_gred.o
  CC      fs/ext4/xattr_security.o
  CC      fs/ext4/crypto.o
  CC      drivers/gpu/arm/midgard/mali_kbase_ctx_sched.o
  CC      drivers/video/fbdev/core/fbcon_cw.o
  CC      drivers/gpu/arm/midgard/mali_kbase_jd.o
  CC      kernel/bpf/btf.o
  CC      net/ethtool/strset.o
  AR      sound/soc/adi/built-in.a
  AR      drivers/mfd/rkx110_x120/built-in.a
  CC      drivers/mfd/mfd-core.o
  CC      lib/timerqueue.o
  CC      net/core/netprio_cgroup.o
  CC      net/core/netclassid_cgroup.o
  AR      net/ipv4/bpfilter/built-in.a
  AR      net/ipv4/netfilter/built-in.a
  CC [M]  net/ipv4/netfilter/nf_defrag_ipv4.o
  CC [M]  net/ipv4/netfilter/nf_socket_ipv4.o
  AR      sound/soc/amd/built-in.a
  CC      net/xfrm/xfrm_state.o
  CC      sound/soc/codecs/max98090.o
  CC [M]  drivers/base/regmap/regmap-sccb.o
  CC      sound/soc/codecs/hdmi-codec.o
  CC [M]  net/netfilter/ipset/ip_set_bitmap_ip.o
  AR      fs/ext4/built-in.a
  CC      fs/fat/cache.o
  CC      drivers/base/power/clock_ops.o
  CC      lib/vsprintf.o
  CC [M]  net/netfilter/ipset/ip_set_bitmap_ipmac.o
  CC      drivers/gpu/arm/midgard/mali_kbase_jd_debugfs.o
  CC [M]  drivers/block/drbd/drbd_actlog.o
  CC      drivers/video/fbdev/core/fbcon_ud.o
  CC [M]  net/sched/sch_ingress.o
  CC      drivers/gpu/drm/rockchip/rockchip_vop2_reg.o
  CC [M]  net/sched/sch_dsmark.o
  CC      net/ethtool/linkinfo.o
  CC      drivers/mfd/tps6586x.o
  CC [M]  net/netfilter/ipvs/ip_vs_ctl.o
  CC      net/xfrm/xfrm_hash.o
  CC      fs/fat/dir.o
  CC      fs/fat/fatent.o
  CC      drivers/gpu/arm/midgard/mali_kbase_jm.o
  CC      net/core/lwtunnel.o
  AR      drivers/base/power/built-in.a
  CC      net/core/lwt_bpf.o
  AR      drivers/base/regmap/built-in.a
  CC      drivers/base/component.o
  CC      drivers/video/fbdev/core/fbcon_ccw.o
  CC      net/core/dst_cache.o
  CC      drivers/gpu/drm/rockchip/rockchip_post_csc.o
  CC      drivers/video/fbdev/core/cfbfillrect.o
  CC      drivers/video/fbdev/core/cfbcopyarea.o
  CC      net/xfrm/xfrm_input.o
  CC      sound/soc/codecs/rk3308_codec.o
  CC [M]  net/netfilter/ipset/ip_set_bitmap_port.o
  CC [M]  net/sched/sch_sfb.o
  CC      net/ethtool/linkmodes.o
  CC [M]  drivers/block/drbd/drbd_main.o
  CC [M]  net/ipv4/netfilter/nf_tproxy_ipv4.o
  CC      net/ethtool/linkstate.o
  CC      lib/win_minmax.o
  CC      drivers/mfd/rk806-core.o
  CC      drivers/gpu/arm/midgard/mali_kbase_gpuprops.o
  CC      lib/xarray.o
  CC [M]  drivers/block/drbd/drbd_strings.o
  CC      net/core/gro_cells.o
  CC      drivers/base/core.o
  CC      kernel/bpf/memalloc.o
  CC      drivers/gpu/drm/rockchip/rockchip_drm_vop.o
  CC      drivers/video/fbdev/core/cfbimgblt.o
  CC      fs/fat/file.o
  CC [M]  drivers/block/drbd/drbd_nl.o
  CC [M]  net/netfilter/ipvs/ip_vs_sched.o
  CC [M]  net/netfilter/ipset/ip_set_hash_ip.o
  CC [M]  net/netfilter/ipset/ip_set_hash_ipmac.o
  CC      drivers/video/fbdev/core/sysfillrect.o
  CC      net/ethtool/debug.o
  CC      net/ethtool/wol.o
  CC [M]  net/sched/sch_sfq.o
  CC      net/xfrm/xfrm_output.o
  CC      sound/soc/codecs/rk3328_codec.o
  CC      sound/soc/codecs/rk3528_codec.o
  CC      net/core/skmsg.o
  CC      drivers/gpu/arm/midgard/mali_kbase_js.o
  CC      drivers/mfd/rk806-i2c.o
  CC      kernel/bpf/dispatcher.o
  CC [M]  net/ipv4/netfilter/nf_reject_ipv4.o
  CC      lib/lockref.o
  CC [M]  drivers/block/virtio_blk.o
  CC      lib/bcd.o
  CC      net/xfrm/xfrm_sysctl.o
  CC      drivers/mfd/rk806-spi.o
  CC      sound/soc/codecs/rk817_codec.o
  CC      drivers/mfd/rk808.o
  CC      net/ethtool/features.o
  CC      fs/fat/inode.o
  CC      net/ethtool/privflags.o
  CC      lib/sort.o
  CC      lib/parser.o
  CC      drivers/video/fbdev/core/syscopyarea.o
  CC [M]  net/sched/sch_tbf.o
  CC      drivers/base/bus.o
  CC [M]  net/netfilter/ipvs/ip_vs_xmit.o
  AR      drivers/nfc/built-in.a
  CC      drivers/mfd/syscon.o
  CC      kernel/bpf/devmap.o
  CC      drivers/gpu/arm/midgard/mali_kbase_js_ctx_attr.o
  CC      drivers/gpu/arm/midgard/mali_kbase_event.o
  CC [M]  net/netfilter/ipset/ip_set_hash_ipmark.o
  CC [M]  net/netfilter/ipset/ip_set_hash_ipport.o
  AR      drivers/gpu/drm/omapdrm/built-in.a
  CC      drivers/base/dd.o
  CC [M]  net/ipv4/netfilter/nf_nat_h323.o
  CC      lib/debug_locks.o
  CC      lib/random32.o
  CC [M]  drivers/block/drbd/drbd_interval.o
  CC      sound/soc/codecs/rk_codec_digital.o
  CC      net/xfrm/xfrm_replay.o
  CC      drivers/dma-buf/heaps/system_heap.o
  CC [M]  net/netfilter/ipset/ip_set_hash_ipportip.o
  CC      net/ethtool/rings.o
  CC      net/core/sock_map.o
  CC [M]  drivers/block/drbd/drbd_state.o
  CC [M]  drivers/mfd/rdc321x-southbridge.o
  CC      kernel/capability.o
  CC [M]  net/sched/sch_teql.o
  CC      drivers/gpu/drm/rockchip/rockchip_vop_reg.o
  CC      lib/bust_spinlocks.o
  CC      fs/fat/misc.o
  CC      lib/kasprintf.o
  CC      drivers/video/fbdev/core/sysimgblt.o
  CC      drivers/gpu/arm/midgard/mali_kbase_context.o
  CC      fs/fat/nfs.o
  CC      kernel/bpf/cpumap.o
  CC      drivers/dma-buf/heaps/cma_heap.o
  CC      sound/soc/codecs/rl6231.o
  CC [M]  net/netfilter/ipvs/ip_vs_app.o
  CC      kernel/bpf/offload.o
  CC      drivers/base/syscore.o
  CC [M]  drivers/mfd/wl1273-core.o
  CC      net/ethtool/channels.o
  CC [M]  net/ipv4/netfilter/nf_nat_pptp.o
  CC      net/ethtool/coalesce.o
  CC      lib/bitmap.o
  CC [M]  net/netfilter/ipset/ip_set_hash_ipportnet.o
  CC      drivers/gpu/drm/rockchip/analogix_dp-rockchip.o
  AR      drivers/cxl/core/built-in.a
  AR      drivers/cxl/built-in.a
  CC      drivers/gpu/drm/rockchip/cdn-dp-core.o
  CC [M]  net/netfilter/ipvs/ip_vs_sync.o
  CC [M]  net/sched/sch_prio.o
  CC      net/core/bpf_sk_storage.o
  CC      net/xfrm/xfrm_device.o
  AR      drivers/dma-buf/heaps/built-in.a
  CC      drivers/dma-buf/dma-buf.o
  CC      fs/fat/namei_vfat.o
  CC      drivers/dma-buf/dma-fence.o
  CC      drivers/video/fbdev/core/fb_sys_fops.o
  CC      sound/soc/codecs/rt5616.o
  CC      drivers/gpu/arm/midgard/mali_kbase_pm.o
  CC [M]  drivers/mfd/rockchip-flexbus.o
  CC [M]  drivers/mfd/khadas-mcu.o
  CC [M]  drivers/block/drbd/drbd_nla.o
  CC      net/ethtool/pause.o
  CC [M]  net/netfilter/ipvs/ip_vs_est.o
  CC      kernel/bpf/net_namespace.o
  CC      drivers/base/driver.o
  ASN.1   net/ipv4/netfilter/nf_nat_snmp_basic.asn1.[ch]
  CC [M]  net/ipv4/netfilter/nft_reject_ipv4.o
  CC      lib/scatterlist.o
  CC [M]  net/sched/sch_multiq.o
  CC [M]  drivers/block/drbd/drbd_debugfs.o
  CC      drivers/gpu/drm/rockchip/cdn-dp-reg.o
  CC      drivers/dma-buf/dma-fence-array.o
  CC [M]  fs/fat/namei_msdos.o
  CC      net/xfrm/xfrm_algo.o
  CC      drivers/dma-buf/dma-fence-chain.o
  CC [M]  drivers/mfd/simple-mfd-i2c.o
  CC      net/core/of_net.o
  CC      drivers/gpu/arm/midgard/mali_kbase_config.o
  CC      sound/soc/codecs/rt5640.o
  CC      sound/last.o
  CC      net/unix/af_unix.o
  AR      net/ipv6/netfilter/built-in.a
  CC [M]  net/ipv6/netfilter/ip6_tables.o
  AR      drivers/video/fbdev/core/built-in.a
  CC      net/ethtool/eee.o
  AR      drivers/video/fbdev/omap2/omapfb/dss/built-in.a
  AR      drivers/video/fbdev/omap2/omapfb/displays/built-in.a
  AR      drivers/video/fbdev/omap2/omapfb/built-in.a
  AR      drivers/video/fbdev/omap2/built-in.a
  AR      drivers/video/fbdev/built-in.a
  CC      drivers/base/class.o
  CC      net/unix/garbage.o
  AR      drivers/video/built-in.a
  CC      kernel/bpf/stackmap.o
  CC [M]  net/netfilter/ipset/ip_set_hash_mac.o
  CC [M]  net/netfilter/ipvs/ip_vs_proto.o
  CC [M]  net/netfilter/ipvs/ip_vs_pe.o
  CC [M]  net/netfilter/ipset/ip_set_hash_net.o
  CC [M]  net/ipv4/netfilter/nft_fib_ipv4.o
  CC [M]  net/ipv4/netfilter/nft_dup_ipv4.o
  CC      drivers/dma-buf/dma-fence-unwrap.o
  CC [M]  net/netfilter/ipvs/ip_vs_proto_tcp.o
  AR      fs/fat/built-in.a
  LD [M]  fs/fat/msdos.o
  CC [M]  net/sched/sch_atm.o
  CC      lib/list_sort.o
  CC      fs/nfs/filelayout/filelayout.o
  AR      drivers/mfd/built-in.a
  CC      fs/nfs/flexfilelayout/flexfilelayout.o
  CC      drivers/gpu/arm/midgard/mali_kbase_vinstr.o
  CC      drivers/gpu/drm/rockchip/cdn-dp-link-training.o
  CC      lib/uuid.o
  LD [M]  drivers/block/drbd/drbd.o
  AR      drivers/block/built-in.a
  CC      kernel/bpf/cgroup_iter.o
  CC [M]  net/core/pktgen.o
  CC      lib/iov_iter.o
  CC      net/ethtool/tsinfo.o
  CC      net/xfrm/xfrm_user.o
  CC      drivers/dma-buf/dma-resv.o
  CC [M]  net/xfrm/xfrm_ipcomp.o
  CC      fs/nfs/flexfilelayout/flexfilelayoutdev.o
  CC      kernel/bpf/cgroup.o
  CC      drivers/base/platform.o
  CC      sound/soc/codecs/rt5645.o
  CC      drivers/dma-buf/dma-heap.o
  CC      drivers/gpu/drm/rockchip/dw_hdmi-rockchip.o
  CC [M]  net/sched/sch_netem.o
  CC      kernel/bpf/reuseport_array.o
  AR      drivers/macintosh/built-in.a
  CC [M]  net/netfilter/ipset/ip_set_hash_netport.o
  CC      drivers/gpu/arm/midgard/mali_kbase_softjobs.o
  CC [M]  net/sched/sch_drr.o
  CC      fs/nfs/filelayout/filelayoutdev.o
  CC [M]  net/ipv4/netfilter/ip_tables.o
  CC [M]  net/ipv6/netfilter/ip6table_filter.o
  CC [M]  net/netfilter/ipvs/ip_vs_proto_udp.o
  CC      net/unix/sysctl_net_unix.o
  CC [M]  net/ipv4/netfilter/iptable_filter.o
  CC      net/ethtool/cabletest.o
  CC [M]  net/ipv6/netfilter/ip6table_mangle.o
  CC      drivers/base/cpu.o
  CC      drivers/dma-buf/dma-buf-cache.o
  AR      fs/nfs/flexfilelayout/built-in.a
  CC      net/netfilter/nf_queue.o
  CC      sound/soc/codecs/rt5651.o
  CC      lib/clz_ctz.o
  AR      sound/soc/atmel/built-in.a
  CC [M]  net/core/drop_monitor.o
  CC [M]  net/core/failover.o
  CC      drivers/gpu/drm/rockchip/dw-mipi-dsi-rockchip.o
  CC      lib/bsearch.o
  CC [M]  net/sched/sch_plug.o
  CC      drivers/gpu/arm/midgard/mali_kbase_10969_workaround.o
  CC [M]  net/sched/sch_mqprio.o
  AR      fs/nfs/filelayout/built-in.a
  CC [M]  fs/nfs/blocklayout/blocklayout.o
  CC      sound/soc/codecs/spdif_receiver.o
  CC      kernel/ptrace.o
  CC      net/unix/unix_bpf.o
  CC      net/ethtool/tunnels.o
  CC [M]  net/netfilter/ipvs/ip_vs_proto_ah_esp.o
  CC      drivers/base/firmware.o
  CC [M]  net/xfrm/xfrm_interface_core.o
  CC      kernel/bpf/bpf_struct_ops.o
  CC      kernel/bpf/relo_core.o
  CC      drivers/dma-buf/sync_file.o
  CC [M]  net/ipv6/netfilter/ip6table_raw.o
  CC [M]  net/netfilter/ipset/ip_set_hash_netiface.o
  CC [M]  net/netfilter/ipset/ip_set_hash_netnet.o
  CC [M]  net/netfilter/ipset/ip_set_hash_netportnet.o
  CC [M]  net/ipv4/netfilter/iptable_mangle.o
  CC      sound/soc/codecs/spdif_transmitter.o
  CC      drivers/gpu/arm/midgard/mali_kbase_hw.o
  CC [M]  net/ipv4/netfilter/iptable_nat.o
  CC      lib/find_bit.o
  CC      drivers/gpu/drm/rockchip/dw-mipi-dsi2-rockchip.o
  CC [M]  net/ipv6/netfilter/ip6table_security.o
  CC [M]  net/sched/sch_choke.o
  CC      drivers/base/init.o
  CC      lib/llist.o
  CC      net/unix/scm.o
  CC [M]  net/netfilter/ipvs/ip_vs_proto_sctp.o
  CC      net/ethtool/fec.o
  CC [M]  fs/nfs/blocklayout/dev.o
  AR      net/core/built-in.a
  CC [M]  net/netfilter/ipvs/ip_vs_nfct.o
  CC [M]  net/ipv4/netfilter/iptable_raw.o
  CC      drivers/dma-buf/sw_sync.o
  CC      lib/memweight.o
  CC      lib/kfifo.o
  CC      sound/soc/codecs/ts3a227e.o
  CC [M]  net/ipv6/netfilter/ip6table_nat.o
  CC      kernel/user.o
  AR      kernel/bpf/built-in.a
  CC      kernel/signal.o
  AR      net/xfrm/built-in.a
  LD [M]  net/xfrm/xfrm_interface.o
  CC      lib/percpu-refcount.o
  CC      drivers/gpu/arm/midgard/mali_kbase_utility.o
  CC [M]  net/sched/sch_qfq.o
  CC      drivers/base/map.o
  CC      drivers/base/devres.o
  CC      drivers/base/attribute_container.o
  CC      drivers/gpu/drm/rockchip/dw-dp.o
  CC      drivers/gpu/arm/midgard/mali_kbase_debug.o
  CC      lib/rhashtable.o
  CC      drivers/dma-buf/sync_debug.o
  CC      net/ethtool/eeprom.o
  CC [M]  net/ipv4/netfilter/iptable_security.o
  CC [M]  net/ipv4/netfilter/ipt_ah.o
  CC [M]  fs/nfs/blocklayout/extent_tree.o
  CC [M]  net/ipv6/ila/ila_main.o
  CC [M]  net/ipv6/ila/ila_common.o
  CC [M]  net/netfilter/ipset/ip_set_list_set.o
  CC      net/netfilter/nf_sockopt.o
  CC      drivers/gpu/arm/midgard/mali_kbase_trace_timeline.o
  CC [M]  fs/nfs/blocklayout/rpc_pipefs.o
  CC      drivers/base/transport_class.o
  CC      drivers/base/topology.o
  CC [M]  net/unix/diag.o
  CC [M]  net/ipv6/netfilter/nf_defrag_ipv6_hooks.o
  AR      sound/soc/codecs/built-in.a
  CC      drivers/dma-buf/dma-buf-sysfs-stats.o
  AR      sound/soc/au1x/built-in.a
  AR      sound/soc/bcm/built-in.a
  AR      sound/soc/cirrus/built-in.a
  CC      drivers/base/container.o
  AR      sound/soc/dwc/built-in.a
  AR      sound/soc/fsl/built-in.a
  CC [M]  net/netfilter/ipvs/ip_vs_rr.o
  AR      sound/soc/hisilicon/built-in.a
  AR      sound/soc/jz4740/built-in.a
  CC [M]  net/sched/sch_codel.o
  CC      drivers/gpu/drm/rockchip/inno_hdmi.o
  AR      sound/soc/img/built-in.a
  AR      sound/soc/intel/common/built-in.a
  AR      sound/soc/intel/boards/built-in.a
  AR      sound/soc/intel/built-in.a
  AR      sound/soc/mediatek/built-in.a
  AR      sound/soc/meson/built-in.a
  AR      sound/soc/mxs/built-in.a
  AR      sound/soc/kirkwood/built-in.a
  AR      sound/soc/pxa/built-in.a
  AR      sound/soc/qcom/built-in.a
  CC      sound/soc/rockchip/rockchip_utils.o
  CC      kernel/sys.o
  CC      net/ethtool/stats.o
  CC      lib/base64.o
  CC      lib/once.o
  CC [M]  net/ipv4/netfilter/ipt_rpfilter.o
  CC      net/ipv6/addrconf_core.o
  CC      drivers/gpu/arm/midgard/mali_kbase_gpu_memory_debugfs.o
  CC      drivers/base/property.o
  CC [M]  net/ipv6/ila/ila_lwt.o
  CC      lib/refcount.o
  CC      lib/usercopy.o
  AR      drivers/dma-buf/built-in.a
  CC      lib/errseq.o
  CC      drivers/scsi/scsi.o
  CC      drivers/scsi/hosts.o
  LD [M]  fs/nfs/blocklayout/blocklayoutdriver.o
  CC [M]  net/netfilter/ipvs/ip_vs_wrr.o
  CC      fs/nfs/client.o
  AR      net/unix/built-in.a
  LD [M]  net/unix/unix_diag.o
  LD [M]  net/netfilter/ipset/ip_set.o
  CC      fs/exportfs/expfs.o
  CC [M]  net/sched/sch_fq_codel.o
  CC      net/netfilter/utils.o
  CC      sound/soc/rockchip/rockchip_i2s.o
  AR      drivers/gpu/drm/tilcdc/built-in.a
  CC      lib/bucket_locks.o
  CC      lib/generic-radix-tree.o
  CC [M]  net/netfilter/ipvs/ip_vs_lc.o
  CC      drivers/gpu/drm/rockchip/rockchip_lvds.o
  CC      fs/nfs/dir.o
  CC [M]  net/netfilter/ipvs/ip_vs_wlc.o
  CC [M]  net/netfilter/ipvs/ip_vs_fo.o
  CC [M]  net/netfilter/ipvs/ip_vs_ovf.o
  CC      drivers/gpu/arm/midgard/mali_kbase_mem_linux.o
  CC      net/ethtool/phc_vclocks.o
  CC [M]  net/ipv4/netfilter/ipt_CLUSTERIP.o
  CC [M]  net/ipv6/netfilter/nf_conntrack_reasm.o
  CC [M]  net/ipv6/ila/ila_xlat.o
  AR      fs/exportfs/built-in.a
  CC [M]  net/ipv6/netfilter/nf_socket_ipv6.o
  CC      drivers/scsi/scsi_ioctl.o
  CC      drivers/scsi/scsicam.o
  CC [M]  net/netfilter/ipvs/ip_vs_lblc.o
  CC      sound/soc/rockchip/rockchip_i2s_tdm.o
  CC      lib/string_helpers.o
  CC      drivers/base/cacheinfo.o
  CC      drivers/base/swnode.o
  CC [M]  net/sched/sch_cake.o
  CC      kernel/umh.o
  CC      drivers/gpu/drm/rockchip/rockchip_rgb.o
  CC      drivers/base/devtmpfs.o
  CC [M]  net/netfilter/ipvs/ip_vs_lblcr.o
  CC [M]  net/ipv4/netfilter/ipt_ECN.o
  CC      net/ethtool/module.o
  CC      drivers/gpu/arm/bifrost/mali_kbase_cache_policy.o
  CC      net/ethtool/pse-pd.o
  CC      net/ipv6/exthdrs_core.o
  CC      drivers/gpu/arm/midgard/mali_kbase_core_linux.o
  CC      drivers/scsi/scsi_error.o
  CC      drivers/scsi/scsi_lib.o
  LD [M]  net/ipv6/ila/ila.o
  CC      drivers/scsi/constants.o
  CC      lib/hexdump.o
  CC      lib/kstrtox.o
  CC      fs/nfs/file.o
  CC      lib/pci_iomap.o
  CC      sound/soc/rockchip/rockchip_pdm.o
  CC      drivers/base/module.o
  CC      drivers/scsi/scsi_lib_dma.o
  CC [M]  net/netfilter/ipvs/ip_vs_dh.o
  CC [M]  drivers/gpu/drm/rockchip/rockchip_dp_mst_aux_client.o
  CC      lib/iomap_copy.o
  CC      sound/soc/rockchip/rockchip_spdif.o
  CC [M]  net/ipv4/netfilter/ipt_REJECT.o
  CC [M]  net/netfilter/ipvs/ip_vs_sh.o
  CC      kernel/workqueue.o
  CC      kernel/pid.o
  AR      net/ethtool/built-in.a
  CC [M]  net/ipv6/netfilter/nf_tproxy_ipv6.o
  CC      drivers/nvme/common/auth.o
  CC      drivers/gpu/arm/bifrost/mali_kbase_ccswe.o
  CC      drivers/base/soc.o
  CC [M]  net/sched/sch_fq.o
  CC [M]  net/sched/sch_hhf.o
  CC [M]  net/sched/sch_pie.o
  CC      drivers/scsi/scsi_scan.o
  CC      drivers/nvme/host/core.o
  CC      drivers/nvme/host/ioctl.o
  CC      drivers/gpu/arm/bifrost/mali_kbase_mem.o
  CC      net/ipv6/ip6_checksum.o
  CC      lib/devres.o
  CC      sound/soc/rockchip/rockchip_spdifrx.o
  CC [M]  net/netfilter/ipvs/ip_vs_mh.o
  GEN     drivers/scsi/scsi_devinfo_tbl.c
  CC [M]  net/netfilter/ipvs/ip_vs_sed.o
  CC [M]  net/netfilter/ipvs/ip_vs_nq.o
  CC [M]  net/ipv6/netfilter/nf_reject_ipv6.o
  CC [M]  net/ipv4/netfilter/ipt_SYNPROXY.o
  AR      drivers/nvme/common/built-in.a
  CC [M]  drivers/gpu/drm/rockchip/rockchip_dp_mst_aux_client_helper.o
  CC      kernel/task_work.o
  CC      drivers/gpu/arm/midgard/mali_kbase_replay.o
  CC [M]  net/ipv4/netfilter/arp_tables.o
  CC      drivers/base/pinctrl.o
  CC      lib/hweight.o
  CC      fs/nfs/getroot.o
  CC      sound/soc/rockchip/rockchip_trcm.o
  CC      lib/interval_tree.o
  CC      net/ipv4/route.o
  AR      drivers/gpu/drm/imx/built-in.a
  CC      kernel/extable.o
  CC [M]  net/sched/cls_u32.o
  CC      net/ipv6/ip6_icmp.o
  CC      drivers/nvme/host/trace.o
  CC      drivers/base/devcoredump.o
  AR      drivers/gpu/drm/i2c/built-in.a
  CC [M]  net/netfilter/ipvs/ip_vs_ftp.o
  CC      lib/assoc_array.o
  AR      drivers/nvme/target/built-in.a
  CC [M]  drivers/nvme/target/core.o
  CC      lib/bitrev.o
  CC      drivers/scsi/scsi_devinfo.o
  CC      drivers/gpu/arm/bifrost/mali_kbase_mem_migrate.o
  AR      sound/soc/samsung/built-in.a
  CC      lib/linear_ranges.o
  CC      fs/lockd/clntlock.o
  CC      lib/crc-ccitt.o
  CC [M]  net/ipv4/netfilter/arpt_mangle.o
  CC      drivers/gpu/arm/midgard/mali_kbase_mem_profile_debugfs.o
  AR      drivers/gpu/drm/panel/built-in.a
  CC [M]  drivers/gpu/drm/panel/panel-abt-y030xx067a.o
  AR      drivers/gpu/drm/rockchip/built-in.a
  CC      fs/nfs/inode.o
  LD [M]  drivers/gpu/drm/rockchip/rockchip_aux_client.o
  CC      drivers/base/platform-msi.o
  CC [M]  drivers/nvme/target/configfs.o
  CC      kernel/params.o
  CC      sound/soc/rockchip/rockchip_hdmi.o
  CC [M]  net/ipv6/netfilter/nf_dup_ipv6.o
  CC      lib/crc16.o
  CC [M]  net/sched/cls_route.o
  CC      fs/lockd/clntproc.o
  CC      fs/lockd/clntxdr.o
  CC      drivers/gpu/arm/bifrost/mali_kbase_mem_pool_group.o
  CC      drivers/gpu/arm/bifrost/mali_kbase_native_mgm.o
  CC [M]  drivers/nvme/target/admin-cmd.o
  CC      drivers/gpu/arm/midgard/mali_kbase_mmu_mode_lpae.o
  CC      drivers/nvme/host/multipath.o
  CC [M]  drivers/gpu/drm/panel/panel-asus-z00t-tm5p5-n35596.o
  CC [M]  net/netfilter/ipvs/ip_vs_pe_sip.o
  CC [M]  net/ipv4/netfilter/arptable_filter.o
  CC      drivers/scsi/scsi_sysctl.o
  CC [M]  net/ipv4/netfilter/nf_dup_ipv4.o
  CC      sound/soc/rockchip/rockchip_max98090.o
  CC      drivers/base/arch_topology.o
  CC      net/ipv4/inetpeer.o
  CC [M]  net/sched/cls_basic.o
  CC      drivers/nvme/host/hwmon.o
  CC      lib/crc-t10dif.o
  CC      lib/crc-itu-t.o
  CC      kernel/kthread.o
  CC      drivers/gpu/arm/midgard/mali_kbase_mmu_mode_aarch64.o
  CC [M]  drivers/nvme/target/fabrics-cmd.o
  CC      drivers/scsi/scsi_proc.o
  CC [M]  net/sched/cls_flow.o
  CC      drivers/base/trace.o
  CC [M]  drivers/gpu/drm/panel/panel-boe-bf060y8m-aj0.o
  CC      drivers/gpu/arm/bifrost/mali_kbase_ctx_sched.o
  CC      drivers/gpu/arm/bifrost/mali_kbase_gpuprops.o
  CC      drivers/nvme/host/auth.o
  CC      fs/nfs/super.o
  CC      fs/nfs/io.o
  CC      sound/soc/rockchip/rockchip_multicodecs.o
  CC [M]  net/ipv6/netfilter/nft_reject_ipv6.o
  LD [M]  net/netfilter/ipvs/ip_vs.o
  CC      net/netfilter/x_tables.o
  CC      fs/lockd/host.o
  CC [M]  drivers/gpu/drm/panel/panel-boe-himax8279d.o
  CC      fs/nls/nls_base.o
  HOSTCC  lib/gen_crc32table
  CC [M]  net/sched/cls_cgroup.o
  HOSTCC  lib/gen_crc64table
  CC      net/netfilter/xt_tcpudp.o
  CC [M]  drivers/nvme/target/discovery.o
  CC      lib/crc7.o
  CC      drivers/scsi/scsi_debugfs.o
  CC      drivers/gpu/arm/midgard/mali_kbase_disjoint_events.o
  CC      drivers/scsi/scsi_trace.o
  CC      drivers/scsi/scsi_logging.o
  CC [M]  net/ipv4/netfilter/nf_nat_snmp_basic.asn1.o
  AR      drivers/base/built-in.a
  CC      kernel/sys_ni.o
  CC      net/ipv4/protocol.o
  CC [M]  net/ipv4/netfilter/nf_nat_snmp_basic_main.o
  CC      drivers/nvme/host/pci.o
  CC      sound/soc/rockchip/rockchip_rt5645.o
  CC      drivers/ata/libata-core.o
  CC      drivers/gpu/arm/bifrost/mali_kbase_pm.o
  CC      drivers/gpu/drm/bridge/analogix/analogix_dp_core.o
  CC      drivers/gpu/drm/bridge/analogix/analogix_dp_reg.o
  CC [M]  net/ipv6/netfilter/nft_dup_ipv6.o
  CC [M]  drivers/gpu/drm/panel/panel-boe-tv101wum-nl6.o
  CC      kernel/nsproxy.o
  CC      fs/nls/nls_cp437.o
  CC [M]  drivers/nvme/target/io-cmd-file.o
  CC      fs/nfs/direct.o
  CC      net/ipv6/output_core.o
  CC      lib/libcrc32c.o
  AR      drivers/gpu/drm/hisilicon/built-in.a
  AR      drivers/gpu/drm/mxsfb/built-in.a
  CC      drivers/gpu/drm/bridge/analogix/analogix-i2c-dptx.o
  CC      fs/lockd/svc.o
  CC      drivers/gpu/arm/midgard/mali_kbase_gator_api.o
  CC [M]  net/sched/cls_bpf.o
  CC      drivers/scsi/scsi_pm.o
  CC      drivers/scsi/scsi_bsg.o
  CC [M]  sound/soc/rockchip/rockchip_pdm_v2.o
  CC      fs/nls/nls_cp936.o
  CC      net/ipv4/ip_input.o
  LD [M]  net/ipv4/netfilter/nf_nat_snmp_basic.o
  CC [M]  drivers/gpu/drm/panel/panel-dsi-cm.o
  CC      fs/nfs/pagelist.o
  CC [M]  net/ipv6/netfilter/nft_fib_ipv6.o
  CC      fs/nfs/read.o
  CC [M]  drivers/nvme/target/io-cmd-bdev.o
  CC      kernel/notifier.o
  CC      net/netfilter/nf_hooks_lwtunnel.o
  CC      lib/crc64-rocksoft.o
  CC      drivers/gpu/arm/midgard/mali_kbase_debug_mem_view.o
  CC [M]  drivers/nvme/host/fabrics.o
  CC      drivers/scsi/scsi_common.o
  CC      fs/nls/nls_ascii.o
  AR      sound/soc/rockchip/built-in.a
  LD [M]  sound/soc/rockchip/snd-soc-rockchip-pdm-v2.o
  AR      sound/soc/sh/built-in.a
  AR      sound/soc/sof/built-in.a
  AR      sound/soc/spear/built-in.a
  CC      drivers/gpu/arm/bifrost/mali_kbase_config.o
  AR      sound/soc/sprd/built-in.a
  AR      sound/soc/sti/built-in.a
  AR      sound/soc/stm/built-in.a
  CC      net/ipv6/protocol.o
  AR      sound/soc/sunxi/built-in.a
  AR      sound/soc/tegra/built-in.a
  AR      sound/soc/ti/built-in.a
  AR      sound/soc/uniphier/built-in.a
  AR      sound/soc/ux500/built-in.a
  CC [M]  net/sched/cls_flower.o
  AR      sound/soc/xilinx/built-in.a
  CC      drivers/gpu/arm/midgard/mali_kbase_debug_job_fault.o
  AR      sound/soc/xtensa/built-in.a
  CC      sound/soc/soc-core.o
  CC      sound/soc/soc-dapm.o
  AR      drivers/gpu/drm/bridge/analogix/built-in.a
  AR      drivers/gpu/drm/bridge/cadence/built-in.a
  AR      drivers/gpu/drm/bridge/imx/built-in.a
  CC      drivers/gpu/drm/bridge/synopsys/dw-hdmi.o
  CC      kernel/ksysfs.o
  CC [M]  drivers/gpu/drm/panel/panel-lvds.o
  CC [M]  drivers/nvme/target/passthru.o
  CC      fs/nls/nls_iso8859-1.o
  CC      fs/lockd/svclock.o
  CC      lib/xxhash.o
  CC [M]  net/netfilter/nfnetlink.o
  CC      sound/soc/soc-jack.o
  CC      fs/lockd/svcshare.o
  CC      drivers/scsi/scsi_transport_spi.o
  CC      drivers/ata/libata-scsi.o
  CC      fs/nls/nls_utf8.o
  CC      net/ipv4/ip_fragment.o
  CC      fs/nfs/symlink.o
  CC      drivers/gpu/arm/midgard/mali_kbase_smc.o
  CC      drivers/gpu/arm/bifrost/mali_kbase_kinstr_prfcnt.o
  CC [M]  drivers/gpu/drm/panel/panel-simple.o
  CC [M]  net/ipv6/netfilter/ip6t_ah.o
  CC [M]  drivers/nvme/host/fc.o
  CC      kernel/cred.o
  CC [M]  drivers/nvme/target/fabrics-cmd-auth.o
  CC      fs/nfs/unlink.o
  CC      kernel/reboot.o
  CC      lib/genalloc.o
  CC      sound/soc/soc-utils.o
  CC      fs/nfs/write.o
  AR      fs/nls/built-in.a
  CC      fs/nfs/namespace.o
  CC      fs/lockd/svcproc.o
  CC [M]  net/sched/cls_matchall.o
In file included from /home/wanpublic/ubuntu-rockchip/build/linux-rockchip/drivers/gpu/arm/bifrost/mali_kbase_kinstr_prfcnt.c:40:
/home/wanpublic/ubuntu-rockchip/build/linux-rockchip/include/linux/version_compat_defs.h:70:9: note: '#pragma message: kbase_mmap_min_addr compiled to CONFIG_LSM_MMAP_MIN_ADDR, no runtime update!'
   70 | #pragma message "kbase_mmap_min_addr compiled to CONFIG_LSM_MMAP_MIN_ADDR, no runtime update!"
      |         ^~~~~~~
  CC [M]  net/sched/em_cmp.o
  CC      drivers/gpu/arm/midgard/mali_kbase_mem_pool.o
  CC      drivers/scsi/sd.o
  CC [M]  net/netfilter/nfnetlink_acct.o
  CC      drivers/gpu/drm/bridge/synopsys/dw-hdmi-hdcp.o
  CC [M]  drivers/nvme/target/auth.o
  CC      fs/nfs/mount_clnt.o
  CC [M]  drivers/nvme/target/trace.o
  CC [M]  drivers/gpu/drm/panel/panel-edp.o
  CC [M]  net/ipv6/netfilter/ip6t_eui64.o
  CC      drivers/gpu/arm/bifrost/mali_kbase_vinstr.o
  CC      drivers/ata/libata-eh.o
  CC      lib/textsearch.o
  CC      fs/nfs/nfstrace.o
  CC      sound/soc/soc-dai.o
  CC      kernel/async.o
  CC      net/ipv4/ip_forward.o
  CC      net/ipv4/ip_options.o
  CC      fs/lockd/svcsubs.o
  CC      net/ipv4/ip_output.o
  CC      drivers/ata/libata-transport.o
  CC [M]  net/sched/em_nbyte.o
In file included from /home/wanpublic/ubuntu-rockchip/build/linux-rockchip/drivers/gpu/arm/bifrost/mali_kbase_vinstr.c:41:
/home/wanpublic/ubuntu-rockchip/build/linux-rockchip/include/linux/version_compat_defs.h:70:9: note: '#pragma message: kbase_mmap_min_addr compiled to CONFIG_LSM_MMAP_MIN_ADDR, no runtime update!'
   70 | #pragma message "kbase_mmap_min_addr compiled to CONFIG_LSM_MMAP_MIN_ADDR, no runtime update!"
      |         ^~~~~~~
  CC      drivers/ata/libata-trace.o
  CC      drivers/gpu/arm/midgard/mali_kbase_mem_pool_debugfs.o
  CC [M]  drivers/nvme/target/loop.o
  CC      drivers/gpu/drm/bridge/synopsys/dw-hdmi-qp.o
  CC [M]  drivers/nvme/host/tcp.o
  CC      lib/percpu_counter.o
  CC      drivers/gpu/arm/bifrost/mali_kbase_softjobs.o
  CC      kernel/range.o
  CC [M]  drivers/gpu/drm/panel/panel-ebbg-ft8719.o
  CC [M]  drivers/gpu/drm/panel/panel-elida-kd35t133.o
  CC      drivers/scsi/sd_dif.o
  CC      sound/soc/soc-component.o
  CC [M]  net/ipv6/netfilter/ip6t_frag.o
  CC      kernel/smpboot.o
  CC [M]  net/netfilter/nfnetlink_queue.o
  CC      kernel/ucount.o
/home/wanpublic/ubuntu-rockchip/build/linux-rockchip/drivers/gpu/drm/bridge/synopsys/dw-hdmi-qp.c: In function 'dw_hdmi_qp_cec_set_hpd':
/home/wanpublic/ubuntu-rockchip/build/linux-rockchip/drivers/gpu/drm/bridge/synopsys/dw-hdmi-qp.c:3404:25: warning: this 'if' clause does not guard... [-Wmisleading-indentation]
 3404 |                         if (hdmi->cec_notifier)
      |                         ^~
/home/wanpublic/ubuntu-rockchip/build/linux-rockchip/drivers/gpu/drm/bridge/synopsys/dw-hdmi-qp.c:3407:33: note: ...this statement, but the latter is misleadingly indented as if it were guarded by the 'if'
 3407 |                                 kfree(edid);
      |                                 ^~~~~
  CC      net/ipv4/ip_sockglue.o
  CC [M]  net/sched/em_u32.o
  CC      drivers/gpu/arm/midgard/mali_kbase_tlstream.o
  CC      net/ipv4/inet_hashtables.o
  CC      drivers/gpu/arm/midgard/mali_kbase_strings.o
  CC      lib/audit.o
  CC [M]  drivers/nvme/target/fc.o
  CC      drivers/ata/libata-sata.o
  CC      kernel/regset.o
  CC      drivers/scsi/sr.o
  CC      kernel/usermode_driver.o
  CC [M]  drivers/gpu/drm/panel/panel-feixin-k101-im2ba02.o
  CC [M]  drivers/gpu/drm/panel/panel-feiyang-fy07024di26a30d.o
  AR      net/bpfilter/built-in.a
  CC      fs/lockd/mon.o
  CC [M]  net/bpfilter/bpfilter_kern.o
  CC      drivers/gpu/arm/bifrost/mali_kbase_hw.o
  CC      sound/soc/soc-pcm.o
  CC      fs/lockd/xdr.o
  CC      lib/compat_audit.o
  CC      lib/syscall.o
  CC [M]  net/ipv6/netfilter/ip6t_ipv6header.o
  LD [M]  drivers/nvme/host/nvme-fabrics.o
  CC [M]  net/sched/em_meta.o
  LD [M]  drivers/nvme/host/nvme-fc.o
  LD [M]  drivers/nvme/host/nvme-tcp.o
  CC      sound/soc/soc-devres.o
  AR      drivers/nvme/host/built-in.a
  CC      sound/soc/soc-ops.o
  CC      fs/lockd/clnt4xdr.o
  CC      kernel/kmod.o
  CC [U]  net/bpfilter/main.o
  LD [U]  net/bpfilter/bpfilter_umh
  CC      drivers/gpu/arm/midgard/mali_kbase_as_fault_debugfs.o
  AS [M]  net/bpfilter/bpfilter_umh_blob.o
  CC [M]  net/netfilter/nfnetlink_log.o
  CC      drivers/gpu/drm/bridge/synopsys/dw-hdmi-qp-hdcp.o
  CC [M]  drivers/gpu/drm/panel/panel-ilitek-ili9341.o
  CC      drivers/scsi/sr_ioctl.o
  LD [M]  net/bpfilter/bpfilter.o
  CC      drivers/ata/libata-pmp.o
  CC      drivers/ata/ahci.o
  CC      lib/dynamic_debug.o
  CC      fs/lockd/xdr4.o
  CC      fs/lockd/svc4proc.o
  CC      fs/nfs/export.o
  CC      drivers/gpu/arm/bifrost/mali_kbase_debug.o
  CC      sound/soc/soc-link.o
  CC [M]  drivers/nvme/target/fcloop.o
  CC      drivers/gpu/drm/bridge/display-connector.o
  CC      fs/nfs/sysfs.o
  CC      net/ipv4/inet_timewait_sock.o
  CC [M]  net/ipv6/netfilter/ip6t_mh.o
  CC      drivers/gpu/arm/midgard/mali_kbase_regs_history_debugfs.o
  CC [M]  drivers/gpu/drm/panel/panel-ilitek-ili9881c.o
  CC      drivers/scsi/sr_vendor.o
  CC [M]  drivers/gpu/drm/panel/panel-innolux-ej030na.o
  CC [M]  net/sched/em_text.o
  CC [M]  drivers/gpu/drm/panel/panel-innolux-p079zca.o
  CC      drivers/gpu/drm/bridge/synopsys/dw-hdmi-i2s-audio.o
  CC      drivers/ata/libahci.o
  CC      kernel/groups.o
  CC      drivers/ata/ahci_platform.o
  CC      kernel/kcmp.o
  CC [M]  net/netfilter/nfnetlink_osf.o
  CC      fs/lockd/procfs.o
  AR      drivers/gpu/drm/tiny/built-in.a
  CC      drivers/gpu/drm/bridge/sii902x.o
  CC      drivers/scsi/sg.o
  CC      lib/errname.o
  CC      lib/nlattr.o
  CC      sound/soc/soc-card.o
  CC [M]  drivers/nvme/target/tcp.o
  CC      lib/checksum.o
  CC      fs/nfs/fs_context.o
  CC      drivers/gpu/arm/midgard/platform/rk/mali_kbase_config_rk.o
  CC [M]  net/sched/em_ipset.o
  CC      fs/unicode/utf8-norm.o
  CC      fs/autofs/init.o
  CC [M]  drivers/gpu/drm/panel/panel-jadard-jd9365da-h3.o
  CC [M]  net/ipv6/netfilter/ip6t_hbh.o
  CC      drivers/gpu/drm/bridge/synopsys/dw-hdmi-qp-i2s-audio.o
  CC      drivers/gpu/drm/bridge/synopsys/dw-hdmi-cec.o
  CC [M]  net/netfilter/nf_conntrack_core.o
  CC      drivers/gpu/arm/bifrost/mali_kbase_gpu_memory_debugfs.o
  CC      drivers/gpu/arm/bifrost/mali_kbase_mem_linux.o
  CC      lib/cpu_rmap.o
  CC      kernel/freezer.o
  AR      fs/lockd/built-in.a
  CC      kernel/profile.o
  CC      kernel/stacktrace.o
  CC      net/ipv4/inet_connection_sock.o
  CC      fs/unicode/utf8-core.o
  CC      fs/autofs/inode.o
  CC [M]  net/netfilter/nf_conntrack_standalone.o
  CC [M]  drivers/gpu/drm/panel/panel-jdi-lt070me05000.o
  CC      drivers/gpu/arm/midgard/ipa/mali_kbase_ipa_simple.o
  CC      sound/soc/soc-generic-dmaengine-pcm.o
  CC [M]  drivers/gpu/drm/panel/panel-jdi-fhd-r63452.o
  CC [M]  drivers/scsi/scsi_transport_iscsi.o
  CC      drivers/ata/libahci_platform.o
  CC      drivers/gpu/drm/bridge/synopsys/dw-hdmi-qp-cec.o
  CC      lib/dynamic_queue_limits.o
  CC      kernel/smp.o
  LD [M]  drivers/nvme/target/nvmet.o
  CC [M]  net/ipv6/netfilter/ip6t_rpfilter.o
  LD [M]  drivers/nvme/target/nvme-loop.o
  LD [M]  drivers/nvme/target/nvmet-fc.o
  LD [M]  drivers/nvme/target/nvme-fcloop.o
  LD [M]  drivers/nvme/target/nvmet-tcp.o
  AR      drivers/nvme/built-in.a
  CC      drivers/gpu/arm/bifrost/mali_kbase_core_linux.o
  CC      lib/glob.o
  CC      drivers/gpu/arm/bifrost/mali_kbase_mem_profile_debugfs.o
  AR      net/sched/built-in.a
  CC      drivers/gpu/arm/bifrost/mali_kbase_disjoint_events.o
  CC      fs/autofs/root.o
  CC      drivers/gpu/arm/bifrost/mali_kbase_debug_mem_view.o
  COPY    fs/unicode/utf8data.c
  CC      fs/unicode/utf8data.o
  CC      drivers/gpu/arm/bifrost/mali_kbase_debug_mem_zones.o
  CC      drivers/gpu/arm/bifrost/mali_kbase_debug_mem_allocs.o
  CC [M]  drivers/gpu/drm/panel/panel-khadas-ts050.o
  CC      fs/nfs/nfsroot.o
  CC      drivers/gpu/arm/midgard/ipa/mali_kbase_ipa.o
  CC [M]  drivers/gpu/drm/panel/panel-kingdisplay-kd097d04.o
  CC [M]  drivers/scsi/libiscsi.o
  CC      drivers/gpu/drm/bridge/synopsys/dw-mipi-dsi.o
  AR      sound/soc/built-in.a
In file included from /home/wanpublic/ubuntu-rockchip/build/linux-rockchip/drivers/gpu/arm/bifrost/mali_kbase_core_linux.c:100:
/home/wanpublic/ubuntu-rockchip/build/linux-rockchip/include/linux/version_compat_defs.h:70:9: note: '#pragma message: kbase_mmap_min_addr compiled to CONFIG_LSM_MMAP_MIN_ADDR, no runtime update!'
   70 | #pragma message "kbase_mmap_min_addr compiled to CONFIG_LSM_MMAP_MIN_ADDR, no runtime update!"
      |         ^~~~~~~
  AR      sound/built-in.a
  CC      fs/autofs/symlink.o
  CC      lib/strncpy_from_user.o
  CC      kernel/uid16.o
  CC      lib/strnlen_user.o
  CC      lib/net_utils.o
  CC [M]  net/ipv6/netfilter/ip6t_rt.o
  AR      drivers/ata/built-in.a
  CC      drivers/gpu/arm/bifrost/mali_kbase_smc.o
  AR      fs/unicode/built-in.a
  CC [M]  net/ipv6/netfilter/ip6t_srh.o
  CC [M]  net/ipv6/netfilter/ip6t_NPT.o
  CC      fs/debugfs/inode.o
  CC [M]  net/netfilter/nf_conntrack_expect.o
  CC      net/ipv4/tcp.o
  CC      drivers/gpu/arm/bifrost/mali_kbase_mem_pool.o
  CC      fs/tracefs/inode.o
  CC [M]  drivers/gpu/drm/panel/panel-leadtek-ltk050h3146w.o
  CC      drivers/gpu/arm/midgard/ipa/mali_kbase_ipa_debugfs.o
  CC      drivers/gpu/arm/bifrost/mali_kbase_mem_pool_debugfs.o
  CC      fs/autofs/waitq.o
  CC [M]  net/netfilter/nf_conntrack_helper.o
  CC      fs/nfs/sysctl.o
  CC      fs/debugfs/file.o
  CC      kernel/kallsyms.o
  CC      kernel/acct.o
  CC [M]  drivers/scsi/libiscsi_tcp.o
  AR      drivers/gpu/drm/bridge/synopsys/built-in.a
  AR      drivers/gpu/drm/bridge/built-in.a
  CC      lib/sg_pool.o
  AR      fs/tracefs/built-in.a
  CC      fs/autofs/expire.o
  AR      drivers/gpu/drm/xlnx/built-in.a
  CC      fs/autofs/dev-ioctl.o
  CC [M]  net/ipv6/netfilter/ip6t_REJECT.o
  CC [M]  drivers/gpu/drm/panel/panel-leadtek-ltk500hd1829.o
  AR      drivers/gpu/drm/gud/built-in.a
  CC [M]  drivers/scsi/iscsi_tcp.o
  CC [M]  drivers/scsi/virtio_scsi.o
  CC      drivers/gpu/arm/midgard/mali_kbase_sync_file.o
  CC [M]  net/ipv6/netfilter/ip6t_SYNPROXY.o
  CC      drivers/gpu/arm/midgard/mali_kbase_sync_common.o
  CC [M]  drivers/gpu/drm/panel/panel-lg-lg4573.o
  CC [M]  drivers/gpu/drm/panel/panel-newvision-nv3052c.o
  CC [M]  drivers/scsi/st.o
  CC      fs/nfs/nfs2super.o
  CC [M]  net/netfilter/nf_conntrack_proto.o
  CC      kernel/compat.o
  CC      kernel/utsname.o
  AR      fs/autofs/built-in.a
  CC      net/ipv4/tcp_input.o
  CC      lib/stackdepot.o
  CC      drivers/gpu/arm/bifrost/mali_kbase_debugfs_helper.o
  AR      fs/debugfs/built-in.a
  CC [M]  net/netfilter/nf_conntrack_proto_generic.o
  CC [M]  net/netfilter/nf_conntrack_proto_tcp.o
  CC [M]  drivers/gpu/drm/panel/panel-novatek-nt35510.o
  CC      kernel/user_namespace.o
  CC [M]  drivers/gpu/drm/panel/panel-novatek-nt35560.o
  CC [M]  drivers/gpu/drm/panel/panel-novatek-nt35950.o
  CC      drivers/gpu/arm/midgard/mali_kbase_fence.o
  CC [M]  drivers/gpu/drm/panel/panel-novatek-nt36672a.o
  CC      drivers/gpu/arm/midgard/backend/gpu/mali_kbase_cache_policy_backend.o
  CC      drivers/mtd/parsers/cmdlinepart.o
  CC      drivers/mtd/chips/chipreg.o
  AR      drivers/mtd/lpddr/built-in.a
  CC [M]  drivers/scsi/ch.o
  CC      net/ipv6/ip6_offload.o
  CC      drivers/gpu/arm/bifrost/mali_kbase_strings.o
  LD [M]  net/ipv6/netfilter/nf_defrag_ipv6.o
  CC      drivers/gpu/arm/midgard/backend/gpu/mali_kbase_device_hw.o
  CC      fs/nfs/proc.o
  CC      kernel/pid_namespace.o
  CC      drivers/gpu/arm/bifrost/mali_kbase_as_fault_debugfs.o
  CC      drivers/gpu/arm/bifrost/mali_kbase_regs_history_debugfs.o
  CC      lib/bootconfig.o
  UPD     kernel/config_data
  CC      drivers/mtd/parsers/ofpart_core.o
  CC      net/ipv6/tcpv6_offload.o
  CC      net/ipv6/exthdrs_offload.o
  CC [M]  drivers/gpu/drm/panel/panel-mantix-mlaf057we51.o
  CC [M]  drivers/gpu/drm/panel/panel-orisetech-otm8009a.o
  AR      drivers/gpu/drm/solomon/built-in.a
  CC [M]  drivers/gpu/drm/panel/panel-panasonic-vvx10f034n00.o
  CC [M]  net/netfilter/nf_conntrack_proto_udp.o
  CC [M]  net/netfilter/nf_conntrack_proto_icmp.o
  CC      net/packet/af_packet.o
  CC [M]  net/netfilter/nf_conntrack_extend.o
  CC      net/ipv4/tcp_output.o
  CC      drivers/gpu/arm/midgard/backend/gpu/mali_kbase_gpu.o
  AR      drivers/mtd/chips/built-in.a
  AR      drivers/mtd/maps/built-in.a
  CC      lib/asn1_decoder.o
  CC      drivers/scsi/scsi_sysfs.o
  CHK     kernel/kheaders_data.tar.xz
  CC      drivers/gpu/arm/midgard/backend/gpu/mali_kbase_gpuprops_backend.o
  CC      drivers/spi/spi.o
  CC      drivers/net/phy/mdio-boardinfo.o
  AR      drivers/mtd/parsers/built-in.a
  AR      drivers/mtd/devices/built-in.a
  AR      drivers/mtd/nand/onenand/built-in.a
  AR      drivers/mtd/nand/raw/ingenic/built-in.a
  CC [M]  drivers/gpu/drm/panel/panel-radxa-display-8hd.o
  AR      drivers/mtd/nand/raw/built-in.a
  CC      net/ipv6/inet6_hashtables.o
  CC      drivers/mtd/nand/spi/core.o
  CC      fs/nfs/nfs2xdr.o
  CC      drivers/gpu/arm/bifrost/mali_kbase_dvfs_debugfs.o
  CC      drivers/gpu/arm/bifrost/mali_power_gpu_frequency_trace.o
  GEN     lib/oid_registry_data.c
  CC      drivers/spi/spi-mem.o
  CC      drivers/spi/spidev.o
  CC      lib/ucs2_string.o
  CC      fs/btrfs/super.o
  CC      drivers/gpu/arm/midgard/backend/gpu/mali_kbase_debug_job_fault_backend.o
  CC      drivers/spi/spi-bitbang.o
  CC      fs/nfs/nfs3super.o
  AR      drivers/net/pse-pd/built-in.a
  CC      net/ipv4/tcp_timer.o
  CC      net/ipv4/tcp_ipv4.o
  CC [M]  net/netfilter/nf_conntrack_acct.o
  CC [M]  drivers/gpu/drm/panel/panel-raspberrypi-touchscreen.o
  CC      fs/btrfs/ctree.o
  CC      drivers/mtd/nand/spi/ato.o
  CC      drivers/net/phy/mdio_devres.o
  CC      drivers/spi/spi-rockchip.o
  AR      drivers/scsi/built-in.a
  CC      net/ipv4/tcp_minisocks.o
  CC      drivers/spi/spi-rockchip-sfc.o
  CC      drivers/spi/spi-rockchip-slave.o
  CC      lib/sbitmap.o
  CC      drivers/gpu/arm/bifrost/mali_kbase_trace_gpu_mem.o
  CC      drivers/gpu/arm/midgard/backend/gpu/mali_kbase_irq_linux.o
  AR      drivers/mtd/tests/built-in.a
  CC      drivers/gpu/arm/midgard/backend/gpu/mali_kbase_instr_backend.o
  CC      net/ipv4/tcp_cong.o
  CC      lib/group_cpus.o
  CC      fs/nfs/nfs3client.o
  CC      drivers/mtd/nand/spi/gigadevice.o
  CC [M]  drivers/gpu/drm/panel/panel-ronbo-rb070d30.o
  CC [M]  net/netfilter/nf_conntrack_seqadj.o
  CC      net/ipv6/mcast_snoop.o
  CC [M]  net/packet/diag.o
  CC      lib/devmem_is_allowed.o
  CC      net/ipv4/tcp_metrics.o
  CC      fs/f2fs/dir.o
  AR      drivers/mtd/spi-nor/controllers/built-in.a
  CC      drivers/mtd/spi-nor/core.o
  CC [M]  drivers/spi/spi-mux.o
  CC      drivers/gpu/arm/midgard/backend/gpu/mali_kbase_jm_as.o
  CC      fs/f2fs/file.o
  CC [M]  lib/crc8.o
  CC      drivers/net/phy/phylink.o
  CC      drivers/gpu/arm/bifrost/mali_kbase_pbha.o
  CC [M]  drivers/gpu/drm/scheduler/sched_main.o
  CC      drivers/mtd/nand/spi/gsto.o
  CC      drivers/mtd/nand/spi/macronix.o
  CC [M]  drivers/gpu/drm/panel/panel-samsung-atna33xc20.o
  CC      fs/nfs/nfs3proc.o
  CC      fs/btrfs/extent-tree.o
  CC [M]  drivers/spi/spi-loopback-test.o
  AR      net/packet/built-in.a
  CC [M]  drivers/spi/spi-rockchip-flexbus-fspi.o
  LD [M]  net/packet/af_packet_diag.o
  CC      kernel/stop_machine.o
  CC      drivers/mtd/nand/spi/micron.o
  CC [M]  lib/ts_kmp.o
  CC [M]  net/netfilter/nf_conntrack_proto_icmpv6.o
  CC      fs/btrfs/print-tree.o
  CC      drivers/gpu/arm/midgard/backend/gpu/mali_kbase_jm_hw.o
  CC      drivers/mtd/nand/spi/paragon.o
  CC [M]  drivers/gpu/drm/scheduler/sched_fence.o
  CC [M]  drivers/gpu/drm/scheduler/sched_entity.o
  CC      fs/f2fs/inode.o
  CC [M]  net/ipv6/af_inet6.o
  CC      net/ipv4/tcp_fastopen.o
  CC      drivers/gpu/arm/bifrost/mali_kbase_pbha_debugfs.o
  CC [M]  drivers/gpu/drm/panel/panel-samsung-db7430.o
  CC [M]  drivers/gpu/drm/panel/panel-samsung-ld9040.o
  CC      drivers/mtd/spi-nor/sfdp.o
  CC      drivers/mtd/spi-nor/swp.o
  CC [M]  lib/ts_bm.o
  CC      kernel/audit.o
  CC      kernel/auditfilter.o
  CC      drivers/mtd/nand/spi/toshiba.o
  CC      fs/nfs/nfs3xdr.o
  CC      fs/nfs/nfs3acl.o
  AR      drivers/spi/built-in.a
  CC      fs/nfs/nfs4proc.o
  CC      fs/nfs/nfs4xdr.o
  CC [M]  net/ipv6/anycast.o
  CC      drivers/net/phy/phy.o
  CC      drivers/gpu/arm/midgard/backend/gpu/mali_kbase_jm_rb.o
  CC      drivers/net/phy/phy-c45.o
  LD [M]  drivers/gpu/drm/scheduler/gpu-sched.o
  CC [M]  net/netfilter/nf_conntrack_timestamp.o
  CC [M]  lib/ts_fsm.o
  AR      drivers/firewire/built-in.a
  CC      fs/btrfs/root-tree.o
  CC      fs/f2fs/namei.o
  CC [M]  drivers/gpu/drm/panel/panel-samsung-s6d27a1.o
  CC      drivers/vfio/pci/vfio_pci_core.o
  CC      drivers/cdrom/cdrom.o
  CC      drivers/mtd/spi-nor/otp.o
  CC      drivers/gpu/arm/bifrost/mali_kbase_fence_ops.o
  CC      drivers/mtd/nand/spi/winbond.o
  CC      drivers/net/phy/phy-core.o
  CC [M]  lib/lru_cache.o
  CC      drivers/mtd/spi-nor/sysfs.o
  CC      net/ipv4/tcp_rate.o
  CC      kernel/auditsc.o
  CC      fs/nfs/nfs4state.o
  CC      fs/nfs/nfs4renewd.o
  CC [M]  net/ipv6/ip6_output.o
  CC      drivers/mtd/nand/spi/biwin.o
  CC      drivers/gpu/arm/midgard/backend/gpu/mali_kbase_js_affinity.o
  CC [M]  drivers/gpu/drm/panel/panel-samsung-s6e3ha2.o
  CC [M]  net/netfilter/nf_conntrack_ecache.o
  CC      fs/btrfs/dir-item.o
  CC [M]  drivers/gpu/drm/panel/panel-samsung-s6e63j0x03.o
  GEN     kernel/kheaders_data.tar.xz
  CC      drivers/vfio/pci/vfio_pci_intrs.o
  CC      fs/f2fs/hash.o
  CC      fs/f2fs/super.o
  CC      drivers/mtd/spi-nor/atmel.o
  CC      drivers/net/phy/phy_device.o
  CC      drivers/vfio/pci/vfio_pci_rdwr.o
  CC [M]  lib/asn1_encoder.o
  CC [M]  net/netfilter/nf_conntrack_labels.o
  CC      drivers/mtd/nand/spi/dosilicon.o
  AR      drivers/cdrom/built-in.a
  CC [M]  drivers/gpu/drm/panel/panel-samsung-s6e88a0-ams452ef01.o
  CC      drivers/gpu/arm/midgard/backend/gpu/mali_kbase_js_backend.o
  CC      drivers/gpu/arm/bifrost/mali_kbase_sync_file.o
  CC      drivers/gpu/arm/bifrost/mali_kbase_sync_common.o
  CC      drivers/gpu/arm/bifrost/context/mali_kbase_context.o
  CC [M]  drivers/gpu/drm/panel/panel-samsung-s6e8aa0.o
  CC      fs/btrfs/file-item.o
  CC      fs/btrfs/inode-item.o
  CC      fs/btrfs/disk-io.o
  CC      drivers/mtd/spi-nor/boya.o
  CC      net/ipv4/tcp_recovery.o
  CC      drivers/vfio/pci/vfio_pci_config.o
  CC      drivers/mtd/nand/spi/esmt.o
  CC      drivers/mtd/nand/spi/etron.o
  AR      lib/lib.a
  GEN     lib/crc32table.h
  CC      drivers/gpu/arm/bifrost/context/backend/mali_kbase_context_csf.o
  GEN     lib/crc64table.h
  CC      lib/oid_registry.o
  CC      fs/pstore/inode.o
  CC      fs/efivarfs/inode.o
  CC      drivers/gpu/arm/midgard/backend/gpu/mali_kbase_mmu_hw_direct.o
  CC [M]  drivers/gpu/drm/panel/panel-samsung-sofef00.o
  CC      drivers/mtd/spi-nor/catalyst.o
  CC      fs/efivarfs/file.o
  CC      fs/efivarfs/super.o
  CC      drivers/mtd/nand/core.o
  CC      drivers/mtd/nand/bbt.o
  CC      drivers/gpu/arm/bifrost/debug/mali_kbase_debug_ktrace.o
  CC [M]  fs/dlm/ast.o
  CC [M]  fs/netfs/buffered_read.o
  CC [M]  net/netfilter/nf_conntrack_proto_dccp.o
  CC [M]  net/ipv6/ip6_input.o
  CC      drivers/mtd/nand/spi/fmsh.o
  CC      fs/nfs/nfs4super.o
  CC      drivers/vfio/pci/vfio_pci.o
  CC      drivers/net/phy/linkmode.o
  CC      drivers/net/phy/mdio_bus.o
  CC      fs/pstore/platform.o
  CC      net/ipv4/tcp_ulp.o
  CC      lib/crc32.o
  CC      drivers/mtd/spi-nor/dosilicon.o
  CC      lib/crc64.o
  CC      drivers/gpu/arm/midgard/backend/gpu/mali_kbase_pm_backend.o
  CC [M]  drivers/gpu/drm/panel/panel-seiko-43wvf1g.o
  CC      fs/efivarfs/vars.o
  CC      fs/btrfs/transaction.o
  CC [M]  fs/dlm/config.o
  CC      drivers/mtd/nand/spi/foresee.o
  CC      drivers/mtd/nand/spi/hyf.o
  CC      fs/nfs/nfs4file.o
  CC      fs/f2fs/inline.o
  AR      drivers/vfio/pci/built-in.a
  CC      drivers/vfio/vfio_main.o
  CC      fs/pstore/ram.o
  CC      drivers/gpu/arm/bifrost/debug/backend/mali_kbase_debug_ktrace_csf.o
  CC      drivers/mtd/spi-nor/eon.o
  CC [M]  net/netfilter/nf_conntrack_proto_sctp.o
  CC      fs/pstore/ram_core.o
  CC      fs/nfs/delegation.o
  CC [M]  fs/netfs/io.o
  CC [M]  fs/netfs/main.o
  CC [M]  fs/netfs/objects.o
  AR      fs/efivarfs/built-in.a
  CC [M]  drivers/gpu/drm/panel/panel-sharp-lq101r1sx01.o
  AR      lib/built-in.a
  CC [M]  drivers/gpu/drm/panel/panel-sharp-ls043t1le01.o
  CC      drivers/gpu/arm/midgard/backend/gpu/mali_kbase_pm_driver.o
  CC      net/ipv4/tcp_offload.o
  CC      drivers/gpu/arm/midgard/backend/gpu/mali_kbase_pm_metrics.o
  CC      drivers/mtd/nand/spi/jsc.o
  CC [M]  net/ipv6/addrconf.o
  CC      drivers/net/phy/mdio_device.o
  CC      drivers/mtd/spi-nor/esmt.o
  CC [M]  fs/dlm/dir.o
  CC      fs/f2fs/checkpoint.o
  CC [M]  drivers/gpu/drm/panel/panel-sharp-ls060t1sx01.o
  AR      drivers/auxdisplay/built-in.a
  AR      fs/pstore/built-in.a
  CC      drivers/gpu/arm/midgard/backend/gpu/mali_kbase_pm_ca.o
  CC      drivers/gpu/arm/midgard/backend/gpu/mali_kbase_pm_ca_fixed.o
  CC      drivers/gpu/arm/midgard/backend/gpu/mali_kbase_pm_always_on.o
  CC      fs/btrfs/inode.o
  CC      fs/nfs/nfs4idmap.o
  CC      drivers/gpu/arm/bifrost/device/mali_kbase_device.o
  CC      drivers/net/phy/swphy.o
  CC      drivers/net/phy/mii_timestamper.o
  CC      drivers/mtd/nand/spi/silicongo.o
  CC      drivers/vfio/iova_bitmap.o
  CC      drivers/vfio/container.o
  CC      drivers/vfio/virqfd.o
  CC [M]  net/netfilter/nf_conntrack_proto_gre.o
  CC [M]  net/netfilter/nf_conntrack_netlink.o
  LD [M]  fs/netfs/netfs.o
  CC      fs/btrfs/file.o
  CC [M]  fs/dlm/lock.o
  CC      drivers/mtd/spi-nor/everspin.o
  CC [M]  drivers/gpu/drm/panel/panel-sitronix-st7701.o
  CC [M]  drivers/gpu/drm/panel/panel-sitronix-st7703.o
  CC      net/ipv4/datagram.o
  CC      drivers/gpu/arm/midgard/backend/gpu/mali_kbase_pm_coarse_demand.o
  CC      drivers/mtd/nand/spi/skyhigh.o
  CC      net/ipv4/raw.o
  CC      drivers/vfio/vfio_iommu_type1.o
  CC      fs/nfs/callback.o
  CC      drivers/mtd/spi-nor/fmsh.o
  CC      drivers/mtd/spi-nor/fujitsu.o
  CC      fs/f2fs/gc.o
  CC      kernel/audit_watch.o
  CC      kernel/audit_fsnotify.o
  CC      drivers/net/phy/ax88796b.o
  CC [M]  fs/reiserfs/bitmap.o
  CC      drivers/mtd/nand/spi/unim.o
  CC      net/ipv4/udp.o
  CC [M]  drivers/gpu/drm/panel/panel-sitronix-st7789v.o
  CC      drivers/gpu/arm/midgard/backend/gpu/mali_kbase_pm_demand.o
  CC      drivers/gpu/arm/bifrost/device/mali_kbase_device_hw.o
  CC      net/ipv4/udplite.o
  CC [M]  fs/dlm/lockspace.o
  CC [M]  net/ipv6/addrlabel.o
  CC [M]  net/ipv6/route.o
  CC      drivers/mtd/spi-nor/gigadevice.o
  CC      drivers/mtd/spi-nor/normem.o
  CC [M]  net/netfilter/nfnetlink_cthelper.o
  CC      drivers/net/phy/fixed_phy.o
  CC      drivers/mtd/nand/ecc.o
  CC      net/ipv4/udp_offload.o
  AR      drivers/vfio/built-in.a
  CC      kernel/audit_tree.o
  CC      fs/nfs/callback_xdr.o
  CC      drivers/mtd/nand/spi/xincun.o
  CC [M]  fs/reiserfs/do_balan.o
  CC      fs/nfs/callback_proc.o
  CC      fs/nfs/nfs4namespace.o
  CC      fs/btrfs/tree-defrag.o
  CC      fs/f2fs/data.o
  CC [M]  drivers/gpu/drm/panel/panel-sony-tulip-truly-nt35521.o
  CC      drivers/gpu/arm/midgard/backend/gpu/mali_kbase_pm_policy.o
  CC [M]  fs/dlm/main.o
  CC      drivers/mtd/spi-nor/intel.o
  CC      net/ipv4/arp.o
  CC      drivers/mtd/spi-nor/issi.o
  CC      drivers/gpu/arm/bifrost/device/backend/mali_kbase_device_csf.o
  CC      drivers/gpu/arm/bifrost/device/backend/mali_kbase_device_hw_csf.o
  CC      drivers/mtd/nand/spi/xtx.o
  CC      drivers/net/phy/motorcomm.o
  CC      drivers/net/phy/realtek.o
  CC [M]  net/netfilter/nf_conntrack_amanda.o
  CC [M]  fs/reiserfs/namei.o
  CC      drivers/mtd/spi-nor/macronix.o
  CC      net/ipv4/icmp.o
  CC      fs/nfs/nfs4getroot.o
  CC      fs/btrfs/extent_map.o
  CC [M]  drivers/gpu/drm/panel/panel-tdo-tl070wsh30.o
  CC [M]  net/ipv6/ip6_fib.o
  CC [M]  fs/reiserfs/inode.o
  CC      drivers/gpu/arm/midgard/backend/gpu/mali_kbase_time.o
  CC [M]  fs/reiserfs/file.o
  CC [M]  fs/squashfs/block.o
  CC [M]  fs/dlm/member.o
  AR      drivers/mtd/nand/spi/built-in.a
  CC      drivers/mtd/nand/bbt_store.o
  CC      net/ipv4/devinet.o
  CC      drivers/mtd/spi-nor/micron-st.o
  CC      fs/f2fs/node.o
  CC      fs/f2fs/segment.o
  CC      drivers/net/phy/rockchip.o
  CC      fs/f2fs/recovery.o
  CC [M]  drivers/net/phy/bcm-phy-lib.o
  CC [M]  drivers/gpu/drm/panel/panel-tpo-tpg110.o
  CC [M]  fs/squashfs/cache.o
  CC      drivers/gpu/arm/midgard/backend/gpu/mali_kbase_devfreq.o
  CC      drivers/gpu/arm/midgard/backend/gpu/mali_kbase_pm_ca_devfreq.o
  CC      fs/btrfs/sysfs.o
  CC      fs/nfs/nfs4client.o
  CC [M]  fs/dlm/memory.o
  CC [M]  fs/reiserfs/dir.o
  CC [M]  fs/reiserfs/fix_node.o
  CC      drivers/gpu/arm/bifrost/backend/gpu/mali_kbase_cache_policy_backend.o
  CC      kernel/kprobes.o
  CC      kernel/seccomp.o
  CC [M]  net/netfilter/nf_conntrack_ftp.o
  AR      drivers/mtd/nand/built-in.a
  CC      drivers/mtd/spi-nor/puya.o
  CC [M]  fs/reiserfs/super.o
  CC [M]  net/ipv6/ipv6_sockglue.o
  CC [M]  fs/squashfs/dir.o
  CC [M]  drivers/gpu/drm/panel/panel-visionox-rm69299.o
  CC      drivers/mtd/spi-nor/spansion.o
  CC [M]  fs/dlm/midcomms.o
  CC [M]  drivers/gpu/drm/panel/panel-widechips-ws2401.o
  CC [M]  drivers/gpu/drm/panel/panel-xinpeng-xpp055c272.o
  CC      net/ipv4/af_inet.o
  CC      net/ipv4/igmp.o
  AR      drivers/gpu/arm/midgard/built-in.a
  CC      kernel/relay.o
  CC      kernel/utsname_sysctl.o
  CC      net/ipv4/fib_frontend.o
  CC [M]  drivers/net/phy/bcm-phy-ptp.o
  CC      fs/btrfs/struct-funcs.o
  CC      drivers/gpu/arm/bifrost/backend/gpu/mali_kbase_gpuprops_backend.o
  CC [M]  fs/squashfs/export.o
  CC [M]  fs/squashfs/file.o
  CC      drivers/mtd/spi-nor/sst.o
  CC      kernel/delayacct.o
  CC      net/ipv4/fib_semantics.o
  CC [M]  fs/reiserfs/prints.o
  CC [M]  net/netfilter/nf_conntrack_h323_main.o
  CC [M]  fs/reiserfs/objectid.o
  CC [M]  fs/reiserfs/lbalance.o
  CC      kernel/taskstats.o
  CC      fs/f2fs/shrinker.o
  CC      fs/nfs/nfs4session.o
  CC      kernel/tsacct.o
  CC [M]  fs/dlm/lowcomms.o
  CC [M]  fs/reiserfs/ibalance.o
  CC [M]  fs/reiserfs/stree.o
  CC [M]  drivers/gpu/drm/lima/lima_drv.o
  CC [M]  fs/squashfs/fragment.o
  CC      fs/btrfs/xattr.o
  CC      drivers/mtd/spi-nor/winbond.o
  CC      net/ipv4/fib_trie.o
  CC      drivers/gpu/arm/bifrost/backend/gpu/mali_kbase_irq_linux.o
  CC [M]  fs/exfat/inode.o
  CC      net/ipv4/fib_notifier.o
  CC [M]  net/ipv6/ndisc.o
  CC [M]  net/ipv6/udp.o
  CC      fs/f2fs/extent_cache.o
  CC [M]  net/ipv6/udplite.o
  CC [M]  drivers/net/phy/broadcom.o
  CC      net/ipv4/inet_fragment.o
  CC [M]  fs/squashfs/id.o
  CC      drivers/mtd/spi-nor/xilinx.o
  CC [M]  drivers/gpu/drm/lima/lima_device.o
  CC [M]  drivers/gpu/drm/lima/lima_pmu.o
  CC [M]  fs/squashfs/inode.o
  CC [M]  net/netfilter/nf_conntrack_h323_asn1.o
  CC [M]  fs/reiserfs/hashes.o
  CC [M]  drivers/net/phy/dp83640.o
  CC      fs/btrfs/ordered-data.o
  CC [M]  fs/exfat/namei.o
  CC [M]  fs/squashfs/namei.o
  CC [M]  drivers/net/phy/microchip.o
  CC      fs/nfs/dns_resolve.o
  CC [M]  fs/isofs/namei.o
  CC [M]  net/netfilter/nf_conntrack_irc.o
  CC      drivers/gpu/arm/bifrost/backend/gpu/mali_kbase_js_backend.o
  CC      fs/f2fs/sysfs.o
  CC [M]  fs/dlm/plock.o
  CC      fs/f2fs/debug.o
  CC [M]  net/ipv6/raw.o
  CC      drivers/mtd/spi-nor/xmc.o
  CC      fs/nfs/nfs4trace.o
  CC      fs/nfs/nfs4sysctl.o
  CC [M]  drivers/gpu/drm/lima/lima_l2_cache.o
  CC [M]  fs/reiserfs/tail_conversion.o
  CC [M]  fs/squashfs/super.o
  CC [M]  net/ipv6/icmp.o
  CC      fs/f2fs/xattr.o
  CC [M]  fs/isofs/inode.o
  CC [M]  fs/exfat/dir.o
  CC      drivers/net/mdio/fwnode_mdio.o
  CC [M]  drivers/net/phy/smsc.o
  CC      fs/btrfs/extent_io.o
  CC      drivers/mtd/spi-nor/xtx.o
  CC      net/ipv4/ping.o
  CC      drivers/mtd/spi-nor/debugfs.o
  CC [M]  drivers/gpu/drm/lima/lima_mmu.o
  CC [M]  net/ipv6/mcast.o
  CC [M]  drivers/gpu/drm/lima/lima_gp.o
  CC      drivers/gpu/arm/bifrost/backend/gpu/mali_kbase_pm_backend.o
  CC [M]  fs/dlm/rcom.o
  CC      fs/f2fs/acl.o
  CC [M]  fs/reiserfs/journal.o
  CC [M]  fs/reiserfs/resize.o
  CC      fs/btrfs/volumes.o
  CC [M]  fs/squashfs/symlink.o
  CC      fs/btrfs/async-thread.o
  CC [M]  fs/exfat/super.o
  CC [M]  net/netfilter/nf_conntrack_broadcast.o
  CC [M]  fs/isofs/dir.o
  CC      fs/f2fs/iostat.o
  AR      drivers/mtd/spi-nor/built-in.a
  CC      drivers/mtd/ubi/vtbl.o
  CC      drivers/mtd/mtdcore.o
  AR      drivers/net/phy/built-in.a
  CC [M]  drivers/gpu/drm/lima/lima_pp.o
  CC [M]  fs/reiserfs/item_ops.o
  CC [M]  fs/dlm/recover.o
  CC      drivers/net/mdio/of_mdio.o
  CC      net/ipv4/ip_tunnel_core.o
  CC      drivers/usb/common/common.o
  CC [M]  fs/squashfs/decompressor.o
  CC [M]  fs/squashfs/page_actor.o
  AR      drivers/input/keyboard/built-in.a
  CC [M]  drivers/input/keyboard/adc-keys.o
  CC [M]  fs/isofs/util.o
  CC [M]  fs/exfat/fatent.o
  CC      drivers/usb/common/debug.o
  CC [M]  drivers/gpu/drm/lima/lima_gem.o
  CC      drivers/mtd/ubi/vmt.o
  AR      fs/f2fs/built-in.a
  CC [M]  fs/isofs/rock.o
  CC [M]  fs/reiserfs/ioctl.o
  CC      fs/btrfs/ioctl.o
  CC [M]  net/ipv6/reassembly.o
  CC [M]  fs/dlm/recoverd.o
  CC [M]  net/netfilter/nf_conntrack_netbios_ns.o
  CC      net/ipv4/gre_offload.o
  CC      net/ipv4/metrics.o
  CC [M]  fs/squashfs/file_cache.o
  CC      drivers/gpu/arm/bifrost/backend/gpu/mali_kbase_pm_driver.o
  CC [M]  drivers/input/keyboard/adp5588-keys.o
  CC [M]  drivers/input/keyboard/adp5589-keys.o
  CC [M]  net/ipv6/tcp_ipv6.o
  CC [M]  net/netfilter/nf_conntrack_snmp.o
  CC      fs/nfs/pnfs.o
  CC [M]  fs/exfat/cache.o
  CC      drivers/usb/common/led.o
  CC [M]  drivers/usb/common/usb-conn-gpio.o
  CC      drivers/mtd/ubi/upd.o
  CC [M]  fs/dlm/requestqueue.o
  CC [M]  fs/reiserfs/xattr.o
  AR      drivers/net/mdio/built-in.a
  CC [M]  drivers/gpu/drm/lima/lima_vm.o
  CC      drivers/net/pcs/pcs-xpcs.o
  CC [M]  fs/isofs/export.o
  CC [M]  fs/isofs/joliet.o
  CC [M]  fs/squashfs/decompressor_single.o
  CC [M]  fs/isofs/compress.o
  CC [M]  drivers/input/keyboard/atkbd.o
  CC [M]  drivers/input/keyboard/bcm-keypad.o
  CC [M]  drivers/input/keyboard/cap11xx.o
  AR      drivers/net/ethernet/adi/built-in.a
  AR      drivers/net/ethernet/alacritech/built-in.a
  AR      drivers/net/ethernet/amazon/built-in.a
  CC      drivers/net/ethernet/aquantia/atlantic/aq_main.o
  CC [M]  fs/exfat/nls.o
  CC      drivers/mtd/ubi/build.o
  CC [M]  fs/dlm/user.o
  CC [M]  drivers/input/keyboard/cypress-sf.o
  CC      net/devlink/leftover.o
  CC [M]  drivers/gpu/drm/lima/lima_sched.o
  CC [M]  drivers/gpu/drm/lima/lima_ctx.o
  CC [M]  drivers/gpu/drm/lima/lima_dlbu.o
  CC [M]  drivers/usb/common/ulpi.o
  CC [M]  fs/squashfs/xattr.o
  CC [M]  fs/reiserfs/lock.o
  CC      net/ipv4/netlink.o
  CC      fs/btrfs/locking.o
  CC      fs/btrfs/orphan.o
  LD [M]  fs/isofs/isofs.o
  CC      net/ipv4/nexthop.o
  CC      net/ipv4/udp_tunnel_stub.o
  CC      kernel/tracepoint.o
  CC      net/ipv4/sysctl_net_ipv4.o
  CC      drivers/net/pcs/pcs-xpcs-nxp.o
  CC [M]  net/netfilter/nf_conntrack_pptp.o
  CC [M]  fs/dlm/util.o
  CC [M]  fs/exfat/misc.o
  CC [M]  fs/hfsplus/super.o
  CC      drivers/mtd/ubi/cdev.o
  CC [M]  drivers/gpu/drm/lima/lima_bcast.o
  CC      drivers/gpu/arm/bifrost/backend/gpu/mali_kbase_pm_metrics.o
  CC [M]  drivers/input/keyboard/dlink-dir685-touchkeys.o
  CC [M]  fs/squashfs/xattr_id.o
  AR      drivers/net/wireless/admtek/built-in.a
  CC [M]  drivers/net/wireless/aic8800_sdio/aic8800_btlpm/aic_bluetooth_main.o
  CC [M]  fs/reiserfs/xattr_user.o
  AR      drivers/usb/common/built-in.a
  CC      drivers/usb/core/usb.o
  CC [M]  net/ipv6/ping.o
  CC      drivers/usb/core/hub.o
  LD [M]  fs/dlm/dlm.o
  CC      kernel/irq_work.o
  CC      fs/btrfs/export.o
  CC [M]  drivers/gpu/drm/lima/lima_trace.o
  CC [M]  fs/squashfs/lz4_wrapper.o
  CC      fs/nfs/pnfs_dev.o
  AR      drivers/net/pcs/built-in.a
  CC      fs/nfs/pnfs_nfs.o
  CC [M]  fs/exfat/file.o
  CC      drivers/net/ethernet/aquantia/atlantic/aq_nic.o
  CC      fs/nfs/nfs42proc.o
  CC      drivers/mtd/ubi/kapi.o
  CC [M]  fs/hfsplus/options.o
  CC [M]  fs/reiserfs/xattr_trusted.o
  CC [M]  drivers/input/keyboard/gpio_keys.o
  CC [M]  fs/hfsplus/inode.o
  CC [M]  drivers/net/wireless/aic8800_sdio/aic8800_btlpm/rfkill.o
  CC [M]  net/netfilter/nf_conntrack_sane.o
  CC      drivers/usb/core/hcd.o
  CC [M]  fs/squashfs/lzo_wrapper.o
  CC [M]  drivers/gpu/drm/lima/lima_devfreq.o
  CC [M]  fs/exfat/balloc.o
  CC      fs/btrfs/tree-log.o
  CC [M]  fs/squashfs/xz_wrapper.o
  CC      kernel/cpu_pm.o
  CC      drivers/mtd/ubi/eba.o
  CC [M]  fs/reiserfs/xattr_security.o
  CC      drivers/gpu/arm/bifrost/backend/gpu/mali_kbase_pm_ca.o
  LD [M]  drivers/net/wireless/aic8800_sdio/aic8800_btlpm/aic8800_btlpm.o
  CC [M]  drivers/input/keyboard/gpio_keys_polled.o
  CC [M]  drivers/net/wireless/aic8800_sdio/aic8800_fdrv/rwnx_msg_tx.o
  CC [M]  drivers/net/wireless/aic8800_sdio/aic8800_bsp/aic8800dc_compat.o
  CC      net/ipv4/proc.o
  CC [M]  fs/hfsplus/ioctl.o
  CC [M]  fs/hfsplus/extents.o
  CC [M]  net/ipv6/exthdrs.o
  CC [M]  net/netfilter/nf_conntrack_sip.o
  LD [M]  drivers/gpu/drm/lima/lima.o
  CC      drivers/net/ethernet/aquantia/atlantic/aq_pci_func.o
  CC [M]  drivers/gpu/drm/panfrost/panfrost_drv.o
  CC [M]  drivers/gpu/drm/panfrost/panfrost_device.o
  CC [M]  fs/squashfs/zlib_wrapper.o
  LD [M]  fs/exfat/exfat.o
  CC      drivers/usb/core/urb.o
  CC      kernel/context_tracking.o
  CC [M]  fs/reiserfs/xattr_acl.o
  CC [M]  fs/squashfs/zstd_wrapper.o
  CC      drivers/rtc/lib.o
  CC [M]  drivers/input/keyboard/tca6416-keypad.o
  CC      drivers/mtd/ubi/io.o
  CC      drivers/usb/core/message.o
  CC [M]  drivers/net/wireless/aic8800_sdio/aic8800_bsp/aic8800d80_compat.o
  CC      fs/nfs/nfs42xattr.o
  CC [M]  fs/hfsplus/catalog.o
  CC      drivers/gpu/arm/bifrost/backend/gpu/mali_kbase_pm_always_on.o
  AR      net/devlink/built-in.a
  CC      drivers/gpu/arm/bifrost/backend/gpu/mali_kbase_pm_coarse_demand.o
  CC      net/ipv4/fib_rules.o
  CC [M]  drivers/net/wireless/ath/ath5k/caps.o
  CC [M]  drivers/net/wireless/ath/ath5k/initvals.o
  CC [M]  drivers/net/wireless/ath/ath9k/beacon.o
  CC [M]  drivers/gpu/drm/panfrost/panfrost_devfreq.o
  CC      drivers/net/ethernet/aquantia/atlantic/aq_vec.o
  LD [M]  fs/squashfs/squashfs.o
  CC      drivers/usb/core/driver.o
  LD [M]  fs/reiserfs/reiserfs.o
  CC [M]  drivers/net/wireless/aic8800_sdio/aic8800_fdrv/rwnx_msg_rx.o
  CC [M]  drivers/net/wireless/aic8800_sdio/aic8800_fdrv/rwnx_utils.o
  CC      drivers/rtc/class.o
  CC [M]  drivers/input/keyboard/tca8418_keypad.o
  CC      fs/btrfs/free-space-cache.o
  CC      drivers/mtd/ubi/wl.o
  CC      kernel/iomem.o
  CC      drivers/mtd/ubi/attach.o
  AR      drivers/net/ethernet/asix/built-in.a
  CC      kernel/rseq.o
  CC [M]  drivers/net/wireless/aic8800_sdio/aic8800_bsp/aic_bsp_main.o
  CC [M]  fs/hfsplus/dir.o
  CC [M]  net/ipv6/datagram.o
  CC [M]  drivers/gpu/drm/panfrost/panfrost_gem.o
  AR      fs/nfs/built-in.a
  CC      drivers/rtc/interface.o
  CC [M]  drivers/net/wireless/ath/ath5k/eeprom.o
  CC [M]  drivers/net/wireless/ath/ath5k/gpio.o
  CC [M]  net/netfilter/nf_conntrack_tftp.o
  CC [M]  drivers/net/wireless/ath/ath5k/desc.o
  CC [M]  drivers/net/wireless/ath/ath9k/gpio.o
  CC      drivers/net/ethernet/aquantia/atlantic/aq_ring.o
  CC      drivers/net/ethernet/aquantia/atlantic/aq_hw_utils.o
  CC [M]  drivers/input/keyboard/lkkbd.o
  CC      drivers/net/usb/asix_devices.o
  CC      drivers/net/lte/lte_rm310.o
  CC      drivers/net/lte/lte_em05.o
  CC      drivers/mtd/ubi/misc.o
  CC      drivers/mtd/ubi/debug.o
  GZIP    kernel/config_data.gz
  CC      kernel/kheaders.o
  CC      drivers/gpu/arm/bifrost/backend/gpu/mali_kbase_pm_policy.o
  CC [M]  fs/hfsplus/btree.o
  CC [M]  drivers/net/wireless/aic8800_sdio/aic8800_fdrv/rwnx_cmds.o
  CC      drivers/usb/core/config.o
  CC [M]  drivers/net/wireless/aic8800_sdio/aic8800_bsp/aic_bsp_driver.o
  CC      net/ipv4/ipmr.o
  CC [M]  drivers/gpu/drm/panfrost/panfrost_gem_shrinker.o
  CC      fs/btrfs/zlib.o
  CC [M]  drivers/input/keyboard/lm8323.o
  CC [M]  drivers/net/wireless/ath/ath5k/dma.o
  CC      kernel/configs.o
  CC [M]  net/ipv6/ip6_flowlabel.o
  CC [M]  net/ipv6/inet6_connection_sock.o
  AR      drivers/mtd/ubi/built-in.a
  CC [M]  drivers/net/wireless/ath/ath9k/init.o
  CC [M]  drivers/net/wireless/aic8800_sdio/aic8800_bsp/aicsdio.o
  CC      drivers/mtd/mtdsuper.o
  CC      drivers/mtd/mtdconcat.o
  CC [M]  drivers/net/wireless/ath/ath5k/qcu.o
  AR      drivers/net/lte/built-in.a
  CC [M]  fs/hfsplus/bnode.o
  CC [M]  fs/hfsplus/brec.o
  CC      drivers/usb/core/file.o
  CC      drivers/rtc/nvmem.o
  CC      drivers/net/ethernet/aquantia/atlantic/aq_ethtool.o
  CC      drivers/net/usb/asix_common.o
  AR      kernel/built-in.a
  CC [M]  drivers/net/wireless/aic8800_sdio/aic8800_fdrv/rwnx_irqs.o
  CC [M]  drivers/gpu/drm/panfrost/panfrost_gpu.o
  CC [M]  drivers/net/bonding/bond_main.o
  CC [M]  net/netfilter/nf_log_syslog.o
  CC [M]  drivers/net/wireless/aic8800_sdio/aic8800_bsp/aicsdio_txrxif.o
  CC      fs/btrfs/lzo.o
  CC [M]  drivers/input/keyboard/lm8333.o
  CC      drivers/mtd/mtdpart.o
  CC [M]  drivers/net/wireless/ath/ath5k/pcu.o
  CC      drivers/gpu/arm/bifrost/backend/gpu/mali_kbase_time.o
  CC      drivers/gpu/arm/bifrost/backend/gpu/mali_kbase_l2_mmu_config.o
  CC [M]  fs/hfsplus/bfind.o
  CC [M]  net/ipv6/udp_offload.o
  CC      drivers/rtc/dev.o
  CC [M]  drivers/net/wireless/ath/ath9k/main.o
  CC      net/ipv4/ipmr_base.o
  CC      drivers/usb/core/buffer.o
  CC      net/ipv4/syncookies.o
  CC [M]  drivers/gpu/drm/panfrost/panfrost_job.o
  CC [M]  drivers/net/wireless/aic8800_sdio/aic8800_fdrv/rwnx_cfgfile.o
  CC      drivers/net/ethernet/aquantia/atlantic/aq_drvinfo.o
  CC      drivers/net/usb/ax88172a.o
  CC [M]  drivers/input/keyboard/matrix_keypad.o
  CC      fs/btrfs/zstd.o
  CC      drivers/net/usb/cdc_ether.o
  CC      drivers/mtd/mtdchar.o
  AR      drivers/input/mouse/built-in.a
  CC [M]  drivers/input/mouse/appletouch.o
  CC [M]  drivers/net/wireless/aic8800_sdio/aic8800_bsp/md5.o
  CC [M]  drivers/net/wireless/aic8800_sdio/aic8800_bsp/aicwf_txq_prealloc.o
  CC [M]  net/netfilter/nf_nat_core.o
  CC [M]  fs/hfsplus/tables.o
  CC [M]  fs/hfsplus/unicode.o
  CC      drivers/rtc/proc.o
  CC      drivers/usb/core/sysfs.o
  CC [M]  drivers/net/wireless/ath/ath5k/phy.o
  CC      drivers/rtc/sysfs.o
  CC [M]  net/ipv6/seg6.o
  CC [M]  drivers/input/keyboard/max7359_keypad.o
  CC      drivers/net/ethernet/aquantia/atlantic/aq_filters.o
  CC [M]  drivers/net/ipvlan/ipvlan_core.o
  CC [M]  drivers/gpu/drm/panfrost/panfrost_mmu.o
  CC [M]  drivers/net/wireless/aic8800_sdio/aic8800_fdrv/rwnx_strs.o
  CC [M]  drivers/input/mouse/bcm5974.o
  CC [M]  drivers/gpu/drm/panfrost/panfrost_perfcnt.o
  CC [M]  drivers/net/wireless/aic8800_sdio/aic8800_fdrv/rwnx_rx.o
  CC [M]  drivers/net/wireless/ath/ath9k/recv.o
  CC      drivers/gpu/arm/bifrost/backend/gpu/mali_kbase_clk_rate_trace_mgr.o
  CC      drivers/net/usb/rndis_host.o
  CC      drivers/mtd/mtd_blkdevs.o
  CC      drivers/mtd/mtdblock.o
  CC      fs/btrfs/compression.o
  CC [M]  fs/hfsplus/wrapper.o
  CC [M]  drivers/net/bonding/bond_3ad.o
  CC      fs/btrfs/delayed-ref.o
  CC      drivers/usb/core/endpoint.o
  CC      net/ipv4/ipconfig.o
  CC      drivers/rtc/rtc-hym8563.o
  LD [M]  drivers/net/wireless/aic8800_sdio/aic8800_bsp/aic8800_bsp.o
  CC [M]  drivers/input/joystick/iforce/iforce-ff.o
  AR      drivers/input/joystick/built-in.a
  CC [M]  fs/hfsplus/bitmap.o
  CC [M]  drivers/input/keyboard/mcs_touchkey.o
  CC [M]  drivers/input/mouse/cyapa.o
  CC [M]  net/ipv6/fib6_notifier.o
  CC      fs/btrfs/relocation.o
  CC [M]  net/ipv6/rpl.o
  CC [M]  drivers/net/wireless/ath/ath5k/reset.o
  CC [M]  drivers/gpu/drm/panfrost/panfrost_dump.o
  CC      drivers/net/ethernet/aquantia/atlantic/aq_phy.o
  CC [M]  drivers/net/wireless/ath/ath5k/attach.o
  CC      drivers/usb/core/devio.o
  CC [M]  net/netfilter/nf_nat_proto.o
  CC [M]  drivers/net/wireless/ath/ath9k/xmit.o
  CC [M]  drivers/input/joystick/iforce/iforce-main.o
  CC [M]  drivers/input/joystick/iforce/iforce-packets.o
  AR      drivers/mtd/built-in.a
  CC [M]  fs/hfsplus/part_tbl.o
  CC      fs/btrfs/delayed-inode.o
  CC [M]  fs/hfsplus/attributes.o
  CC      drivers/rtc/rtc-rk808.o
  CC [M]  drivers/net/wireless/aic8800_sdio/aic8800_fdrv/rwnx_tx.o
  CC      drivers/net/usb/usbnet.o
  CC [M]  drivers/input/keyboard/mpr121_touchkey.o
  CC [M]  drivers/net/ipvlan/ipvlan_main.o
  CC [M]  drivers/net/bonding/bond_alb.o
  CC      drivers/gpu/arm/bifrost/backend/gpu/mali_kbase_devfreq.o
  CC [M]  drivers/input/mouse/cyapa_gen3.o
  LD [M]  drivers/gpu/drm/panfrost/panfrost.o
  CC      drivers/gpu/arm/bifrost/mmu/mali_kbase_mmu.o
  CC      drivers/gpu/drm/drm_aperture.o
  CC [M]  net/ipv6/ioam6.o
  CC      net/ipv4/netfilter.o
  CC      drivers/net/ethernet/aquantia/atlantic/hw_atl/hw_atl_a0.o
  CC [M]  drivers/input/joystick/iforce/iforce-serio.o
  CC [M]  drivers/net/wireless/ath/ath5k/base.o
  AR      drivers/net/ethernet/cadence/built-in.a
  CC      drivers/gpu/arm/bifrost/mmu/mali_kbase_mmu_hw_direct.o
  CC      drivers/gpu/arm/bifrost/mmu/mali_kbase_mmu_mode_aarch64.o
  CC [M]  fs/hfsplus/xattr.o
  CC [M]  fs/hfsplus/xattr_user.o
  AR      drivers/rtc/built-in.a
  AR      drivers/net/ethernet/cortina/built-in.a
  AR      drivers/net/wireless/atmel/built-in.a
  CC      drivers/usb/core/notify.o
  CC [M]  drivers/net/wireless/atmel/at76c50x-usb.o
  CC [M]  drivers/input/keyboard/newtonkbd.o
  CC      fs/btrfs/scrub.o
  CC [M]  drivers/input/keyboard/omap4-keypad.o
  CC      drivers/gpu/drm/drm_auth.o
  CC [M]  drivers/net/wireless/aic8800_sdio/aic8800_fdrv/rwnx_txq.o
  CC [M]  drivers/input/mouse/cyapa_gen5.o
  CC [M]  drivers/net/wireless/ath/ath9k/link.o
  CC [M]  drivers/input/joystick/iforce/iforce-usb.o
  CC [M]  drivers/net/bonding/bond_sysfs.o
  CC [M]  drivers/net/bonding/bond_sysfs_slave.o
  CC      drivers/net/ethernet/aquantia/atlantic/hw_atl/hw_atl_b0.o
  CC      drivers/gpu/arm/bifrost/mmu/backend/mali_kbase_mmu_csf.o
  CC [M]  net/netfilter/nf_nat_helper.o
  CC [M]  net/ipv6/sysctl_net_ipv6.o
  CC      drivers/usb/core/generic.o
  CC [M]  fs/hfsplus/xattr_security.o
  CC      drivers/net/usb/cdc_ncm.o
  CC [M]  drivers/net/ipvlan/ipvlan_l3s.o
  CC [M]  fs/hfsplus/xattr_trusted.o
  CC      net/ipv4/tcp_cubic.o
  CC [M]  drivers/input/keyboard/opencores-kbd.o
  CC      drivers/gpu/arm/bifrost/tl/mali_kbase_timeline.o
  CC      drivers/gpu/drm/drm_cache.o
  CC [M]  drivers/net/wireless/ath/ath5k/led.o
  LD [M]  drivers/input/joystick/iforce/iforce.o
  CC [M]  drivers/input/joystick/a3d.o
  CC [M]  drivers/input/joystick/adc-joystick.o
  CC [M]  drivers/net/wireless/ath/ath9k/antenna.o
  CC [M]  drivers/net/wireless/aic8800_sdio/aic8800_fdrv/rwnx_main.o
  CC [M]  drivers/net/wireless/aic8800_sdio/aic8800_fdrv/rwnx_mod_params.o
  CC [M]  drivers/input/mouse/cyapa_gen6.o
  CC      drivers/gpu/drm/drm_file.o
  CC      drivers/gpu/drm/drm_gem.o
  CC [M]  drivers/input/keyboard/pinephone-keyboard.o
  CC [M]  drivers/net/bonding/bond_debugfs.o
  CC      fs/btrfs/backref.o
  CC      drivers/usb/phy/phy.o
  CC [M]  net/ipv6/ip6mr.o
  LD [M]  fs/hfsplus/hfsplus.o
  CC [M]  net/ipv6/xfrm6_policy.o
  CC      drivers/usb/core/quirks.o
  CC      drivers/net/ethernet/aquantia/atlantic/hw_atl/hw_atl_utils.o
  CC [M]  net/netfilter/nf_nat_redirect.o
  CC [M]  drivers/input/joystick/adi.o
  LD [M]  drivers/net/ipvlan/ipvlan.o
  CC      drivers/net/ethernet/aquantia/atlantic/hw_atl/hw_atl_utils_fw2x.o
  CC [M]  drivers/net/wireless/ath/ath5k/rfkill.o
  CC [M]  drivers/net/wireless/ath/ath5k/ani.o
  CC      net/ipv4/tcp_bpf.o
  CC [M]  drivers/net/usb/catc.o
  CC      drivers/gpu/arm/bifrost/tl/mali_kbase_timeline_io.o
  CC [M]  drivers/input/mouse/elan_i2c_core.o
  CC      drivers/usb/phy/of.o
  CC [M]  drivers/net/wireless/ath/ath9k/channel.o
  CC [M]  drivers/input/keyboard/qt1050.o
  CC      drivers/usb/core/devices.o
  CC [M]  net/netfilter/nf_nat_masquerade.o
  CC      net/ipv4/udp_bpf.o
  CC [M]  drivers/net/bonding/bond_netlink.o
  CC [M]  net/ipv6/xfrm6_state.o
  CC [M]  drivers/input/joystick/as5011.o
  CC [M]  drivers/net/wireless/ath/carl9170/main.o
  CC [M]  net/bluetooth/rfcomm/core.o
  CC [M]  net/bluetooth/rfcomm/sock.o
  CC      drivers/gpu/drm/drm_ioctl.o
  CC      fs/btrfs/ulist.o
  CC [M]  net/bluetooth/bnep/core.o
  CC      drivers/net/ethernet/aquantia/atlantic/hw_atl/hw_atl_llh.o
In file included from /home/wanpublic/ubuntu-rockchip/build/linux-rockchip/drivers/gpu/arm/bifrost/tl/mali_kbase_timeline_io.c:30:
/home/wanpublic/ubuntu-rockchip/build/linux-rockchip/include/linux/version_compat_defs.h:70:9: note: '#pragma message: kbase_mmap_min_addr compiled to CONFIG_LSM_MMAP_MIN_ADDR, no runtime update!'
   70 | #pragma message "kbase_mmap_min_addr compiled to CONFIG_LSM_MMAP_MIN_ADDR, no runtime update!"
      |         ^~~~~~~
  CC [M]  drivers/net/wireless/ath/ath5k/sysfs.o
  CC [M]  drivers/net/usb/kaweth.o
  CC      drivers/usb/core/phy.o
  CC [M]  drivers/input/keyboard/qt1070.o
  CC [M]  drivers/input/mouse/elan_i2c_i2c.o
  CC [M]  drivers/net/wireless/ath/ath9k/mci.o
  CC      drivers/gpu/arm/bifrost/tl/mali_kbase_tlstream.o
  CC [M]  drivers/net/wireless/aic8800_sdio/aic8800_fdrv/rwnx_mesh.o
  CC [M]  net/bluetooth/hidp/core.o
  AR      drivers/usb/phy/built-in.a
  CC      net/bluetooth/af_bluetooth.o
  CC [M]  drivers/input/joystick/analog.o
  CC [M]  drivers/net/bonding/bond_options.o
  CC      net/ipv4/cipso_ipv4.o
  CC [M]  net/ipv6/xfrm6_input.o
  CC      fs/btrfs/qgroup.o
  CC      fs/btrfs/send.o
  CC [M]  drivers/net/wireless/ath/carl9170/usb.o
  CC [M]  drivers/net/wireless/ath/ath5k/mac80211-ops.o
  CC [M]  net/bluetooth/bnep/sock.o
  CC [M]  net/bluetooth/bnep/netdev.o
  CC      drivers/net/ethernet/aquantia/atlantic/hw_atl2/hw_atl2.o
  CC [M]  drivers/input/keyboard/qt2160.o
  CC      drivers/gpu/drm/drm_drv.o
  CC [M]  drivers/input/keyboard/samsung-keypad.o
  CC [M]  net/netfilter/nf_nat_amanda.o
  CC [M]  drivers/net/usb/pegasus.o
  CC [M]  net/bluetooth/rfcomm/tty.o
  CC [M]  drivers/input/mouse/elan_i2c_smbus.o
  CC [M]  drivers/input/joystick/cobra.o
  CC [M]  drivers/net/wireless/aic8800_sdio/aic8800_fdrv/rwnx_platform.o
  CC      drivers/usb/core/port.o
  CC [M]  drivers/net/wireless/ath/ath9k/pci.o
  CC      drivers/gpu/arm/bifrost/tl/mali_kbase_tracepoints.o
  CC [M]  drivers/net/usb/rtl8150.o
  CC [M]  drivers/net/bonding/bond_procfs.o
  CC [M]  drivers/input/keyboard/stowaway.o
  CC [M]  drivers/input/joystick/fsia6b.o
  CC      net/ipv4/xfrm4_policy.o
  CC      drivers/i2c/algos/i2c-algo-bit.o
  AR      drivers/i3c/built-in.a
  CC [M]  drivers/net/wireless/ath/carl9170/cmd.o
  CC [M]  drivers/net/wireless/ath/ath5k/pci.o
  LD [M]  net/bluetooth/bnep/bnep.o
  CC [M]  drivers/net/wireless/ath/carl9170/mac.o
  CC      drivers/usb/dwc3/core.o
  CC [M]  drivers/input/mouse/gpio_mouse.o
  CC [M]  net/bluetooth/hidp/sock.o
  CC      drivers/usb/core/of.o
  CC      drivers/net/ethernet/aquantia/atlantic/hw_atl2/hw_atl2_utils.o
  CC [M]  net/netfilter/nf_nat_ftp.o
  CC      drivers/net/ethernet/aquantia/atlantic/hw_atl2/hw_atl2_utils_fw.o
  CC      drivers/gpu/drm/drm_sysfs.o
  CC      net/bluetooth/hci_core.o
  LD [M]  net/bluetooth/rfcomm/rfcomm.o
  CC      fs/btrfs/dev-replace.o
  CC [M]  drivers/net/wireless/ath/ath9k/ar9002_hw.o
  CC [M]  net/ipv6/xfrm6_output.o
  CC [M]  drivers/input/keyboard/sunkbd.o
  CC [M]  drivers/net/wireless/aic8800_sdio/aic8800_fdrv/rwnx_pci.o
  CC [M]  drivers/input/joystick/gf2k.o
  CC [M]  drivers/input/mouse/psmouse-base.o
  CC [M]  drivers/net/wireless/aic8800_sdio/aic8800_fdrv/rwnx_dini.o
  CC      drivers/gpu/arm/bifrost/tl/backend/mali_kbase_timeline_csf.o
  CC [M]  drivers/net/usb/r8152.o
  LD [M]  drivers/net/bonding/bonding.o
  CC [M]  drivers/net/usb/hso.o
  CC      net/ipv4/xfrm4_state.o
  CC      drivers/usb/dwc2/core.o
  LD [M]  drivers/net/wireless/ath/ath5k/ath5k.o
  CC      drivers/usb/dwc2/core_intr.o
  CC      drivers/usb/dwc2/platform.o
  CC [M]  drivers/net/wireless/ath/carl9170/phy.o
  LD [M]  net/bluetooth/hidp/hidp.o
  CC      drivers/gpu/drm/drm_mm.o
  CC [M]  drivers/i2c/algos/i2c-algo-pca.o
  CC      drivers/usb/dwc3/trace.o
  CC [M]  drivers/input/keyboard/tm2-touchkey.o
  CC [M]  net/netfilter/nf_nat_irc.o
  CC [M]  drivers/input/joystick/grip.o
  CC      drivers/usb/core/hcd-pci.o
  CC      drivers/net/ethernet/aquantia/atlantic/hw_atl2/hw_atl2_llh.o
  CC [M]  drivers/net/wireless/ath/ath9k/ar9003_hw.o
  CC      fs/btrfs/raid56.o
  CC [M]  net/ipv6/xfrm6_protocol.o
  CC [M]  drivers/net/wireless/ath/ath9k/hw.o
  CC [M]  drivers/net/wireless/aic8800_sdio/aic8800_fdrv/rwnx_v7.o
  CC [M]  drivers/input/mouse/synaptics.o
  CC      drivers/usb/dwc3/host.o
  CC      drivers/gpu/arm/bifrost/hwcnt/mali_kbase_hwcnt.o
  CC      drivers/usb/dwc3/gadget.o
  CC [M]  drivers/input/joystick/grip_mp.o
  CC      drivers/usb/dwc2/drd.o
  CC      net/ipv4/xfrm4_input.o
  CC      net/ipv4/xfrm4_output.o
  CC [M]  drivers/input/keyboard/xtkbd.o
  CC      drivers/gpu/drm/drm_crtc.o
  CC      drivers/net/ethernet/aquantia/atlantic/macsec/macsec_api.o
  CC [M]  drivers/net/wireless/ath/carl9170/led.o
  AR      drivers/i2c/algos/built-in.a
  CC      drivers/gpu/arm/bifrost/hwcnt/mali_kbase_hwcnt_gpu.o
  CC [M]  net/netfilter/nf_nat_sip.o
  CC [M]  drivers/net/wireless/ath/carl9170/fw.o
  CC [M]  drivers/net/wireless/ath/carl9170/tx.o
  AR      drivers/usb/core/built-in.a
  CC      drivers/gpu/arm/bifrost/hwcnt/mali_kbase_hwcnt_gpu_narrow.o
  CC      drivers/i2c/busses/i2c-rk3x.o
  CC [M]  drivers/net/wireless/aic8800_sdio/aic8800_fdrv/ipc_host.o
  CC      drivers/usb/host/pci-quirks.o
  CC [M]  drivers/input/mouse/focaltech.o
  CC [M]  drivers/input/mouse/alps.o
  CC [M]  drivers/net/wireless/ath/ath9k/ar9003_phy.o
  CC      net/bluetooth/hci_conn.o
  CC [M]  drivers/input/joystick/guillemot.o
  CC      fs/btrfs/uuid-tree.o
  CC      drivers/usb/dwc2/params.o
  CC      drivers/gpu/arm/bifrost/hwcnt/mali_kbase_hwcnt_types.o
  AR      drivers/input/tablet/built-in.a
  CC [M]  drivers/input/tablet/acecad.o
  CC      drivers/gpu/drm/drm_fourcc.o
  CC [M]  net/ipv6/netfilter.o
  CC [M]  net/ipv6/fib6_rules.o
  CC      drivers/input/touchscreen/focaltech_touch/focaltech_core.o
  CC [M]  drivers/input/joystick/interact.o
  CC      drivers/usb/dwc3/ep0.o
  CC [M]  drivers/input/joystick/joydump.o
  CC      net/bluetooth/hci_event.o
  CC      drivers/net/ethernet/aquantia/atlantic/aq_ptp.o
  CC      drivers/gpu/arm/bifrost/hwcnt/mali_kbase_hwcnt_virtualizer.o
  CC [M]  drivers/net/wireless/aic8800_sdio/aic8800_fdrv/rwnx_tdls.o
  CC [M]  drivers/i2c/busses/i2c-gpio.o
  CC [M]  net/netfilter/nf_nat_tftp.o
  CC      net/ipv4/xfrm4_protocol.o
  CC      net/ipv4/bpf_tcp_ca.o
  CC [M]  drivers/net/wireless/ath/carl9170/rx.o
  CC [M]  drivers/input/tablet/aiptek.o
  CC [M]  drivers/input/mouse/byd.o
  CC      fs/btrfs/props.o
  CC      drivers/gpu/drm/drm_modes.o
  CC      drivers/usb/dwc2/hcd.o
  CC [M]  drivers/net/usb/lan78xx.o
  CC      drivers/usb/host/ehci-hcd.o
  CC      drivers/gpu/arm/bifrost/hwcnt/mali_kbase_hwcnt_watchdog_if_timer.o
  CC      drivers/gpu/arm/bifrost/hwcnt/backend/mali_kbase_hwcnt_backend_csf.o
  CC [M]  drivers/input/joystick/magellan.o
  CC [M]  drivers/net/wireless/ath/ath9k/ar9002_phy.o
  CC      drivers/usb/dwc3/drd.o
  CC [M]  drivers/i2c/busses/i2c-nomadik.o
  CC [M]  drivers/input/mouse/elantech.o
  CC      drivers/input/touchscreen/focaltech_touch/focaltech_ex_fun.o
  CC [M]  drivers/input/tablet/hanwang.o
  CC [M]  drivers/net/wireless/aic8800_sdio/aic8800_fdrv/aic_vendor.o
  CC [M]  net/netfilter/nf_synproxy_core.o
  CC [M]  drivers/net/wireless/ath/ath9k/ar5008_phy.o
  CC      drivers/usb/dwc2/hcd_intr.o
  AR      drivers/net/ethernet/aquantia/atlantic/built-in.a
  CC      drivers/usb/dwc2/hcd_queue.o
  AR      drivers/net/ethernet/aquantia/built-in.a
  AR      drivers/net/ethernet/engleder/built-in.a
  CC [M]  drivers/input/joystick/psxpad-spi.o
  CC      fs/btrfs/free-space-tree.o
  AR      drivers/net/ethernet/fungible/built-in.a
  AR      drivers/net/ethernet/google/built-in.a
  LD [M]  drivers/net/wireless/ath/carl9170/carl9170.o
  AR      drivers/net/ethernet/huawei/built-in.a
  AR      drivers/net/ethernet/microsoft/built-in.a
  CC      drivers/gpu/arm/bifrost/hwcnt/backend/mali_kbase_hwcnt_backend_csf_if_fw.o
  CC      drivers/gpu/arm/bifrost/gpu/mali_kbase_gpu.o
  AR      drivers/net/ethernet/litex/built-in.a
  AR      drivers/net/ethernet/mscc/built-in.a
  AR      drivers/net/ethernet/neterion/built-in.a
  CC [M]  net/ipv6/proc.o
  AR      drivers/net/ethernet/netronome/built-in.a
  AR      drivers/net/ethernet/ni/built-in.a
  AR      drivers/net/ethernet/packetengines/built-in.a
  AR      drivers/net/ethernet/realtek/built-in.a
  CC [M]  drivers/net/ethernet/realtek/r8169_main.o
  CC [M]  net/ipv4/ip_tunnel.o
  AR      drivers/net/ethernet/sfc/built-in.a
  CC [M]  net/ipv4/ipip.o
  CC      drivers/usb/dwc3/debugfs.o
  CC [M]  drivers/input/tablet/kbtab.o
  CC [M]  drivers/i2c/busses/i2c-ocores.o
  CC      drivers/gpu/drm/drm_displayid.o
  CC      drivers/gpu/drm/drm_trace_points.o
  CC      drivers/usb/dwc2/hcd_ddma.o
  CC      drivers/input/touchscreen/focaltech_touch/focaltech_ex_mode.o
  CC [M]  drivers/input/joystick/pxrc.o
  CC [M]  drivers/input/mouse/logips2pp.o
  CC [M]  drivers/net/wireless/aic8800_sdio/aic8800_fdrv/md5.o
  CC [M]  drivers/net/usb/ax88179_178a.o
  CC [M]  drivers/net/usb/cdc_eem.o
  CC [M]  drivers/net/usb/dm9601.o
  CC      net/bluetooth/mgmt.o
  CC [M]  drivers/net/wireless/ath/ath9k/ar9002_calib.o
  CC      drivers/usb/host/ehci-pci.o
  CC      fs/btrfs/tree-checker.o
  CC [M]  drivers/input/tablet/pegasus_notetaker.o
  CC      drivers/input/touchscreen/gt1x/gt1x_extents.o
  CC      drivers/gpu/arm/bifrost/gpu/backend/mali_kbase_gpu_fault_csf.o
  CC [M]  net/ipv6/syncookies.o
  CC      drivers/gpu/drm/drm_prime.o
  CC [M]  drivers/input/joystick/qwiic-joystick.o
  CC      drivers/usb/dwc3/dwc3-haps.o
  CC [M]  drivers/input/mouse/sentelic.o
  CC [M]  drivers/i2c/busses/i2c-pca-platform.o
  CC [M]  drivers/i2c/busses/i2c-simtec.o
  CC      drivers/usb/host/ehci-platform.o
  CC [M]  drivers/net/wireless/aic8800_sdio/aic8800_fdrv/aicwf_compat_8800dc.o
  CC      drivers/usb/dwc2/gadget.o
  CC      drivers/input/touchscreen/focaltech_touch/focaltech_flash.o
  CC [M]  net/netfilter/nf_conncount.o
  CC [M]  net/netfilter/nf_dup_netdev.o
  CC [M]  drivers/input/tablet/wacom_serial4.o
  CC [M]  drivers/input/joystick/sensehat-joystick.o
  CC      drivers/input/touchscreen/focaltech_touch/focaltech_gesture.o
  CC      drivers/input/touchscreen/gt1x/gt1x_generic.o
  CC [M]  drivers/net/ethernet/realtek/r8169_firmware.o
  CC [M]  drivers/net/usb/sr9700.o
  CC      drivers/usb/dwc3/dwc3-of-simple.o
  CC [M]  drivers/net/wireless/ath/ath9k/ar9003_calib.o
  CC [M]  drivers/net/wireless/ath/ath9k/calib.o
  CC [M]  drivers/input/mouse/trackpoint.o
  CC      drivers/gpu/arm/bifrost/thirdparty/mali_kbase_mmap.o
  CC [M]  net/ipv4/gre_demux.o
  CC      drivers/gpu/arm/bifrost/platform/rk/mali_kbase_config_rk.o
  CC      fs/btrfs/space-info.o
  CC [M]  drivers/i2c/busses/i2c-octeon-core.o
  CC      drivers/usb/host/ohci-hcd.o
  CC [M]  drivers/net/wireless/aic8800_sdio/aic8800_fdrv/aicwf_compat_8800d80.o
  CC      drivers/gpu/drm/drm_vma_manager.o
  CC [M]  drivers/net/ethernet/realtek/r8169_phy_config.o
In file included from /home/wanpublic/ubuntu-rockchip/build/linux-rockchip/drivers/gpu/arm/bifrost/thirdparty/mali_kbase_mmap.c:13:
/home/wanpublic/ubuntu-rockchip/build/linux-rockchip/include/linux/version_compat_defs.h:70:9: note: '#pragma message: kbase_mmap_min_addr compiled to CONFIG_LSM_MMAP_MIN_ADDR, no runtime update!'
   70 | #pragma message "kbase_mmap_min_addr compiled to CONFIG_LSM_MMAP_MIN_ADDR, no runtime update!"
      |         ^~~~~~~
  CC      drivers/input/remotectl/rockchip_pwm_remotectl.o
  CC [M]  drivers/input/joystick/sidewinder.o
  CC [M]  drivers/input/joystick/spaceball.o
  CC      drivers/usb/dwc3/dwc3-rockchip-inno.o
  CC [M]  net/ipv6/calipso.o
  CC      drivers/input/touchscreen/focaltech_touch/focaltech_esdcheck.o
  CC [M]  drivers/input/mouse/touchkit_ps2.o
  CC      drivers/input/touchscreen/gt1x/gt1x_tools.o
  CC [M]  drivers/net/usb/sr9800.o
  CC      drivers/usb/dwc2/debugfs.o
  CC [M]  drivers/i2c/busses/i2c-thunderx-pcidrv.o
  CC [M]  drivers/i2c/busses/i2c-xiic.o
  CC [M]  drivers/i2c/busses/i2c-diolan-u2c.o
  CC      drivers/gpu/arm/bifrost/csf/mali_kbase_csf_firmware_cfg.o
  CC [M]  drivers/net/wireless/ath/ath9k/eeprom.o
  CC [M]  net/netfilter/nf_tables_core.o
  CC      fs/btrfs/block-rsv.o
  CC [M]  drivers/net/wireless/aic8800_sdio/aic8800_fdrv/rwnx_wakelock.o
  CC [M]  drivers/input/joystick/spaceorb.o
  CC [M]  drivers/net/wireless/aic8800_sdio/aic8800_fdrv/regdb.o
  AR      drivers/input/remotectl/built-in.a
  CC [M]  drivers/net/wireless/aic8800_sdio/aic8800_fdrv/aicwf_rx_prealloc.o
  CC      drivers/gpu/drm/drm_modeset_lock.o
  CC [M]  drivers/input/mouse/cypress_ps2.o
  CC [M]  drivers/net/ethernet/realtek/r8169_leds.o
  CC [M]  drivers/input/mouse/psmouse-smbus.o
  AR      drivers/usb/dwc3/built-in.a
  CC [M]  drivers/input/mouse/sermouse.o
  CC      drivers/input/touchscreen/focaltech_touch/focaltech_i2c.o
  CC [M]  net/ipv4/ip_gre.o
  CC      drivers/input/touchscreen/gt1x/gt1x.o
  CC      net/bluetooth/hci_sock.o
  CC [M]  drivers/net/usb/smsc75xx.o
  CC [M]  drivers/net/wireless/ath/ath9k/eeprom_def.o
  AR      drivers/usb/dwc2/built-in.a
  CC      drivers/gpu/drm/drm_atomic.o
  CC [M]  drivers/input/joystick/stinger.o
  CC [M]  net/ipv6/ah6.o
  CC      drivers/gpu/drm/drm_bridge.o
  CC [M]  drivers/i2c/busses/i2c-robotfuzz-osif.o
  CC      drivers/usb/host/ohci-platform.o
  AR      drivers/i2c/muxes/built-in.a
  CC      drivers/usb/class/cdc-acm.o
  CC [M]  drivers/i2c/muxes/i2c-arb-gpio-challenge.o
  CC [M]  drivers/net/wireless/aic8800_sdio/aic8800_fdrv/rwnx_radar.o
  CC [M]  drivers/input/mouse/synaptics_i2c.o
  CC      fs/btrfs/delalloc-space.o
  CC [M]  net/netfilter/nf_tables_api.o
  CC      drivers/gpu/arm/bifrost/csf/mali_kbase_csf_trace_buffer.o
  CC      drivers/usb/storage/uas.o
  CC      drivers/usb/storage/scsiglue.o
  LD [M]  drivers/net/ethernet/realtek/r8169.o
  AR      drivers/net/ethernet/socionext/built-in.a
  CC [M]  drivers/net/wireless/ath/ath9k/eeprom_4k.o
  CC      drivers/net/ethernet/stmicro/stmmac/stmmac_main.o
  CC      drivers/input/touchscreen/gt1x/gt1x_update.o
  CC [M]  drivers/input/joystick/tmdc.o
  CC      drivers/input/touchscreen/focaltech_touch/focaltech_point_report_check.o
  CC [M]  drivers/net/wireless/ath/ath9k/eeprom_9287.o
  CC [M]  drivers/i2c/busses/i2c-taos-evm.o
  CC      drivers/usb/host/xhci.o
  CC [M]  drivers/usb/class/usblp.o
  CC [M]  drivers/i2c/muxes/i2c-demux-pinctrl.o
  CC [M]  drivers/input/mouse/synaptics_usb.o
  CC [M]  drivers/net/usb/smsc95xx.o
  CC [M]  net/ipv6/esp6.o
  CC [M]  drivers/usb/class/cdc-wdm.o
  AR      drivers/net/wireless/aic8800_sdio/built-in.a
  CC [M]  drivers/usb/class/usbtmc.o
  CC      fs/btrfs/block-group.o
  CC      drivers/gpu/drm/drm_framebuffer.o
  CC      drivers/gpu/drm/drm_connector.o
  CC [M]  drivers/input/joystick/twidjoy.o
  CC [M]  drivers/net/wireless/aic8800_sdio/aic8800_fdrv/rwnx_debugfs.o
  CC [M]  net/ipv4/udp_tunnel_core.o
  CC      net/bluetooth/hci_sysfs.o
  AR      drivers/input/touchscreen/gt1x/built-in.a
  CC [M]  drivers/net/wireless/ath/ath9k/ani.o
  CC      drivers/gpu/drm/drm_blend.o
  CC      drivers/usb/storage/protocol.o
  CC      drivers/input/touchscreen/focaltech_touch/focaltech_upgrade_ft8201.o
  CC [M]  drivers/i2c/busses/i2c-tiny-usb.o
  CC [M]  drivers/input/mouse/vsxxxaa.o
  CC      drivers/gpu/arm/bifrost/csf/mali_kbase_csf.o
  CC [M]  drivers/i2c/muxes/i2c-mux-gpio.o
  CC      drivers/gpu/arm/bifrost/csf/mali_kbase_csf_scheduler.o
  CC [M]  drivers/net/wireless/ath/ath9k/mac.o
  CC [M]  drivers/input/joystick/warrior.o
  CC [M]  drivers/net/wireless/ath/ath9k/ar9002_mac.o
  CC [M]  drivers/net/usb/gl620a.o
  CC      net/bluetooth/l2cap_core.o
  CC      drivers/gpu/drm/drm_encoder.o
  LD [M]  drivers/input/mouse/cyapatp.o
  LD [M]  drivers/input/mouse/elan_i2c.o
  CC [M]  drivers/i2c/busses/i2c-virtio.o
  LD [M]  drivers/input/mouse/psmouse.o
  CC [M]  drivers/net/wireless/ath/ath9k/ar9003_mac.o
  CC [M]  drivers/net/wireless/ath/ath9k/ar9003_eeprom.o
  AR      drivers/usb/class/built-in.a
  CC      net/bluetooth/l2cap_sock.o
  CC      drivers/usb/storage/transport.o
  CC [M]  drivers/i2c/muxes/i2c-mux-gpmux.o
  CC [M]  drivers/input/joystick/xpad.o
  AR      drivers/input/touchscreen/focaltech_touch/built-in.a
  CC      fs/btrfs/discard.o
  CC      drivers/input/touchscreen/gt9xx/gt9xx.o
  CC [M]  drivers/net/wireless/aic8800_sdio/aic8800_fdrv/rwnx_fw_trace.o
  CC [M]  drivers/input/touchscreen/cyttsp5/cyttsp5_core.o
  CC      drivers/usb/host/xhci-mem.o
  CC [M]  drivers/input/touchscreen/cyttsp5/cyttsp5_mt_common.o
  CC [M]  net/ipv6/ipcomp6.o
  CC [M]  net/ipv4/udp_tunnel_nic.o
  CC [M]  drivers/net/usb/net1080.o
  CC [M]  drivers/net/wireless/aic8800_sdio/aic8800_fdrv/rwnx_testmode.o
  CC      drivers/gpu/drm/drm_mode_object.o
  LD [M]  drivers/i2c/busses/i2c-thunderx.o
  AR      drivers/i2c/busses/built-in.a
  CC      drivers/gpu/drm/drm_property.o
  CC      drivers/net/ethernet/stmicro/stmmac/stmmac_mdio.o
  CC [M]  drivers/i2c/muxes/i2c-mux-ltc4306.o
  CC [M]  drivers/input/joystick/zhenhua.o
  CC      drivers/usb/storage/usb.o
  CC      drivers/usb/storage/initializers.o
  CC [M]  net/netfilter/nft_chain_filter.o
  CC      fs/btrfs/reflink.o
  CC      drivers/input/touchscreen/gt9xx/gt9xx_update.o
  CC [M]  drivers/input/touchscreen/cyttsp5/cyttsp5_mtb.o
  CC [M]  net/netfilter/nf_tables_trace.o
  CC      net/bluetooth/smp.o
  CC      net/bluetooth/lib.o
  CC [M]  net/ipv6/xfrm6_tunnel.o
  CC [M]  drivers/net/wireless/ath/ath9k/ar9003_paprd.o
  CC [M]  drivers/net/usb/plusb.o
  CC [M]  net/ipv4/ip_vti.o
  CC [M]  drivers/net/wireless/aic8800_sdio/aic8800_fdrv/sdio_host.o
  CC      drivers/gpu/drm/drm_plane.o
  CC      drivers/usb/host/xhci-ext-caps.o
  CC      drivers/usb/host/xhci-ring.o
  CC [M]  drivers/i2c/muxes/i2c-mux-mlxcpld.o
  CC [M]  drivers/i2c/muxes/i2c-mux-pca9541.o
  CC [M]  drivers/input/touchscreen/cyttsp5/cyttsp5_platform.o
  CC      drivers/gpu/arm/bifrost/csf/mali_kbase_csf_kcpu.o
  CC      fs/btrfs/subpage.o
  AR      drivers/input/touchscreen/gt9xx/built-in.a
  CC      drivers/gpu/drm/drm_color_mgmt.o
  CC [M]  drivers/net/wireguard/main.o
  CC      drivers/media/i2c/rk628/rk628.o
  CC [M]  drivers/net/wireguard/noise.o
  CC      drivers/usb/storage/sierra_ms.o
  CC [M]  net/netfilter/nft_immediate.o
  CC      drivers/net/ethernet/stmicro/stmmac/dwmac_lib.o
  CC [M]  drivers/net/usb/cdc_subset.o
  CC      drivers/usb/host/xhci-hub.o
  CC [M]  drivers/i2c/muxes/i2c-mux-pca954x.o
  CC [M]  drivers/net/wireless/aic8800_sdio/aic8800_fdrv/aicwf_txrxif.o
  CC [M]  drivers/net/wireless/aic8800_sdio/aic8800_fdrv/aicwf_sdio.o
  CC      drivers/gpu/drm/drm_print.o
  CC [M]  net/ipv4/ah4.o
  CC      drivers/media/i2c/rk628/rk628_cru.o
  CC [M]  drivers/net/wireless/ath/ath6kl/debug.o
  LD [M]  drivers/input/touchscreen/cyttsp5/cyttsp5.o
  CC      net/bluetooth/ecdh_helper.o
  CC [M]  drivers/input/touchscreen/elan/elan_ts.o
  CC [M]  net/ipv6/tunnel6.o
  CC [M]  drivers/net/wireless/ath/ath9k/btcoex.o
  CC      drivers/usb/storage/option_ms.o
  CC [M]  drivers/net/wireless/ath/ath6kl/hif.o
  CC [M]  drivers/net/wireless/ath/ath6kl/htc_mbox.o
  CC [M]  drivers/net/wireless/ath/ath6kl/htc_pipe.o
  CC      fs/btrfs/tree-mod-log.o
  CC [M]  drivers/net/wireless/ath/ath9k/ar9003_mci.o
  CC [M]  drivers/net/usb/zaurus.o
  CC [M]  net/netfilter/nft_cmp.o
  CC [M]  drivers/net/wireguard/device.o
  CC [M]  drivers/net/wireguard/peer.o
  CC [M]  drivers/i2c/muxes/i2c-mux-pinctrl.o
  CC      net/bluetooth/hci_request.o
  CC      drivers/gpu/drm/drm_dumb_buffers.o
  CC      drivers/usb/host/xhci-dbg.o
  CC      drivers/usb/host/xhci-trace.o
  CC      drivers/net/ethernet/stmicro/stmmac/mmc_core.o
  CC      drivers/usb/storage/usual-tables.o
  CC [M]  net/ipv4/esp4.o
  LD [M]  drivers/net/wireless/aic8800_sdio/aic8800_fdrv/aic8800_fdrv.o
  CC [M]  net/ipv6/sit.o
  CC      drivers/gpu/arm/bifrost/csf/mali_kbase_csf_tiler_heap.o
  CC [M]  drivers/input/touchscreen/elan/elan_update.o
  CC      drivers/media/i2c/rk628/rk628_hdmirx.o
  CC [M]  drivers/net/usb/int51x1.o
  CC      drivers/media/i2c/rk628/rk628_dsi.o
  CC      fs/btrfs/extent-io-tree.o
  CC [M]  drivers/i2c/muxes/i2c-mux-reg.o
  CC [M]  net/ipv4/ipcomp.o
  CC [M]  net/netfilter/nft_range.o
  CC [M]  net/ipv4/xfrm4_tunnel.o
  CC      drivers/gpu/drm/drm_mode_config.o
  CC [M]  drivers/usb/storage/alauda.o
  CC [M]  drivers/net/wireless/ath/ath6kl/bmi.o
  CC [M]  drivers/usb/misc/sisusbvga/sisusb.o
  CC [M]  drivers/usb/gadget/udc/bdc/bdc_core.o
  CC [M]  drivers/usb/gadget/udc/bdc/bdc_cmd.o
  CC [M]  drivers/net/wireguard/timers.o
  CC      net/bluetooth/mgmt_util.o
  CC      net/bluetooth/mgmt_config.o
  CC      drivers/net/ethernet/stmicro/stmmac/stmmac_hwtstamp.o
  CC [M]  drivers/net/wireless/ath/ath9k/ar9003_aic.o
  CC [M]  drivers/input/touchscreen/elan/elan_tool.o
  CC [M]  drivers/net/usb/kalmia.o
  CC      drivers/i2c/i2c-boardinfo.o
  CC      drivers/gpu/arm/bifrost/csf/mali_kbase_csf_timeout.o
  CC      drivers/gpu/arm/bifrost/csf/mali_kbase_csf_tl_reader.o
  CC [M]  net/netfilter/nft_bitwise.o
  CC      fs/btrfs/acl.o
  CC [M]  net/netfilter/nft_byteorder.o
  CC [M]  drivers/usb/storage/cypress_atacb.o
  CC      drivers/usb/host/xhci-debugfs.o
  CC [M]  net/ipv6/ip6_tunnel.o
  CC      drivers/media/i2c/rk628/rk628_combrxphy.o
  CC [M]  drivers/media/i2c/adv748x/adv748x-afe.o
  CC [M]  drivers/usb/gadget/udc/bdc/bdc_ep.o
  CC [M]  drivers/net/wireless/ath/ath6kl/cfg80211.o
  CC      drivers/gpu/drm/drm_vblank.o
  CC      drivers/net/ethernet/stmicro/stmmac/stmmac_ptp.o
  LD [M]  drivers/usb/misc/sisusbvga/sisusbvga.o
  CC      drivers/usb/misc/ezusb.o
  CC [M]  drivers/media/i2c/adv748x/adv748x-core.o
  CC [M]  drivers/net/wireguard/queueing.o
  CC      net/bluetooth/hci_codec.o
  CC      net/bluetooth/eir.o
  CC [M]  net/ipv4/tunnel4.o
  CC [M]  drivers/net/wireless/ath/ath9k/ar9003_rtt.o
  LD [M]  drivers/input/touchscreen/elan/tp_elan_5515.o
  CC      drivers/input/touchscreen/gsl3673.o
  CC [M]  drivers/net/usb/ipheth.o
  CC [M]  drivers/usb/storage/datafab.o
  CC      drivers/usb/host/xhci-pci.o
  AR      fs/btrfs/built-in.a
  CC      drivers/media/i2c/rk628/rk628_combtxphy.o
  CC [M]  fs/hfs/bitmap.o
  CC [M]  drivers/usb/misc/adutux.o
  CC      drivers/i2c/i2c-core-base.o
  CC [M]  drivers/net/team/team.o
  CC      drivers/gpu/arm/bifrost/csf/mali_kbase_csf_heap_context_alloc.o
  CC [M]  drivers/usb/gadget/udc/bdc/bdc_udc.o
  CC      drivers/net/ethernet/stmicro/stmmac/dwmac4_descs.o
  CC [M]  drivers/media/i2c/adv748x/adv748x-csi2.o
  CC      drivers/gpu/drm/drm_syncobj.o
  CC      drivers/gpu/drm/drm_lease.o
  CC      drivers/media/i2c/rk628/rk628_mipi_dphy.o
  CC      net/bluetooth/hci_sync.o
  CC [M]  drivers/net/wireguard/send.o
  CC [M]  net/netfilter/nft_payload.o
  CC [M]  drivers/net/wireless/ath/ath9k/common.o
  CC [M]  drivers/input/touchscreen/gsl_point_id.o
  CC [M]  drivers/net/usb/sierra_net.o
  CC [M]  drivers/net/wireless/ath/ath6kl/init.o
  CC [M]  drivers/usb/storage/ene_ub6250.o
  CC [M]  fs/hfs/bfind.o
  CC [M]  drivers/usb/misc/appledisplay.o
  CC [M]  net/ipv4/inet_diag.o
  CC      drivers/usb/host/xhci-plat.o
  CC      drivers/media/i2c/rk628/rk628_post_process.o
  LD [M]  drivers/usb/gadget/udc/bdc/bdc.o
  CC [M]  drivers/input/touchscreen/ad7877.o
  CC      drivers/usb/gadget/udc/core.o
  CC [M]  drivers/media/i2c/adv748x/adv748x-hdmi.o
  CC      drivers/gpu/arm/bifrost/csf/mali_kbase_csf_reset_gpu.o
  CC      drivers/media/i2c/rk628/rk628_csi_v4l2.o
  CC [M]  net/ipv6/ip6_udp_tunnel.o
  CC      drivers/net/ethernet/stmicro/stmmac/dwmac4_dma.o
  CC      drivers/i2c/i2c-core-smbus.o
  CC [M]  fs/hfs/bnode.o
  CC      drivers/gpu/drm/drm_writeback.o
  CC [M]  drivers/net/wireguard/receive.o
  CC      drivers/usb/typec/altmodes/displayport.o
  CC [M]  drivers/usb/misc/cypress_cy7c63.o
  CC [M]  drivers/usb/storage/freecom.o
  CC [M]  net/netfilter/nft_lookup.o
  CC [M]  net/netfilter/nft_dynset.o
  CC [M]  drivers/net/usb/cx82310_eth.o
  AR      drivers/usb/host/built-in.a
  AR      drivers/net/wireless/cisco/built-in.a
  CC [M]  net/ipv4/tcp_diag.o
  CC [M]  drivers/net/wireless/broadcom/b43/main.o
  CC [M]  drivers/net/wireless/ath/ath9k/common-init.o
  CC [M]  drivers/input/touchscreen/ad7879.o
  LD [M]  drivers/media/i2c/adv748x/adv748x.o
  CC      drivers/usb/gadget/udc/trace.o
  CC      drivers/net/ethernet/stmicro/stmmac/dwmac4_lib.o
  CC [M]  drivers/net/wireless/ath/ath6kl/main.o
  CC [M]  drivers/usb/misc/cytherm.o
  CC [M]  fs/hfs/brec.o
  CC      drivers/gpu/drm/drm_client.o
  CC      drivers/gpu/drm/drm_client_modeset.o
  CC [M]  drivers/usb/storage/isd200.o
  CC      drivers/media/i2c/rk628/rk628_bt1120_v4l2.o
  CC [M]  fs/hfs/btree.o
  CC [M]  fs/hfs/catalog.o
  CC [M]  drivers/net/usb/huawei_cdc_ncm.o
  CC      drivers/gpu/drm/drm_atomic_uapi.o
  CC      drivers/i2c/i2c-core-slave.o
  AR      drivers/usb/typec/altmodes/built-in.a
  CC [M]  net/netfilter/nft_meta.o
  CC      drivers/usb/typec/tcpm/tcpm.o
  CC [M]  drivers/net/wireguard/socket.o
  CC      drivers/gpu/arm/bifrost/csf/mali_kbase_csf_csg_debugfs.o
  LD [M]  net/ipv6/ipv6.o
  CC      net/bluetooth/sco.o
  AR      net/ipv6/built-in.a
  CC [M]  drivers/media/i2c/cx25840/cx25840-core.o
  CC [M]  net/ipv4/udp_diag.o
  CC [M]  drivers/usb/misc/emi26.o
  CC [M]  drivers/usb/gadget/udc/dummy_hcd.o
  CC [M]  drivers/input/touchscreen/ad7879-i2c.o
  CC      drivers/net/ethernet/stmicro/stmmac/dwmac4_core.o
  CC [M]  drivers/net/wireless/ath/ath9k/common-beacon.o
  CC [M]  drivers/usb/storage/jumpshot.o
  CC [M]  drivers/net/wireless/ath/ath6kl/txrx.o
  CC [M]  drivers/net/wireless/ath/ath6kl/wmi.o
  CC [M]  drivers/media/i2c/cx25840/cx25840-audio.o
  CC [M]  fs/hfs/dir.o
  CC      drivers/usb/roles/class.o
  CC [M]  drivers/net/wireless/broadcom/b43/bus.o
  CC [M]  drivers/net/usb/lg-vl600.o
  CC [M]  drivers/usb/misc/emi62.o
  CC [M]  fs/hfs/extent.o
  CC [M]  drivers/input/touchscreen/ad7879-spi.o
  AR      drivers/media/i2c/rk628/built-in.a
  CC [M]  drivers/net/wireless/broadcom/b43/phy_g.o
  CC [M]  drivers/net/wireguard/peerlookup.o
  CC      drivers/gpu/arm/bifrost/csf/mali_kbase_csf_kcpu_debugfs.o
  CC [M]  net/ipv4/raw_diag.o
  CC      drivers/i2c/i2c-core-of.o
  CC      drivers/gpu/drm/drm_managed.o
  CC [M]  drivers/usb/gadget/udc/net2272.o
  CC      net/bluetooth/iso.o
  CC [M]  drivers/usb/storage/karma.o
  CC      drivers/net/ethernet/stmicro/stmmac/hwif.o
  CC [M]  drivers/usb/storage/onetouch.o
  CC [M]  fs/hfs/inode.o
  CC [M]  drivers/media/i2c/cx25840/cx25840-firmware.o
  CC [M]  drivers/usb/misc/ftdi-elan.o
  CC [M]  net/netfilter/nft_rt.o
  AR      drivers/usb/roles/built-in.a
  CC [M]  net/netfilter/nft_exthdr.o
  CC [M]  drivers/usb/mon/mon_main.o
  CC [M]  drivers/input/touchscreen/resistive-adc-touch.o
  LD [M]  drivers/net/wireless/ath/ath9k/ath9k.o
  CC      drivers/usb/typec/tcpm/fusb302.o
  LD [M]  drivers/net/wireless/ath/ath9k/ath9k_hw.o
  CC [M]  drivers/net/usb/qmi_wwan.o
  LD [M]  drivers/net/wireless/ath/ath9k/ath9k_common.o
  CC [M]  drivers/input/touchscreen/ads7846.o
  CC [M]  drivers/input/touchscreen/ar1021_i2c.o
  CC [M]  drivers/input/touchscreen/atmel_mxt_ts.o
  CC [M]  drivers/net/wireless/ath/ath6kl/core.o
  CC      drivers/gpu/drm/drm_vblank_work.o
  CC [M]  drivers/net/wireguard/allowedips.o
  CC [M]  net/ipv4/tcp_bbr.o
  CC      drivers/gpu/arm/bifrost/csf/mali_kbase_csf_sync_debugfs.o
  CC [M]  drivers/usb/storage/realtek_cr.o
  CC [M]  fs/hfs/attr.o
  CC [M]  fs/hfs/mdb.o
  CC [M]  drivers/usb/gadget/udc/net2280.o
  CC      drivers/net/ethernet/stmicro/stmmac/stmmac_xdp.o
  CC      net/bluetooth/a2mp.o
  CC [M]  drivers/media/i2c/cx25840/cx25840-vbi.o
  CC      drivers/i2c/i2c-dev.o
  CC [M]  drivers/usb/mon/mon_stat.o
  CC [M]  drivers/net/wireless/broadcom/b43/tables.o
  CC [M]  drivers/usb/image/mdc800.o
  CC      drivers/usb/gadget/function/f_acm.o
  CC [M]  drivers/usb/serial/usb-serial.o
  CC      drivers/usb/typec/tcpm/tcpci.o
  CC [M]  drivers/usb/serial/generic.o
  CC [M]  drivers/net/usb/cdc_mbim.o
  CC [M]  net/netfilter/nft_last.o
  CC [M]  drivers/usb/misc/apple-mfi-fastcharge.o
  CC      drivers/usb/typec/tcpm/tcpci_husb311.o
  CC [M]  drivers/usb/mon/mon_text.o
  CC [M]  drivers/usb/storage/sddr09.o
  CC [M]  fs/hfs/part_tbl.o
  CC [M]  drivers/input/touchscreen/auo-pixcir-ts.o
  CC      drivers/gpu/drm/drm_edid.o
  CC [M]  drivers/net/wireguard/ratelimiter.o
  CC [M]  drivers/media/i2c/cx25840/cx25840-ir.o
  CC      drivers/i2c/i2c-mux.o
  CC      drivers/gpu/arm/bifrost/csf/mali_kbase_csf_protected_memory.o
  CC      drivers/usb/gadget/function/u_serial.o
  CC [M]  drivers/net/wireless/ath/ath6kl/recovery.o
  CC [M]  drivers/usb/image/microtek.o
  CC [M]  net/ipv4/tcp_bic.o
  CC      drivers/net/ethernet/stmicro/stmmac/ring_mode.o
  CC [M]  drivers/net/wireless/broadcom/b43/lo.o
  CC      net/bluetooth/amp.o
  CC [M]  drivers/usb/gadget/udc/snps_udc_core.o
  CC [M]  drivers/usb/misc/idmouse.o
  CC [M]  fs/hfs/string.o
  CC [M]  drivers/usb/mon/mon_bin.o
  CC      drivers/gpu/arm/bifrost/csf/mali_kbase_csf_tiler_heap_debugfs.o
  CC [M]  fs/hfs/super.o
  CC [M]  net/netfilter/nft_counter.o
  CC [M]  drivers/net/usb/ch9200.o
  CC [M]  drivers/input/touchscreen/bu21013_ts.o
  CC [M]  drivers/usb/storage/sddr55.o
  CC [M]  drivers/usb/serial/bus.o
  AR      drivers/usb/typec/tcpm/built-in.a
  AR      drivers/usb/typec/mux/built-in.a
  CC      drivers/usb/typec/class.o
  CC [M]  drivers/i2c/i2c-smbus.o
  LD [M]  drivers/media/i2c/cx25840/cx25840.o
  CC [M]  drivers/net/wireguard/cookie.o
  CC [M]  drivers/media/i2c/et8ek8/et8ek8_mode.o
  CC [M]  drivers/net/wireless/ath/ath6kl/testmode.o
  CC      drivers/net/ethernet/stmicro/stmmac/chain_mode.o
  CC [M]  drivers/usb/misc/iowarrior.o
  CC [M]  drivers/net/wireless/broadcom/b43legacy/main.o
  CC [M]  net/ipv4/tcp_cdg.o
  CC      drivers/usb/gadget/function/f_serial.o
  CC      drivers/usb/gadget/function/f_obex.o
  CC      net/bluetooth/leds.o
  CC [M]  drivers/net/wireless/broadcom/b43/wa.o
  CC      net/bluetooth/msft.o
  CC [M]  fs/hfs/sysdep.o
  LD [M]  drivers/usb/mon/usbmon.o
  CC [M]  drivers/usb/serial/aircable.o
  CC      net/bluetooth/hci_debugfs.o
  CC [M]  drivers/usb/storage/shuttle_usbat.o
  CC [M]  drivers/input/touchscreen/bu21029_ts.o
  CC [M]  drivers/net/usb/r8153_ecm.o
  CC      drivers/gpu/arm/bifrost/csf/mali_kbase_csf_cpu_queue_debugfs.o
  CC [M]  net/netfilter/nft_chain_route.o
  CC [M]  drivers/usb/gadget/udc/amd5536udc_pci.o
  CC [M]  drivers/media/i2c/et8ek8/et8ek8_driver.o
  CC [M]  drivers/usb/misc/isight_firmware.o
  CC [M]  drivers/usb/misc/usblcd.o
  CC      drivers/usb/gadget/function/u_ether.o
  CC      drivers/gpu/drm/drm_ioc32.o
  CC      drivers/usb/typec/mux.o
  CC [M]  drivers/net/wireless/ath/ath6kl/usb.o
  CC      drivers/net/ethernet/stmicro/stmmac/dwmac1000_core.o
  CC [M]  drivers/net/wireguard/netlink.o
  CC [M]  drivers/i2c/i2c-stub.o
  CC [M]  fs/hfs/trans.o
  CC [M]  drivers/usb/serial/ark3116.o
  CC [M]  drivers/usb/gadget/udc/pxa27x_udc.o
  CC [M]  net/ipv4/tcp_dctcp.o
  CC [M]  drivers/net/wireless/broadcom/b43/tables_nphy.o
  CC [M]  drivers/net/wireless/broadcom/b43/radio_2055.o
  CC [M]  drivers/usb/gadget/udc/goku_udc.o
  CC [M]  drivers/input/touchscreen/chipone_icn8318.o
  LD [M]  drivers/usb/storage/ums-alauda.o
  LD [M]  drivers/usb/storage/ums-cypress.o
  LD [M]  drivers/usb/storage/ums-datafab.o
  LD [M]  drivers/usb/storage/ums-eneub6250.o
  CC [M]  drivers/net/wireless/broadcom/b43/radio_2056.o
  LD [M]  drivers/usb/storage/ums-freecom.o
  LD [M]  drivers/usb/storage/ums-isd200.o
  LD [M]  drivers/usb/storage/ums-jumpshot.o
  LD [M]  drivers/usb/storage/ums-karma.o
  LD [M]  drivers/usb/storage/ums-onetouch.o
  LD [M]  drivers/usb/storage/ums-realtek.o
  CC [M]  drivers/usb/misc/ldusb.o
  LD [M]  drivers/usb/storage/ums-sddr09.o
  LD [M]  drivers/usb/storage/ums-sddr55.o
  LD [M]  drivers/usb/storage/ums-usbat.o
  AR      drivers/usb/storage/built-in.a
  CC      drivers/usb/typec/bus.o
  CC [M]  drivers/net/wireless/broadcom/b43legacy/ilt.o
  AR      drivers/net/usb/built-in.a
  CC [M]  drivers/net/wireless/broadcom/b43legacy/phy.o
  CC [M]  net/bluetooth/6lowpan.o
  CC      drivers/gpu/arm/bifrost/csf/mali_kbase_csf_event.o
  LD [M]  drivers/media/i2c/et8ek8/et8ek8.o
  CC [M]  drivers/media/i2c/m5mols/m5mols_core.o
  CC [M]  net/netfilter/nf_tables_offload.o
  CC [M]  net/netfilter/nft_set_hash.o
  LD [M]  fs/hfs/hfs.o
  CC [M]  fs/ecryptfs/dentry.o
  CC [M]  drivers/usb/serial/belkin_sa.o
  CC [M]  drivers/i2c/i2c-slave-eeprom.o
  LD [M]  drivers/net/wireless/ath/ath6kl/ath6kl_core.o
  CC      drivers/gpu/drm/drm_panel.o
  LD [M]  drivers/net/wireless/ath/ath6kl/ath6kl_usb.o
  CC      drivers/net/ethernet/stmicro/stmmac/dwmac1000_dma.o
  CC [M]  drivers/net/wireless/ath/ar5523/ar5523.o
  LD [M]  drivers/net/wireguard/wireguard.o
  CC      drivers/usb/typec/pd.o
  CC [M]  drivers/input/touchscreen/cy8ctma140.o
  CC [M]  drivers/usb/misc/legousbtower.o
  CC [M]  drivers/net/wireless/broadcom/b43/radio_2057.o
  CC [M]  net/ipv4/tcp_westwood.o
  CC [M]  drivers/usb/gadget/udc/m66592-udc.o
  CC      drivers/usb/gadget/function/f_ncm.o
  CC [M]  drivers/media/i2c/nvp6158_drv/nvp6158_drv.o
  CC [M]  drivers/usb/gadget/udc/r8a66597-udc.o
  CC [M]  drivers/usb/gadget/udc/pch_udc.o
  CC [M]  drivers/net/wireless/broadcom/b43/phy_common.o
  CC [M]  fs/ecryptfs/file.o
  CC [M]  drivers/usb/serial/ch341.o
  CC [M]  fs/ecryptfs/inode.o
  CC [M]  drivers/i2c/i2c-slave-testunit.o
  CC [M]  drivers/media/i2c/m5mols/m5mols_controls.o
  CC      drivers/gpu/arm/bifrost/csf/mali_kbase_csf_firmware_log.o
  CC      drivers/usb/typec/retimer.o
  CC      drivers/net/ethernet/stmicro/stmmac/dwmac100_core.o
  CC [M]  drivers/net/wireless/broadcom/b43legacy/radio.o
  CC [M]  net/netfilter/nft_set_bitmap.o
  AR      net/bluetooth/built-in.a
  CC [M]  drivers/usb/misc/usbtest.o
  CC [M]  drivers/input/touchscreen/cy8ctmg110_ts.o
  LD [M]  net/bluetooth/bluetooth_6lowpan.o
  CC [M]  drivers/input/touchscreen/cyttsp_core.o
  CC      net/sunrpc/auth_gss/auth_gss.o
  CC      drivers/gpu/drm/drm_of.o
  CC [M]  net/netfilter/nft_set_rbtree.o
  CC [M]  drivers/media/i2c/nvp6158_drv/nvp6158_i2c.o
  CC [M]  drivers/usb/gadget/udc/mv_udc_core.o
  CC [M]  fs/ecryptfs/main.o
  CC [M]  drivers/usb/gadget/udc/fotg210-udc.o
  CC [M]  drivers/net/wireless/ath/wil6210/main.o
  CC [M]  drivers/usb/serial/cp210x.o
  CC [M]  net/ipv4/tcp_highspeed.o
  CC      drivers/usb/gadget/function/f_ecm.o
  CC      drivers/usb/gadget/function/f_eem.o
  CC [M]  fs/ecryptfs/super.o
  AR      drivers/i2c/built-in.a
  CC [M]  fs/ecryptfs/mmap.o
  CC [M]  drivers/net/wireless/broadcom/b43/phy_n.o
  CC [M]  drivers/media/i2c/m5mols/m5mols_capture.o
  AR      drivers/usb/typec/built-in.a
  CC [M]  drivers/net/wireless/broadcom/b43/phy_lp.o
  CC      drivers/net/ethernet/stmicro/stmmac/dwmac100_dma.o
  CC      drivers/gpu/arm/bifrost/csf/mali_kbase_csf_firmware_core_dump.o
  CC      drivers/gpu/drm/drm_pci.o
  CC [M]  drivers/net/wireless/broadcom/brcm80211/brcmutil/utils.o
  CC [M]  drivers/media/i2c/nvp6158_drv/nvp6158_video.o
  CC [M]  drivers/usb/misc/ehset.o
  CC [M]  drivers/usb/gadget/udc/mv_u3d_core.o
  CC [M]  drivers/net/wireless/broadcom/b43legacy/sysfs.o
  CC [M]  drivers/usb/gadget/udc/gr_udc.o
  CC [M]  drivers/input/touchscreen/cyttsp_i2c.o
  CC [M]  drivers/usb/serial/cyberjack.o
  CC [M]  drivers/usb/serial/cypress_m8.o
  CC      drivers/gpu/drm/drm_debugfs.o
  CC [M]  net/netfilter/nft_set_pipapo.o
  CC      drivers/gpu/drm/drm_debugfs_crc.o
  CC [M]  fs/ecryptfs/read_write.o
  CC [M]  fs/ecryptfs/crypto.o
  CC [M]  net/ipv4/tcp_hybla.o
  CC      drivers/usb/gadget/function/f_subset.o
  LD [M]  drivers/media/i2c/m5mols/m5mols.o
  CC      drivers/usb/gadget/function/f_rndis.o
  CC      net/sunrpc/auth_gss/gss_generic_token.o
  CC      drivers/usb/gadget/function/rndis.o
  CC [M]  drivers/net/wireless/ath/wil6210/netdev.o
  CC [M]  drivers/media/i2c/nvp6158_drv/nvp6158_coax_protocol.o
  CC      drivers/net/ethernet/stmicro/stmmac/enh_desc.o
  CC [M]  drivers/usb/misc/trancevibrator.o
  CC      drivers/gpu/arm/bifrost/csf/mali_kbase_csf_tiler_heap_reclaim.o
  CC [M]  drivers/input/touchscreen/cyttsp_i2c_common.o
  CC [M]  drivers/usb/atm/usbatm.o
  CC      drivers/gpu/drm/drm_edid_load.o
  CC [M]  drivers/usb/serial/digi_acceleport.o
  CC [M]  drivers/net/wireless/broadcom/b43legacy/xmit.o
  CC [M]  fs/ecryptfs/keystore.o
  CC [M]  drivers/usb/gadget/udc/udc-xilinx.o
  AR      drivers/net/ethernet/vertexcom/built-in.a
  CC [M]  drivers/net/wireless/broadcom/brcm80211/brcmutil/d11.o
  AR      drivers/net/ethernet/wangxun/built-in.a
  CC      drivers/net/ethernet/stmicro/stmmac/norm_desc.o
  CC [M]  drivers/media/i2c/nvp6158_drv/nvp6158_motion.o
  CC [M]  drivers/usb/misc/usbsevseg.o
  CC      drivers/usb/gadget/function/f_mass_storage.o
  CC      drivers/usb/gadget/function/storage_common.o
  AR      drivers/net/wireless/broadcom/built-in.a
  CC      net/sunrpc/clnt.o
  CC [M]  net/ipv4/tcp_htcp.o
  AR      drivers/pps/clients/built-in.a
  CC [M]  drivers/pps/clients/pps-ktimer.o
  CC [M]  drivers/net/wireless/broadcom/b43/tables_lpphy.o
  CC [M]  net/netfilter/nft_compat.o
  CC [M]  drivers/net/wireless/ath/wil6210/cfg80211.o
  CC      drivers/ptp/ptp_clock.o
  CC      net/sunrpc/auth_gss/gss_mech_switch.o
  CC [M]  drivers/media/i2c/nvp6158_drv/nvp6158_video_eq.o
  CC      net/sunrpc/auth_gss/svcauth_gss.o
  CC [M]  drivers/usb/serial/io_edgeport.o
  CC [M]  drivers/usb/serial/io_ti.o
  CC      drivers/gpu/arm/bifrost/csf/mali_kbase_csf_mcu_shared_reg.o
  CC [M]  drivers/usb/misc/yurex.o
  CC [M]  drivers/usb/gadget/udc/snps_udc_plat.o
  CC [M]  drivers/pps/clients/pps-ldisc.o
  CC [M]  drivers/input/touchscreen/cyttsp_spi.o
  CC [M]  fs/ecryptfs/kthread.o
  CC [M]  drivers/net/wireless/broadcom/b43legacy/rfkill.o
  CC      drivers/net/ethernet/stmicro/stmmac/dwmac5.o
  CC      drivers/gpu/drm/drm_nomodeset.o
  LD [M]  drivers/net/wireless/broadcom/brcm80211/brcmutil/brcmutil.o
  CC [M]  drivers/net/wireless/broadcom/brcm80211/brcmfmac/cfg80211.o
  CC [M]  net/ipv4/tcp_vegas.o
  CC      drivers/usb/gadget/function/f_fs.o
  CC [M]  drivers/media/i2c/nvp6158_drv/nvp6158_audio.o
  CC [M]  drivers/net/wireless/broadcom/b43/phy_ht.o
  CC [M]  fs/ecryptfs/debug.o
  CC [M]  drivers/pps/clients/pps-gpio.o
  CC [M]  net/netfilter/nft_connlimit.o
  AR      drivers/usb/misc/built-in.a
  CC [M]  drivers/usb/gadget/udc/max3420_udc.o
  CC      drivers/ptp/ptp_chardev.o
  CC      drivers/ptp/ptp_sysfs.o
  CC      drivers/net/ethernet/stmicro/stmmac/stmmac_tc.o
  CC [M]  drivers/usb/usbip/usbip_common.o
  CC [M]  drivers/input/touchscreen/cyttsp4_core.o
  CC      drivers/net/ethernet/stmicro/stmmac/dwxgmac2_core.o
  CC      drivers/gpu/drm/drm_panel_orientation_quirks.o
  CC [M]  drivers/usb/serial/empeg.o
  CC [M]  drivers/net/wireless/ath/wil6210/pcie_bus.o
  CC      drivers/gpu/arm/bifrost/csf/mali_kbase_csf_firmware.o
  CC [M]  drivers/net/wireless/broadcom/b43legacy/leds.o
  CC      drivers/gpu/arm/bifrost/csf/mali_kbase_debug_csf_fault.o
  CC      net/sunrpc/auth_gss/gss_rpc_upcall.o
  CC [M]  drivers/media/i2c/nvp6158_drv/nvp6158_video_auto_detect.o
  LD [M]  fs/ecryptfs/ecryptfs.o
  CC [M]  fs/nfsd/trace.o
  AR      drivers/pps/generators/built-in.a
  CC      drivers/pps/pps.o
  CC      drivers/pps/kapi.o
  CC [M]  drivers/net/wireless/broadcom/b43/tables_phy_ht.o
  CC [M]  net/netfilter/nft_numgen.o
  CC      drivers/media/tuners/mc44s803.o
  CC      drivers/ptp/ptp_vclock.o
  CC [M]  drivers/usb/serial/f81232.o
  LD [M]  drivers/usb/gadget/udc/mv_udc.o
  AR      drivers/usb/gadget/udc/built-in.a
  CC [M]  drivers/media/i2c/nvp6158_drv/nvp6158_v4l2.o
  CC [M]  net/ipv4/tcp_nv.o
  CC [M]  drivers/input/touchscreen/cyttsp4_i2c.o
  CC [M]  drivers/usb/usbip/usbip_event.o
  CC      drivers/gpu/drm/drm_gem_dma_helper.o
  CC      drivers/pps/sysfs.o
  CC      drivers/usb/gadget/function/u_audio.o
  CC [M]  drivers/net/wireless/broadcom/b43legacy/dma.o
  CC      drivers/net/ethernet/stmicro/stmmac/dwxgmac2_dma.o
  CC [M]  drivers/net/wireless/ath/wil6210/debugfs.o
  CC [M]  drivers/net/wireless/broadcom/b43legacy/pio.o
  CC      net/sunrpc/auth_gss/gss_rpc_xdr.o
  CC      net/sunrpc/auth_gss/trace.o
  CC [M]  drivers/ptp/ptp_ines.o
  CC [M]  net/netfilter/nft_ct.o
  CC [M]  drivers/net/wireless/broadcom/brcm80211/brcmfmac/chip.o
  CC [M]  drivers/usb/serial/f81534.o
  AR      drivers/pps/built-in.a
  CC [M]  drivers/net/wireless/broadcom/b43/radio_2059.o
  CC [M]  drivers/net/wireless/broadcom/b43/sysfs.o
  CC [M]  drivers/usb/serial/ftdi_sio.o
  CC [M]  drivers/input/touchscreen/cyttsp4_spi.o
  CC      drivers/gpu/drm/drm_fb_dma_helper.o
  CC      drivers/gpu/drm/drm_bridge_connector.o
  CC      drivers/media/tuners/mt20xx.o
  LD [M]  drivers/media/i2c/nvp6158_drv/nvp6158.o
  CC [M]  drivers/media/i2c/s5c73m3/s5c73m3-core.o
  CC [M]  net/ipv4/tcp_veno.o
  CC [M]  drivers/usb/usbip/vhci_sysfs.o
  CC      drivers/gpu/arm/bifrost/csf/ipa_control/mali_kbase_csf_ipa_control.o
  CC [M]  drivers/media/i2c/s5c73m3/s5c73m3-spi.o
  CC      drivers/net/ethernet/stmicro/stmmac/dwxgmac2_descs.o
  CC [M]  drivers/media/i2c/s5c73m3/s5c73m3-ctrls.o
  LD [M]  drivers/net/wireless/broadcom/b43legacy/b43legacy.o
  CC      drivers/usb/gadget/function/f_uac1.o
  CC      drivers/usb/gadget/function/f_uac1_legacy.o
  CC      drivers/power/reset/gpio-poweroff.o
  CC [M]  drivers/ptp/ptp_kvm_arm.o
  CC [M]  drivers/input/touchscreen/dynapro.o
  CC [M]  drivers/net/wireless/broadcom/brcm80211/brcmfmac/fwil.o
  CC [M]  drivers/net/wireless/ath/wil6210/wmi.o
  CC [M]  drivers/net/wireless/broadcom/brcm80211/brcmfmac/fweh.o
  CC [M]  fs/nfsd/nfssvc.o
  CC [M]  drivers/ptp/ptp_kvm_common.o
  CC [M]  net/netfilter/nft_flow_offload.o
  CC      drivers/media/tuners/tuner-simple.o
  CC [M]  drivers/net/wireless/broadcom/b43/xmit.o
  CC [M]  drivers/usb/serial/garmin_gps.o
  CC [M]  net/sunrpc/auth_gss/gss_krb5_mech.o
  CC [M]  drivers/usb/usbip/vhci_tx.o
  CC [M]  drivers/usb/serial/ipaq.o
  CC      drivers/gpu/drm/drm_crtc_helper.o
  CC      drivers/power/reset/gpio-restart.o
  CC      drivers/media/tuners/tuner-types.o
  CC      drivers/media/tuners/tda18271-maps.o
  CC [M]  drivers/input/touchscreen/edt-ft5x06.o
  CC [M]  net/ipv4/tcp_scalable.o
  CC      drivers/net/ethernet/stmicro/stmmac/stmmac_ethtool.o
  CC      drivers/media/tuners/tda18271-common.o
  LD [M]  drivers/media/i2c/s5c73m3/s5c73m3.o
  CC      drivers/media/i2c/gc8034.o
  CC      drivers/media/i2c/imx219.o
  CC      drivers/usb/gadget/function/u_uac1_legacy.o
  LD [M]  drivers/ptp/ptp_kvm.o
  AR      drivers/ptp/built-in.a
  CC [M]  drivers/net/wireless/broadcom/brcm80211/brcmfmac/p2p.o
  AR      drivers/thermal/broadcom/built-in.a
  AR      drivers/thermal/samsung/built-in.a
  AR      drivers/thermal/intel/built-in.a
  AR      drivers/thermal/st/built-in.a
  AR      drivers/thermal/qcom/built-in.a
  AR      drivers/thermal/tegra/built-in.a
  CC      drivers/thermal/thermal_core.o
  CC [M]  drivers/hwmon/occ/common.o
  CC [M]  drivers/hwmon/pmbus/pmbus_core.o
  CC [M]  drivers/usb/usbip/vhci_rx.o
  CC      drivers/power/reset/reboot-mode.o
  CC [M]  drivers/usb/serial/ipw.o
  CC [M]  net/sunrpc/auth_gss/gss_krb5_seal.o
  CC [M]  drivers/net/wireless/broadcom/b43/dma.o
  CC      drivers/gpu/arm/bifrost/ipa/mali_kbase_ipa_simple.o
  CC [M]  fs/nfsd/nfsctl.o
  CC [M]  net/netfilter/nft_limit.o
  CC [M]  drivers/usb/usbip/vhci_hcd.o
  CC [M]  drivers/input/touchscreen/hampshire.o
  CC      drivers/usb/gadget/function/f_uac2.o
  CC [M]  drivers/input/touchscreen/hycon-hy46xx.o
  CC [M]  drivers/net/wireless/ath/wil6210/interrupt.o
  CC [M]  drivers/usb/usbip/stub_dev.o
  CC [M]  net/ipv4/tcp_lp.o
  CC      drivers/net/ethernet/stmicro/stmmac/stmmac_platform.o
  CC      drivers/power/reset/syscon-reboot-mode.o
  CC      drivers/media/tuners/tda18271-fe.o
  CC      drivers/media/i2c/imx415.o
  CC [M]  drivers/usb/serial/ir-usb.o
  CC      drivers/gpu/drm/drm_encoder_slave.o
  CC [M]  drivers/net/wireless/ath/ath10k/mac.o
  CC [M]  net/sunrpc/auth_gss/gss_krb5_unseal.o
  CC [M]  drivers/net/wireless/ath/wcn36xx/main.o
  CC [M]  drivers/hwmon/occ/sysfs.o
  CC [M]  drivers/net/wireless/broadcom/brcm80211/brcmfmac/proto.o
  CC [M]  drivers/hwmon/pmbus/pmbus.o
  CC [M]  net/netfilter/nft_nat.o
  CC [M]  drivers/usb/usbip/stub_main.o
  CC [M]  drivers/net/wireless/ath/ath10k/debug.o
  AR      drivers/power/reset/built-in.a
/home/wanpublic/ubuntu-rockchip/build/linux-rockchip/drivers/media/i2c/imx415.c:1219:29: error: 'imx415_linear_10bit_3864x2192_2376M_90fps_regs' undeclared here (not in a function); did you mean 'imx415_linear_10bit_3864x2192_1782M_regs'?
 1219 |                 .reg_list = imx415_linear_10bit_3864x2192_2376M_90fps_regs,
      |                             ^~~~~~~~~~~~~~~~~~~~~~~~~~~~~~~~~~~~~~~~~~~~~~
      |                             imx415_linear_10bit_3864x2192_1782M_regs
  CC      drivers/power/supply/power_supply_core.o
  CC [M]  drivers/input/touchscreen/gunze.o
make[6]: *** [/home/wanpublic/ubuntu-rockchip/build/linux-rockchip/scripts/Makefile.build:250: drivers/media/i2c/imx415.o] Error 1
make[5]: *** [/home/wanpublic/ubuntu-rockchip/build/linux-rockchip/scripts/Makefile.build:500: drivers/media/i2c] Error 2
make[5]: *** Waiting for unfinished jobs....
  CC [M]  drivers/input/touchscreen/eeti_ts.o
  CC [M]  drivers/net/wireless/broadcom/b43/pio.o
  CC      drivers/usb/gadget/function/f_uvc.o
  CC [M]  drivers/usb/serial/iuu_phoenix.o
  CC [M]  fs/nfsd/nfsproc.o
  CC [M]  drivers/usb/serial/keyspan.o
  CC      drivers/thermal/thermal_sysfs.o
  CC [M]  drivers/net/wireless/ath/wil6210/txrx.o
  CC [M]  drivers/hwmon/occ/p8_i2c.o
  CC [M]  net/ipv4/tcp_yeah.o
  CC [M]  net/sunrpc/auth_gss/gss_krb5_seqnum.o
  CC      drivers/gpu/arm/bifrost/ipa/mali_kbase_ipa.o
  CC      drivers/gpu/drm/drm_flip_work.o
  CC [M]  drivers/net/wireless/broadcom/brcm80211/brcmfmac/common.o
  CC [M]  fs/nfsd/nfsfh.o
  CC [M]  fs/nfsd/vfs.o
  CC [M]  drivers/usb/usbip/stub_rx.o
  CC      drivers/net/ethernet/stmicro/stmmac/dwmac-rk.o
  CC      drivers/media/tuners/tda827x.o
  CC [M]  drivers/input/touchscreen/ektf2127.o
  CC [M]  drivers/net/wireless/ath/wcn36xx/dxe.o
  CC      drivers/thermal/thermal_helpers.o
  CC [M]  fs/nfsd/export.o
  CC [M]  net/netfilter/nft_objref.o
  CC      drivers/power/supply/power_supply_sysfs.o
  LD [M]  drivers/hwmon/occ/occ-hwmon-common.o
  LD [M]  drivers/hwmon/occ/occ-p8-hwmon.o
  CC      drivers/hwmon/hwmon.o
  CC [M]  drivers/net/wireless/broadcom/b43/rfkill.o
  CC      drivers/usb/gadget/function/uvc_queue.o
  CC [M]  net/sunrpc/auth_gss/gss_krb5_wrap.o
  CC [M]  drivers/hwmon/hwmon-vid.o
  CC [M]  drivers/usb/serial/keyspan_pda.o
  CC [M]  drivers/hwmon/w83627hf.o
  CC [M]  net/ipv4/tcp_illinois.o
  CC [M]  drivers/usb/usbip/stub_tx.o
  CC [M]  drivers/net/wireless/broadcom/brcm80211/brcmfmac/core.o
  CC [M]  drivers/input/touchscreen/elants_i2c.o
  CC      drivers/gpu/drm/drm_probe_helper.o
  CC [M]  drivers/net/wireless/ath/wil6210/txrx_edma.o
  CC      drivers/thermal/thermal_hwmon.o
  CC      drivers/gpu/arm/bifrost/ipa/mali_kbase_ipa_debugfs.o
  CC      drivers/power/supply/power_supply_leds.o
  CC [M]  drivers/net/wireless/ath/wcn36xx/txrx.o
  CC [M]  net/netfilter/nft_queue.o
  CC      drivers/usb/gadget/function/uvc_v4l2.o
  CC [M]  drivers/usb/serial/kl5kusb105.o
  CC [M]  drivers/net/wireless/broadcom/b43/ppr.o
  CC [M]  drivers/net/wireless/broadcom/b43/leds.o
  CC [M]  fs/nfsd/auth.o
  CC [M]  net/sunrpc/auth_gss/gss_krb5_crypto.o
  CC [M]  net/sunrpc/auth_gss/gss_krb5_keys.o
  CC      drivers/media/tuners/tda8290.o
  CC [M]  drivers/usb/usbip/vudc_dev.o
  CC [M]  drivers/usb/usbip/vudc_sysfs.o
  CC [M]  drivers/usb/usbip/vudc_tx.o
  CC [M]  drivers/hwmon/w83773g.o
  CC      drivers/net/ethernet/stmicro/stmmac/dwmac-rk-tool.o
  CC [M]  drivers/net/wireless/ath/ath10k/core.o
  CC      drivers/power/supply/power_supply_hwmon.o
  CC [M]  drivers/input/touchscreen/elo.o
  LD [M]  net/ipv4/gre.o
  LD [M]  net/ipv4/udp_tunnel.o
  CC      drivers/thermal/thermal_of.o
  AR      net/ipv4/built-in.a
  CC [M]  drivers/usb/serial/kobil_sct.o
  CC [M]  drivers/usb/serial/mct_u232.o
  CC [M]  drivers/net/wireless/broadcom/brcm80211/brcmfmac/firmware.o
  CC [M]  drivers/net/wireless/ath/wcn36xx/smd.o
  CC      drivers/gpu/arm/bifrost/ipa/backend/mali_kbase_ipa_counter_csf.o
  CC      drivers/usb/gadget/function/uvc_video.o
  CC      drivers/gpu/drm/drm_plane_helper.o
  CC      drivers/gpu/drm/drm_atomic_helper.o
  CC [M]  net/netfilter/nft_quota.o
  AR      net/sunrpc/auth_gss/built-in.a
  LD [M]  net/sunrpc/auth_gss/rpcsec_gss_krb5.o
  CC [M]  net/netfilter/nft_reject.o
  CC      net/sunrpc/xprt.o
  LD [M]  drivers/net/wireless/broadcom/b43/b43.o
  CC [M]  fs/nfsd/lockd.o
  CC      drivers/power/supply/cw2017_battery.o
  CC [M]  drivers/net/wireless/ath/wil6210/debug.o
  CC      drivers/power/supply/ltc2941-battery-gauge.o
  CC [M]  drivers/hwmon/w83792d.o
  CC [M]  drivers/net/wireless/ath/ath11k/core.o
  CC [M]  drivers/usb/usbip/vudc_rx.o
  CC [M]  drivers/input/touchscreen/egalax_ts.o
  CC      drivers/thermal/gov_fair_share.o
  CC      drivers/media/tuners/tda9887.o
  CC      drivers/media/tuners/tea5761.o
  CC [M]  drivers/usb/serial/metro-usb.o
  CC      drivers/media/tuners/tea5767.o
  CC      drivers/net/ethernet/stmicro/stmmac/dwmac-generic.o
  CC [M]  drivers/net/wireless/broadcom/brcm80211/brcmfmac/feature.o
  CC      drivers/usb/gadget/function/uvc_configfs.o
  CC      drivers/thermal/gov_step_wise.o
  CC      drivers/power/supply/sbs-battery.o
  CC      net/strparser/strparser.o
  CC      net/8021q/vlan_core.o
  CC [M]  drivers/net/wireless/ath/wil6210/rx_reorder.o
  CC [M]  fs/nfsd/nfscache.o
  CC [M]  drivers/input/touchscreen/egalax_ts_serial.o
  CC [M]  fs/nfsd/nfsxdr.o
  CC [M]  drivers/net/wireless/ath/ath10k/htc.o
  CC [M]  drivers/hwmon/w83793.o
  CC [M]  drivers/usb/usbip/vudc_transfer.o
  CC [M]  drivers/usb/serial/mos7720.o
  CC [M]  drivers/net/wireless/ath/wcn36xx/pmc.o
  CC      drivers/gpu/arm/bifrost/ipa/backend/mali_kbase_ipa_counter_common_csf.o
  CC [M]  net/netfilter/nft_reject_inet.o
  CC      drivers/gpu/drm/drm_kms_helper_common.o
  CC      drivers/thermal/gov_user_space.o
  AR      drivers/net/ethernet/stmicro/stmmac/built-in.a
  AR      drivers/net/ethernet/stmicro/built-in.a
  CC [M]  drivers/net/wireless/broadcom/brcm80211/brcmfmac/btcoex.o
  AR      drivers/net/ethernet/xilinx/built-in.a
  CC      drivers/net/ethernet/pensando/ionic/ionic_main.o
  CC [M]  drivers/input/touchscreen/exc3000.o
  AR      drivers/net/ethernet/motorcomm/built-in.a
  CC [M]  drivers/net/ethernet/motorcomm/fuxi-gmac-common.o
  CC [M]  drivers/net/wireless/ath/ath10k/htt.o
  CC [M]  drivers/net/wireless/ath/ath11k/hal.o
  CC      drivers/power/supply/gpio-charger.o
  CC      drivers/media/tuners/xc2028.o
  CC [M]  drivers/usb/usbip/vudc_main.o
  CC [M]  drivers/net/wireless/ath/wil6210/fw.o
  CC      net/sunrpc/socklib.o
  CC [M]  drivers/usb/serial/mos7840.o
  CC      drivers/usb/gadget/function/f_midi.o
  CC      drivers/thermal/gov_power_allocator.o
  CC [M]  drivers/usb/serial/mxuport.o
  CC [M]  drivers/net/wireless/ath/wcn36xx/debug.o
  CC [M]  fs/nfsd/stats.o
  CC      drivers/gpu/drm/drm_simple_kms_helper.o
  CC [M]  drivers/hwmon/w83795.o
  CC [M]  net/netfilter/nft_tunnel.o
  AR      drivers/gpu/arm/bifrost/built-in.a
  AR      net/strparser/built-in.a
  CC [M]  fs/nfsd/filecache.o
  AR      drivers/gpu/arm/built-in.a
  CC      drivers/power/supply/bq24735-charger.o
  CC [M]  net/8021q/vlan.o
  CC [M]  drivers/input/touchscreen/fujitsu_ts.o
  CC [M]  drivers/hwmon/w83781d.o
  LD [M]  drivers/usb/usbip/usbip-core.o
  LD [M]  drivers/usb/usbip/vhci-hcd.o
  LD [M]  drivers/usb/usbip/usbip-host.o
  LD [M]  drivers/usb/usbip/usbip-vudc.o
  CC [M]  drivers/net/wireless/broadcom/brcm80211/brcmfmac/vendor.o
  CC [M]  net/netfilter/nft_log.o
  CC      drivers/net/ethernet/pensando/ionic/ionic_bus_pci.o
  CC [M]  drivers/hwmon/w83791d.o
  CC [M]  drivers/net/wireless/ath/ath10k/htt_rx.o
  CC [M]  drivers/net/ethernet/motorcomm/fuxi-gmac-desc.o
  CC      drivers/usb/gadget/function/f_hid.o
  CC [M]  net/8021q/vlan_dev.o
  CC [M]  drivers/net/wireless/ath/wil6210/pm.o
  CC      drivers/thermal/cpufreq_cooling.o
  CC [M]  drivers/usb/serial/navman.o
  CC [M]  drivers/net/wireless/ath/wcn36xx/firmware.o
  CC [M]  fs/nfsd/nfs3proc.o
  CC [M]  drivers/input/touchscreen/gsl3673_800x1280.o
  CC      drivers/gpu/drm/drm_modeset_helper.o
  CC      net/sunrpc/xprtsock.o
  CC      drivers/power/supply/bq25700_charger.o
  CC      drivers/media/tuners/xc4000.o
  CC      drivers/gpu/drm/drm_gem_atomic_helper.o
  CC [M]  drivers/net/wireless/ath/ath11k/hal_tx.o
  CC      net/sunrpc/sched.o
  CC [M]  drivers/net/wireless/broadcom/brcm80211/brcmfmac/pno.o
  CC [M]  net/netfilter/nft_masq.o
  CC [M]  drivers/hwmon/ad7314.o
  CC      drivers/net/ethernet/pensando/ionic/ionic_devlink.o
  CC [M]  drivers/hwmon/ad7414.o
  CC [M]  net/netfilter/nft_redir.o
  CC [M]  drivers/usb/serial/omninet.o
  CC      drivers/usb/gadget/function/f_printer.o
  CC [M]  drivers/net/ethernet/motorcomm/fuxi-gmac-ethtool.o
  CC [M]  drivers/net/ethernet/motorcomm/fuxi-gmac-hw.o
  CC      drivers/thermal/devfreq_cooling.o
  CC [M]  drivers/net/wireless/ath/wcn36xx/testmode.o
  CC [M]  drivers/net/wireless/ath/wil6210/pmc.o
  CC [M]  net/8021q/vlan_netlink.o
  CC [M]  drivers/input/touchscreen/gslx680_pad.o
  CC [M]  drivers/net/wireless/ath/wil6210/wil_platform.o
  CC [M]  fs/nfsd/nfs3xdr.o
  CC [M]  drivers/usb/serial/opticon.o
  CC      drivers/power/supply/rk817_battery.o
  CC [M]  drivers/net/wireless/ath/ath11k/hal_rx.o
  CC [M]  drivers/hwmon/ad7418.o
  CC      drivers/net/ethernet/pensando/ionic/ionic_dev.o
  CC [M]  drivers/net/wireless/broadcom/brcm80211/brcmfmac/xtlv.o
  CC [M]  drivers/net/wireless/broadcom/brcm80211/brcmfmac/bcdc.o
  CC      drivers/gpu/drm/drm_gem_framebuffer_helper.o
  CC [M]  drivers/net/wireless/broadcom/brcm80211/brcmfmac/fwsignal.o
  CC [M]  fs/nfsd/nfs2acl.o
  CC [M]  drivers/usb/gadget/function/f_loopback.o
  CC [M]  net/netfilter/nft_hash.o
  CC [M]  net/netfilter/nft_fib.o
  CC [M]  drivers/net/wireless/ath/wil6210/ethtool.o
  CC [M]  drivers/net/wireless/ath/ath10k/htt_tx.o
  CC      drivers/thermal/rockchip_thermal.o
  CC      drivers/media/tuners/xc5000.o
  LD [M]  drivers/net/wireless/ath/wcn36xx/wcn36xx.o
  CC [M]  net/8021q/vlan_gvrp.o
  AR      drivers/net/wireless/ath/built-in.a
  CC      net/wireless/wext-core.o
  CC      net/wireless/wext-proc.o
  CC [M]  drivers/net/wireless/broadcom/brcm80211/brcmsmac/mac80211_if.o
  CC [M]  drivers/usb/serial/option.o
  CC [M]  drivers/input/touchscreen/hideep.o
  CC [M]  drivers/hwmon/adc128d818.o
  CC [M]  drivers/usb/gadget/function/f_sourcesink.o
  CC [M]  drivers/usb/serial/oti6858.o
  CC [M]  drivers/usb/serial/pl2303.o
  CC      drivers/net/ethernet/pensando/ionic/ionic_debugfs.o
  CC [M]  drivers/net/ethernet/motorcomm/fuxi-gmac-net.o
  CC      drivers/power/supply/rk817_charger.o
  CC [M]  drivers/thermal/khadas_mcu_fan.o
  CC [M]  fs/nfsd/nfs3acl.o
  CC [M]  drivers/net/wireless/ath/wil6210/wil_crash_dump.o
  CC [M]  net/8021q/vlan_mvrp.o
  CC [M]  net/8021q/vlanproc.o
  CC [M]  drivers/net/ethernet/motorcomm/fuxi-gmac-pci.o
  CC      drivers/gpu/drm/drm_atomic_state_helper.o
  CC [M]  drivers/net/ethernet/motorcomm/fuxi-gmac-phy.o
  CC [M]  drivers/net/wireless/broadcom/brcm80211/brcmfmac/commonring.o
  CC [M]  drivers/net/wireless/ath/ath11k/wmi.o
  AR      drivers/usb/gadget/function/built-in.a
  LD [M]  drivers/usb/gadget/function/usb_f_ss_lb.o
  CC [M]  drivers/input/touchscreen/ili210x.o
  AR      drivers/usb/gadget/legacy/built-in.a
  CC [M]  drivers/usb/gadget/legacy/zero.o
  CC [M]  drivers/hwmon/adcxx.o
  CC [M]  net/netfilter/nft_fib_inet.o
  CC [M]  drivers/net/wireless/broadcom/brcm80211/brcmsmac/ucode_loader.o
  CC [M]  drivers/media/tuners/e4000.o
  CC [M]  drivers/media/tuners/fc0011.o
  CC [M]  drivers/usb/serial/qcaux.o
  AR      drivers/thermal/built-in.a
  CC [M]  drivers/media/tuners/fc0012.o
  CC      net/wireless/wext-spy.o
  CC      drivers/net/ethernet/pensando/ionic/ionic_lif.o
  CC [M]  drivers/net/wireless/ath/ath10k/txrx.o
  CC [M]  drivers/power/supply/max17040_battery.o
  CC [M]  drivers/net/wireless/ath/wil6210/p2p.o
  AR      net/8021q/built-in.a
  LD [M]  net/8021q/8021q.o
  CC [M]  drivers/net/wireless/broadcom/brcm80211/brcmsmac/ampdu.o
  CC [M]  fs/nfsd/nfs4proc.o
  CC      drivers/input/misc/rk805-pwrkey.o
  CC [M]  drivers/input/sensors/angle/angle_kxtik.o
  CC [M]  drivers/input/sensors/angle/angle_lis3dh.o
  CC [M]  drivers/net/wireless/broadcom/brcm80211/brcmfmac/flowring.o
  CC [M]  fs/nfsd/nfs4xdr.o
  CC [M]  drivers/usb/gadget/legacy/audio.o
  CC [M]  drivers/net/ethernet/motorcomm/fuxi-efuse.o
  CC [M]  drivers/hwmon/adm1025.o
  CC      drivers/gpu/drm/drm_damage_helper.o
  CC      net/sunrpc/auth.o
  CC [M]  drivers/usb/serial/qcserial.o
  CC [M]  drivers/input/touchscreen/ilitek_ts_i2c.o
  CC [M]  net/netfilter/nft_fib_netdev.o
  CC [M]  drivers/net/ethernet/motorcomm/fuxi-dbg.o
  CC      drivers/input/misc/uinput.o
  AR      drivers/power/supply/built-in.a
  AR      drivers/power/built-in.a
  CC      drivers/watchdog/watchdog_core.o
  CC [M]  drivers/net/wireless/ath/ath10k/wmi.o
  CC [M]  drivers/usb/gadget/legacy/ether.o
  CC      drivers/watchdog/watchdog_dev.o
  CC      drivers/watchdog/khadas_wdt.o
  LD [M]  drivers/net/wireless/ath/wil6210/wil6210.o
  CC [M]  drivers/media/tuners/fc0013.o
  CC      net/wireless/wext-priv.o
  CC [M]  drivers/input/sensors/accel/da215s/da215s.o
  CC [M]  drivers/input/sensors/accel/da215s/da215s_core.o
  CC [M]  drivers/net/wireless/broadcom/brcm80211/brcmsmac/antsel.o
  CC [M]  drivers/usb/serial/quatech2.o
  CC [M]  drivers/hwmon/adm1026.o
  CC [M]  drivers/net/wireless/broadcom/brcm80211/brcmfmac/msgbuf.o
  CC [M]  drivers/usb/serial/safe_serial.o
  CC [M]  drivers/input/touchscreen/imagis.o
  CC [M]  drivers/hwmon/adm1029.o
  CC      drivers/gpu/drm/drm_format_helper.o
  CC [M]  drivers/net/ethernet/motorcomm/fuxi-gmac-debugfs.o
  CC      drivers/net/ethernet/pensando/ionic/ionic_rx_filter.o
  AR      drivers/input/misc/built-in.a
  CC [M]  fs/nfsd/nfs4state.o
  CC      drivers/input/input.o
  CC [M]  net/netfilter/nft_socket.o
  CC [M]  fs/nfsd/nfs4idmap.o
  CC [M]  drivers/usb/gadget/legacy/inode.o
  CC [M]  drivers/net/wireless/ath/ath11k/mac.o
  CC [M]  net/wireless/core.o
  LD [M]  drivers/input/sensors/accel/da215s/gs-da215s.o
  CC [M]  drivers/usb/serial/sierra.o
  CC [M]  drivers/input/sensors/accel/da228e/da228e.o
  CC [M]  fs/smb/common/cifs_arc4.o
  CC [M]  drivers/net/vxlan/vxlan_core.o
  CC      net/sunrpc/auth_null.o
  CC      net/sunrpc/auth_unix.o
  CC [M]  drivers/net/wireless/broadcom/brcm80211/brcmsmac/channel.o
  CC      drivers/watchdog/dw_wdt.o
  CC [M]  drivers/input/touchscreen/imx6ul_tsc.o
  CC [M]  drivers/input/touchscreen/inexio.o
  CC [M]  drivers/media/tuners/fc2580.o
  CC [M]  drivers/net/wireless/broadcom/brcm80211/brcmfmac/sdio.o
  CC [M]  drivers/hwmon/adm1031.o
  CC      drivers/gpu/drm/drm_self_refresh_helper.o
  CC      drivers/net/ethernet/pensando/ionic/ionic_ethtool.o
  LD [M]  drivers/net/ethernet/motorcomm/yt6801.o
  CC      drivers/gpu/drm/drm_rect.o
  CC [M]  net/netfilter/nft_osf.o
  CC [M]  net/netfilter/nft_tproxy.o
  CC [M]  drivers/usb/serial/usb-serial-simple.o
  CC [M]  fs/smb/common/cifs_md4.o
  CC [M]  drivers/input/sensors/accel/da228e/da228e_core.o
  CC [M]  drivers/usb/gadget/legacy/g_ffs.o
  CC [M]  drivers/hwmon/adm1177.o
  CC [M]  drivers/hwmon/adm9240.o
  AR      drivers/watchdog/built-in.a
  CC [M]  drivers/input/touchscreen/max11801_ts.o
  CC [M]  drivers/hwmon/ads7828.o
  LD [M]  drivers/input/sensors/accel/da228e/gs-da228e.o
  CC [M]  drivers/input/sensors/accel/kxtik.o
  CC      drivers/input/input-compat.o
  CC      net/sunrpc/svc.o
  CC [M]  drivers/net/wireless/broadcom/brcm80211/brcmsmac/main.o
  CC [M]  drivers/media/tuners/it913x.o
  CC [M]  drivers/input/sensors/accel/kxtj9.o
  CC [M]  drivers/net/wireless/ath/ath10k/wmi-tlv.o
  CC      drivers/gpu/drm/bridge/panel.o
  CC [M]  drivers/input/touchscreen/mcs5000_ts.o
  CC [M]  drivers/usb/serial/spcp8x5.o
  CC      drivers/input/input-mt.o
  CC      drivers/net/ethernet/pensando/ionic/ionic_txrx.o
  CC [M]  drivers/input/touchscreen/melfas_mip4.o
  CC [M]  drivers/hwmon/ads7871.o
  CC      drivers/net/ethernet/pensando/ionic/ionic_stats.o
  CC [M]  drivers/usb/gadget/legacy/mass_storage.o
  CC [M]  net/wireless/sysfs.o
  CC [M]  drivers/input/sensors/accel/lis3dh.o
  CC [M]  fs/smb/client/trace.o
  CC [M]  net/netfilter/nft_xfrm.o
  CC [M]  fs/smb/client/cifsfs.o
  CC [M]  drivers/net/wireless/broadcom/brcm80211/brcmfmac/bcmsdh.o
  CC [M]  drivers/net/wireless/ath/ath10k/bmi.o
  CC [M]  fs/nfsd/nfs4acl.o
  CC [M]  drivers/media/tuners/m88rs6000t.o
  CC [M]  drivers/net/vxlan/vxlan_multicast.o
  CC [M]  drivers/usb/serial/ssu100.o
  CC [M]  drivers/input/sensors/accel/mxc622x.o
  CC [M]  drivers/net/wireless/ath/ath11k/reg.o
  CC [M]  drivers/hwmon/adt7x10.o
  CC [M]  drivers/usb/gadget/legacy/serial.o
  CC      drivers/gpu/drm/drm_fb_helper.o
  CC [M]  drivers/input/sensors/accel/mxc6655xa.o
  CC [M]  drivers/input/sensors/accel/dmard10.o
  CC [M]  drivers/usb/gadget/legacy/printer.o
  CC [M]  fs/smb/client/cifs_debug.o
  CC [M]  drivers/input/touchscreen/mms114.o
  CC [M]  net/wireless/radiotap.o
  CC [M]  net/netfilter/nft_synproxy.o
  CC      drivers/net/ethernet/pensando/ionic/ionic_fw.o
  CC      net/sunrpc/svcsock.o
  CC [M]  drivers/usb/serial/symbolserial.o
  CC [M]  drivers/net/wireless/broadcom/brcm80211/brcmfmac/usb.o
  CC [M]  drivers/hwmon/adt7310.o
  CC [M]  drivers/media/tuners/max2165.o
  CC [M]  fs/smb/client/connect.o
  CC [M]  fs/nfsd/nfs4callback.o
  CC [M]  fs/smb/client/dir.o
  CC [M]  drivers/net/wireless/ath/ath10k/hw.o
  CC [M]  drivers/net/wireless/broadcom/brcm80211/brcmsmac/phy_shim.o
  CC [M]  drivers/net/vxlan/vxlan_vnifilter.o
  CC [M]  drivers/usb/gadget/legacy/gmidi.o
  CC [M]  drivers/input/sensors/accel/lsm303d.o
  CC [M]  drivers/net/wireless/ath/ath11k/htc.o
  CC [M]  fs/smb/client/file.o
  CC [M]  drivers/input/sensors/accel/mpu6880_acc.o
  CC [M]  fs/smb/client/inode.o
  CC [M]  net/netfilter/nft_chain_nat.o
  CC [M]  drivers/input/touchscreen/msg2638.o
  CC [M]  drivers/usb/serial/usb_wwan.o
  CC      drivers/net/ethernet/pensando/ionic/ionic_phc.o
  CC [M]  drivers/hwmon/adt7410.o
  CC      net/sunrpc/svcauth.o
  CC [M]  drivers/usb/gadget/legacy/cdc2.o
  CC      net/sunrpc/svcauth_unix.o
  CC [M]  net/wireless/util.o
  CC      drivers/gpu/drm/drm_mipi_dsi.o
  CC [M]  drivers/net/wireless/broadcom/brcm80211/brcmfmac/pcie.o
  CC [M]  drivers/net/wireless/ath/ath10k/p2p.o
  CC [M]  drivers/net/wireless/ath/ath10k/swap.o
  CC [M]  drivers/input/sensors/accel/sc7660.o
  CC [M]  drivers/net/wireless/broadcom/brcm80211/brcmsmac/pmu.o
  CC [M]  drivers/net/wireless/broadcom/brcm80211/brcmsmac/rate.o
  CC [M]  fs/nfsd/nfs4recover.o
  CC [M]  drivers/media/tuners/msi001.o
  CC [M]  drivers/input/touchscreen/mtouch.o
  CC [M]  drivers/net/wireless/ath/ath11k/qmi.o
  LD [M]  drivers/net/vxlan/vxlan.o
  CC [M]  drivers/hwmon/adt7411.o
  CC [M]  net/netfilter/nft_dup_netdev.o
  CC [M]  drivers/md/bcache/alloc.o
  AR      drivers/net/ethernet/pensando/ionic/built-in.a
  AR      drivers/net/ethernet/pensando/built-in.a
  AR      drivers/net/ethernet/built-in.a
  CC [M]  drivers/usb/gadget/legacy/hid.o
  CC [M]  drivers/usb/serial/ti_usb_3410_5052.o
  CC [M]  drivers/usb/serial/upd78f0730.o
  CC [M]  drivers/usb/serial/visor.o
  CC [M]  drivers/usb/serial/wishbone-serial.o
  CC [M]  drivers/usb/serial/whiteheat.o
  CC [M]  drivers/input/touchscreen/mk712.o
  CC [M]  drivers/gpu/drm/drm_gem_shmem_helper.o
  CC [M]  drivers/input/touchscreen/usbtouchscreen.o
  CC [M]  drivers/net/wireless/ath/ath10k/testmode.o
  CC [M]  drivers/net/wireless/broadcom/brcm80211/brcmsmac/stf.o
  CC [M]  drivers/input/sensors/accel/sc7a20.o
  CC [M]  drivers/md/persistent-data/dm-array.o
  CC [M]  drivers/media/tuners/mt2060.o
  CC [M]  drivers/net/wireless/broadcom/brcm80211/brcmfmac/of.o
  CC [M]  fs/smb/client/link.o
  CC [M]  drivers/hwmon/adt7462.o
  CC [M]  drivers/input/sensors/accel/sc7a30.o
  CC [M]  drivers/usb/gadget/legacy/dbgp.o
  CC [M]  net/netfilter/nft_fwd_netdev.o
  CC [M]  drivers/md/bcache/bset.o
  CC [M]  drivers/usb/serial/xsens_mt.o
  CC [M]  drivers/hwmon/adt7470.o
  CC      net/sunrpc/addr.o
  CC      net/sunrpc/rpcb_clnt.o
  LD [M]  fs/nfsd/nfsd.o
  CC [M]  net/wireless/reg.o
  CC [M]  drivers/net/wireless/ath/ath11k/dp.o
  CC [M]  drivers/hwmon/adt7475.o
  CC [M]  drivers/hwmon/scmi-hwmon.o
  CC [M]  drivers/input/touchscreen/penmount.o
  CC [M]  drivers/usb/gadget/legacy/multi.o
  CC [M]  drivers/hwmon/as370-hwmon.o
  CC [M]  drivers/net/wireless/ath/ath11k/dp_tx.o
  CC [M]  drivers/net/wireless/ath/ath10k/thermal.o
  CC [M]  drivers/hwmon/asc7621.o
  CC [M]  drivers/net/wireless/broadcom/brcm80211/brcmsmac/aiutils.o
  CC [M]  drivers/input/sensors/accel/mpu6500_acc.o
  CC [M]  drivers/net/wireless/broadcom/brcm80211/brcmfmac/dmi.o
  CC [M]  drivers/gpu/drm/drm_mipi_dbi.o
  CC [M]  drivers/md/persistent-data/dm-bitset.o
  CC [M]  drivers/net/wireless/broadcom/brcm80211/brcmsmac/phy/phy_cmn.o
  CC [M]  drivers/net/wireless/ath/ath11k/dp_rx.o
  CC [M]  fs/smb/client/misc.o
  CC [M]  drivers/media/tuners/mt2063.o
  LD [M]  drivers/usb/serial/usbserial.o
  CC [M]  drivers/md/bcache/btree.o
  CC      net/sunrpc/timer.o
  CC      net/sunrpc/xdr.o
  CC [M]  net/netfilter/nf_flow_table_core.o
  CC [M]  drivers/input/touchscreen/pixcir_i2c_ts.o
  CC [M]  drivers/input/touchscreen/raydium_i2c_ts.o
  CC [M]  drivers/net/wireless/ath/ath11k/debug.o
  CC [M]  drivers/hwmon/atxp1.o
  CC [M]  drivers/usb/gadget/legacy/webcam.o
  CC [M]  drivers/input/sensors/accel/lsm330_acc.o
  CC      net/sunrpc/sunrpc_syms.o
  CC      net/sunrpc/cache.o
  CC [M]  drivers/net/wireless/ath/ath10k/debugfs_sta.o
  LD [M]  drivers/net/wireless/broadcom/brcm80211/brcmfmac/brcmfmac.o
  CC [M]  drivers/input/sensors/accel/bma2xx.o
  CC [M]  drivers/input/sensors/accel/stk8baxx.o
  CC [M]  drivers/md/persistent-data/dm-block-manager.o
  AR      drivers/bluetooth/built-in.a
  CC [M]  drivers/bluetooth/hci_vhci.o
  CC      drivers/opp/core.o
  CC      net/sunrpc/rpc_pipe.o
  CC [M]  drivers/input/touchscreen/s6sy761.o
  CC [M]  drivers/net/wireless/broadcom/brcm80211/brcmsmac/phy/phy_lcn.o
  CC [M]  drivers/usb/gadget/legacy/ncm.o
  CC [M]  fs/smb/client/netmisc.o
  LD [M]  drivers/gpu/drm/drm_shmem_helper.o
  CC [M]  net/wireless/scan.o
  CC [M]  drivers/hwmon/axi-fan-control.o
  AR      drivers/gpu/drm/built-in.a
  CC [M]  drivers/md/bcache/closure.o
  CC      drivers/opp/cpu.o
  CC [M]  drivers/media/tuners/mt2131.o
  AR      drivers/gpu/built-in.a
  CC      net/sunrpc/sysfs.o
  CC [M]  drivers/md/persistent-data/dm-space-map-common.o
  CC      net/sunrpc/svc_xprt.o
  CC [M]  drivers/input/sensors/accel/da223_cust.o
  CC [M]  drivers/net/wireless/intel/ipw2x00/ipw2100.o
  CC [M]  net/netfilter/nf_flow_table_ip.o
  CC [M]  drivers/net/wireless/ath/ath10k/wow.o
  CC [M]  drivers/net/wireless/ath/ath11k/ce.o
  CC [M]  drivers/net/wireless/ath/ath11k/peer.o
  CC [M]  drivers/bluetooth/hci_ldisc.o
  CC [M]  drivers/md/bcache/debug.o
  CC [M]  drivers/hwmon/corsair-cpro.o
  CC      drivers/opp/of.o
  CC [M]  drivers/input/touchscreen/silead.o
  CC [M]  drivers/usb/gadget/legacy/acm_ms.o
  CC [M]  drivers/input/sensors/compass/ak8963.o
  CC [M]  fs/smb/client/smbencrypt.o
  CC      drivers/cpufreq/cpufreq.o
  CC [M]  fs/smb/client/transport.o
  CC [M]  drivers/md/persistent-data/dm-space-map-disk.o
  CC [M]  drivers/input/sensors/gyro/l3g4200d.o
  CC [M]  drivers/input/sensors/gyro/l3g20d.o
  CC [M]  drivers/input/sensors/accel/da223_core.o
  CC [M]  drivers/hwmon/dme1737.o
  CC [M]  drivers/media/tuners/mt2266.o
  CC [M]  drivers/net/wireless/broadcom/brcm80211/brcmsmac/phy/phy_n.o
  CC [M]  drivers/input/sensors/accel/icm2060x_acc.o
  CC [M]  drivers/usb/gadget/legacy/raw_gadget.o
  CC [M]  drivers/md/bcache/extents.o
  CC [M]  net/wireless/nl80211.o
  CC [M]  drivers/input/touchscreen/sis_i2c.o
  CC [M]  drivers/input/sensors/compass/ak09911.o
  CC      drivers/opp/debugfs.o
  CC [M]  drivers/net/wireless/ath/ath10k/coredump.o
  CC [M]  drivers/net/wireless/ath/ath10k/ce.o
  CC [M]  drivers/net/wireless/ath/ath11k/dbring.o
  CC [M]  net/wireless/mlme.o
  CC [M]  drivers/bluetooth/hci_serdev.o
  CC [M]  drivers/input/sensors/gyro/ewtsa.o
  CC [M]  drivers/md/persistent-data/dm-space-map-metadata.o
  CC [M]  fs/ntfs/aops.o
  CC [M]  net/netfilter/nf_flow_table_offload.o
  CC      net/sunrpc/xprtmultipath.o
  CC [M]  drivers/md/bcache/io.o
  CC      drivers/cpufreq/freq_table.o
  LD [M]  drivers/input/sensors/accel/da223.o
  LD [M]  drivers/usb/gadget/legacy/g_zero.o
  LD [M]  drivers/usb/gadget/legacy/g_audio.o
  LD [M]  drivers/usb/gadget/legacy/g_ether.o
  LD [M]  drivers/usb/gadget/legacy/gadgetfs.o
  AR      drivers/opp/built-in.a
  LD [M]  drivers/usb/gadget/legacy/g_mass_storage.o
  CC [M]  net/wireless/ibss.o
  LD [M]  drivers/usb/gadget/legacy/g_serial.o
  CC [M]  drivers/input/sensors/lsensor/cm3217.o
  CC [M]  drivers/net/wireless/intel/ipw2x00/ipw2200.o
  LD [M]  drivers/usb/gadget/legacy/g_printer.o
  LD [M]  drivers/usb/gadget/legacy/g_midi.o
  LD [M]  drivers/usb/gadget/legacy/g_cdc.o
  LD [M]  drivers/usb/gadget/legacy/g_hid.o
  LD [M]  drivers/usb/gadget/legacy/g_dbgp.o
  LD [M]  drivers/usb/gadget/legacy/g_multi.o
  LD [M]  drivers/usb/gadget/legacy/g_webcam.o
  LD [M]  drivers/usb/gadget/legacy/g_ncm.o
  CC [M]  fs/smb/client/cached_dir.o
  LD [M]  drivers/usb/gadget/legacy/g_acm_ms.o
  CC      drivers/usb/gadget/usbstring.o
  CC [M]  drivers/hwmon/drivetemp.o
  CC [M]  drivers/input/touchscreen/st1232.o
  CC [M]  drivers/input/sensors/compass/ak09918.o
  CC [M]  drivers/media/tuners/mxl301rf.o
  CC [M]  drivers/media/tuners/mxl5005s.o
  CC [M]  drivers/input/sensors/gyro/mpu6500_gyro.o
  CC [M]  drivers/net/wireless/ath/ath11k/hw.o
  CC [M]  drivers/md/persistent-data/dm-transaction-manager.o
  CC [M]  drivers/md/bcache/journal.o
  CC [M]  drivers/input/sensors/lsensor/cm3218.o
  CC      drivers/cpufreq/cpufreq_stats.o
  CC      drivers/cpufreq/cpufreq_performance.o
  CC [M]  drivers/hwmon/ds620.o
  CC [M]  fs/ntfs/attrib.o
  CC      net/sunrpc/backchannel_rqst.o
  CC      drivers/usb/gadget/config.o
  CC [M]  drivers/input/touchscreen/stmfts.o
  CC [M]  drivers/net/wireless/ath/ath10k/pci.o
  CC [M]  drivers/media/tuners/mxl5007t.o
  CC [M]  fs/smb/client/cifs_unicode.o
  CC [M]  drivers/bluetooth/hci_h4.o
  CC [M]  drivers/md/persistent-data/dm-btree.o
  CC [M]  drivers/input/sensors/gyro/mpu6880_gyro.o
  CC [M]  drivers/input/sensors/gyro/lsm330_gyro.o
  CC [M]  fs/smb/client/nterr.o
  CC      drivers/cpufreq/cpufreq_powersave.o
  CC [M]  drivers/media/tuners/qm1d1b0004.o
  CC [M]  net/netfilter/nf_flow_table_inet.o
  CC [M]  drivers/md/bcache/movinggc.o
  CC [M]  drivers/input/sensors/lsensor/cm3232.o
  CC [M]  drivers/net/wireless/ath/ath11k/pcic.o
  CC [M]  drivers/hwmon/ds1621.o
  CC [M]  net/netfilter/xt_mark.o
  CC [M]  drivers/net/wireless/broadcom/brcm80211/brcmsmac/phy/phytbl_lcn.o
  CC [M]  drivers/input/touchscreen/sur40.o
  CC [M]  fs/ntfs/collate.o
  CC      net/sunrpc/stats.o
  CC      drivers/cpufreq/cpufreq_userspace.o
  CC      drivers/usb/gadget/epautoconf.o
  CC [M]  fs/smb/client/cifsencrypt.o
  CC [M]  drivers/md/persistent-data/dm-btree-remove.o
  CC [M]  drivers/input/sensors/gyro/icm2060x_gyro.o
  CC [M]  drivers/net/wireless/intel/ipw2x00/libipw_module.o
  CC [M]  drivers/media/tuners/qm1d1c0042.o
  CC      net/sunrpc/sysctl.o
  CC [M]  drivers/md/persistent-data/dm-btree-spine.o
  CC [M]  drivers/net/wireless/ath/ath10k/ahb.o
  CC [M]  drivers/md/bcache/request.o
  CC [M]  drivers/input/sensors/lsensor/ls_al3006.o
  CC [M]  fs/ntfs3/attrib.o
  CC [M]  drivers/hwmon/emc1403.o
  CC [M]  drivers/net/wireless/broadcom/brcm80211/brcmsmac/phy/phytbl_n.o
  CC [M]  drivers/net/wireless/broadcom/brcm80211/brcmsmac/phy/phy_qmath.o
  CC [M]  net/netfilter/xt_connmark.o
  CC [M]  drivers/bluetooth/hci_bcsp.o
  CC [M]  fs/ntfs/compress.o
  CC      drivers/cpufreq/cpufreq_ondemand.o
  CC [M]  drivers/input/touchscreen/surface3_spi.o
  CC [M]  drivers/input/touchscreen/touchit213.o
  CC [M]  drivers/net/wireless/ath/ath11k/testmode.o
  CC      drivers/usb/gadget/composite.o
  CC [M]  drivers/bluetooth/hci_ath.o
  CC [M]  drivers/bluetooth/hci_h5.o
  CC [M]  drivers/media/tuners/qt1010.o
  CC [M]  drivers/net/wireless/intel/ipw2x00/libipw_tx.o
  CC [M]  fs/smb/client/readdir.o
  CC [M]  drivers/input/sensors/lsensor/ls_stk3171.o
  CC [M]  drivers/hwmon/emc2103.o
  LD [M]  drivers/md/persistent-data/dm-persistent-data.o
  CC [M]  drivers/net/wireless/intel/ipw2x00/libipw_rx.o
  CC [M]  drivers/net/wireless/broadcom/brcm80211/brcmsmac/dma.o
  CC [M]  drivers/md/bcache/stats.o
  CC [M]  fs/ntfs/debug.o
  CC [M]  fs/ntfs3/attrlist.o
  CC      drivers/md/dm-builtin.o
  CC [M]  drivers/net/wireless/ath/ath10k/sdio.o
  AR      net/sunrpc/built-in.a
  CC [M]  drivers/input/touchscreen/touchright.o
  CC [M]  net/netfilter/xt_set.o
  CC [M]  drivers/input/touchscreen/touchwin.o
  CC [M]  drivers/bluetooth/hci_intel.o
  CC [M]  net/netfilter/xt_nat.o
  CC      drivers/cpufreq/cpufreq_conservative.o
  CC      drivers/cpufreq/cpufreq_governor.o
  CC [M]  drivers/net/wireless/ath/ath11k/thermal.o
  CC [M]  fs/ntfs/dir.o
  CC [M]  drivers/input/sensors/lsensor/isl29023.o
  CC [M]  fs/ntfs/file.o
  CC [M]  drivers/hwmon/emc6w201.o
  CC [M]  drivers/md/bcache/super.o
  CC [M]  drivers/media/tuners/r820t.o
  CC [M]  drivers/input/touchscreen/tsc40.o
  CC [M]  fs/ntfs3/bitfunc.o
  CC [M]  fs/ntfs3/bitmap.o
  CC [M]  net/wireless/sme.o
  CC [M]  drivers/media/tuners/si2157.o
  CC      drivers/input/input-poller.o
  CC [M]  fs/smb/client/ioctl.o
  CC      drivers/usb/gadget/functions.o
  CC [M]  drivers/net/wireless/broadcom/brcm80211/brcmsmac/brcms_trace_events.o
  CC [M]  drivers/net/wireless/broadcom/brcm80211/brcmsmac/debug.o
  CC [M]  drivers/bluetooth/hci_bcm.o
  CC [M]  net/netfilter/xt_AUDIT.o
  CC [M]  net/netfilter/xt_CHECKSUM.o
  CC [M]  net/netfilter/xt_CLASSIFY.o
  CC      drivers/cpufreq/cpufreq_governor_attr_set.o
  CC [M]  drivers/net/wireless/ath/ath10k/usb.o
  CC [M]  drivers/input/sensors/lsensor/ls_ap321xx.o
  CC [M]  fs/ntfs/index.o
  CC [M]  drivers/input/touchscreen/tsc200x-core.o
  CC [M]  drivers/net/wireless/intel/ipw2x00/libipw_wx.o
  CC [M]  drivers/net/wireless/ath/ath11k/wow.o
  CC [M]  drivers/net/wireless/intel/ipw2x00/libipw_geo.o
  CC [M]  drivers/hwmon/f71805f.o
  CC      drivers/input/ff-core.o
  CC [M]  fs/ntfs/inode.o
  CC [M]  fs/ntfs3/dir.o
  CC [M]  drivers/media/tuners/tda18212.o
  CC      drivers/cpufreq/cpufreq-dt.o
  CC      drivers/usb/gadget/configfs.o
  CC [M]  drivers/md/bcache/sysfs.o
  CC [M]  fs/smb/client/sess.o
  CC [M]  drivers/net/wireless/intersil/hostap/hostap_80211_rx.o
  LD [M]  drivers/net/wireless/broadcom/brcm80211/brcmsmac/brcmsmac.o
  CC [M]  drivers/input/sensors/lsensor/ls_ucs14620.o
  CC [M]  drivers/input/touchscreen/tsc2004.o
  CC [M]  drivers/media/tuners/tda18218.o
  CC [M]  drivers/net/wireless/marvell/libertas/cfg.o
  CC [M]  drivers/net/wireless/marvell/libertas/cmd.o
  CC      drivers/input/touchscreen.o
  CC [M]  drivers/bluetooth/hci_qca.o
  CC [M]  drivers/hwmon/f71882fg.o
  CC [M]  net/netfilter/xt_CT.o
  LD [M]  drivers/net/wireless/ath/ath10k/ath10k_core.o
  LD [M]  drivers/net/wireless/ath/ath10k/ath10k_pci.o
  LD [M]  drivers/net/wireless/ath/ath10k/ath10k_sdio.o
  LD [M]  drivers/net/wireless/ath/ath10k/ath10k_usb.o
  CC [M]  fs/ntfs3/fsntfs.o
  CC      net/netlabel/netlabel_user.o
  CC [M]  fs/ntfs3/frecord.o
  CC [M]  drivers/net/wireless/ath/ath11k/mhi.o
  CC [M]  fs/ntfs3/file.o
  CC [M]  net/wireless/chan.o
  CC [M]  net/wireless/ethtool.o
  CC      drivers/cpufreq/rockchip-cpufreq.o
  CC [M]  fs/ntfs/mft.o
  CC      drivers/usb/gadget/u_f.o
  LD [M]  drivers/net/wireless/intel/ipw2x00/libipw.o
  CC [M]  drivers/input/touchscreen/tsc2005.o
  CC [M]  drivers/input/sensors/lsensor/ls_us5152.o
  CC [M]  drivers/md/bcache/trace.o
  CC [M]  drivers/net/wireless/intel/iwlegacy/common.o
  CC [M]  net/netfilter/xt_DSCP.o
  CC      drivers/input/mousedev.o
  CC [M]  drivers/hwmon/f75375s.o
  CC [M]  fs/smb/client/export.o
  CC [M]  fs/smb/client/unc.o
  CC [M]  drivers/media/tuners/tda18250.o
  CC      net/netlabel/netlabel_kapi.o
  CC      net/netlabel/netlabel_domainhash.o
  CC      net/netlabel/netlabel_addrlist.o
  CC [M]  drivers/net/wireless/intersil/hostap/hostap_80211_tx.o
  CC [M]  fs/ntfs3/fslog.o
  CC [M]  drivers/net/wireless/ath/ath11k/pci.o
  CC [M]  drivers/input/touchscreen/tsc2007_core.o
  CC [M]  drivers/bluetooth/hci_ag6xx.o
  CC [M]  drivers/bluetooth/bcm203x.o
  CC [M]  drivers/net/wireless/marvell/libertas/cmdresp.o
  CC [M]  drivers/input/sensors/lsensor/ls_stk3332.o
  AR      drivers/usb/gadget/built-in.a
  AR      drivers/usb/built-in.a
  CC [M]  fs/ntfs/mst.o
  CC [M]  fs/ntfs/namei.o
  CC [M]  fs/ntfs/runlist.o
  AR      drivers/cpufreq/built-in.a
  CC [M]  drivers/net/wireless/marvell/libertas_tf/main.o
  CC      drivers/cpuidle/governors/menu.o
  CC [M]  net/netfilter/xt_HL.o
  CC [M]  drivers/hwmon/ftsteutates.o
  CC [M]  net/netfilter/xt_HMARK.o
  CC [M]  net/wireless/mesh.o
  CC [M]  drivers/media/tuners/tua9001.o
  CC [M]  fs/smb/client/winucase.o
  CC [M]  fs/smb/client/smb2ops.o
  CC [M]  drivers/input/touchscreen/tsc2007_iio.o
  CC      net/netlabel/netlabel_mgmt.o
  CC [M]  drivers/input/touchscreen/wacom_w8001.o
  CC [M]  drivers/md/bcache/util.o
  CC [M]  drivers/md/bcache/writeback.o
  CC [M]  drivers/input/sensors/lsensor/ls_stk3410.o
  CC [M]  drivers/net/wireless/marvell/libertas/debugfs.o
  CC [M]  drivers/net/wireless/marvell/libertas/ethtool.o
  AR      drivers/cpuidle/governors/built-in.a
  CC [M]  drivers/net/wireless/marvell/libertas/main.o
  CC      drivers/cpuidle/cpuidle.o
  CC [M]  drivers/bluetooth/bpa10x.o
  LD [M]  drivers/net/wireless/ath/ath11k/ath11k.o
  LD [M]  drivers/net/wireless/ath/ath11k/ath11k_pci.o
  CC [M]  drivers/net/wireless/ath/main.o
  CC [M]  fs/ntfs/super.o
  CC [M]  drivers/net/wireless/intersil/hostap/hostap_ap.o
  CC [M]  fs/ntfs3/inode.o
  CC [M]  fs/ntfs/sysctl.o
  CC      drivers/cpuidle/driver.o
  CC [M]  drivers/hwmon/g760a.o
  CC [M]  drivers/net/wireless/intel/iwlegacy/4965.o
  CC [M]  fs/ntfs/unistr.o
  CC [M]  drivers/input/touchscreen/wacom_w9013.o
  CC      drivers/mmc/core/core.o
  CC [M]  net/wireless/ap.o
  CC [M]  net/wireless/trace.o
  AR      drivers/media/tuners/built-in.a
make[4]: *** [/home/wanpublic/ubuntu-rockchip/build/linux-rockchip/scripts/Makefile.build:500: drivers/media] Error 2
make[4]: *** Waiting for unfinished jobs....
  CC [M]  drivers/md/bcache/features.o
  CC [M]  drivers/net/wireless/marvell/libertas_tf/cmd.o
  CC [M]  net/netfilter/xt_LED.o
  CC [M]  drivers/input/sensors/lsensor/ls_em3071x.o
  CC      drivers/cpuidle/governor.o
  CC      net/netlabel/netlabel_unlabeled.o
  CC      net/netlabel/netlabel_cipso_v4.o
  CC      net/netlabel/netlabel_calipso.o
  CC [M]  drivers/bluetooth/bfusb.o
  CC [M]  drivers/net/wireless/ath/regd.o
  CC [M]  drivers/hwmon/g762.o
  CC [M]  drivers/net/wireless/ath/hw.o
  CC [M]  fs/ntfs3/index.o
  CC [M]  drivers/hwmon/gl518sm.o
  CC [M]  fs/ntfs/upcase.o
  LD [M]  drivers/md/bcache/bcache.o
  CC      drivers/cpuidle/sysfs.o
  CC [M]  drivers/md/md-linear.o
  CC [M]  drivers/input/touchscreen/wacom_i2c.o
  CC [M]  drivers/net/wireless/marvell/libertas/rx.o
  CC [M]  drivers/input/touchscreen/wdt87xx_i2c.o
  CC [M]  drivers/net/wireless/intel/iwlegacy/4965-mac.o
  CC [M]  net/netfilter/xt_LOG.o
  CC [M]  net/wireless/ocb.o
  CC [M]  fs/smb/client/smb2maperror.o
  CC [M]  drivers/input/sensors/psensor/ps_al3006.o
  CC      drivers/mmc/core/bus.o
  CC [M]  drivers/net/wireless/intersil/hostap/hostap_info.o
  CC [M]  fs/ntfs/bitmap.o
  CC [M]  fs/ntfs/lcnalloc.o
  CC      drivers/cpuidle/dt_idle_states.o
  CC [M]  drivers/bluetooth/btusb.o
  LD [M]  drivers/net/wireless/marvell/libertas_tf/libertas_tf.o
  CC      drivers/cpuidle/dt_idle_genpd.o
  CC [M]  drivers/net/wireless/ath/key.o
  CC [M]  drivers/net/wireless/marvell/mwifiex/main.o
  CC [M]  drivers/md/raid0.o
  CC [M]  fs/ntfs3/lznt.o
  CC [M]  drivers/hwmon/gl520sm.o
  AR      net/netlabel/built-in.a
  CC [M]  drivers/bluetooth/btsdio.o
  CC [M]  drivers/net/wireless/marvell/mwifiex/init.o
  CC [M]  drivers/input/touchscreen/sx8654.o
  CC [M]  drivers/input/sensors/psensor/ps_stk3171.o
  CC [M]  drivers/input/touchscreen/tps6507x-ts.o
  CC [M]  drivers/input/touchscreen/zet6223.o
  CC      drivers/cpuidle/cpuidle-psci.o
  CC [M]  fs/smb/client/smb2transport.o
  CC [M]  net/netfilter/xt_NETMAP.o
  CC      drivers/mmc/core/host.o
  CC [M]  drivers/net/wireless/marvell/libertas/tx.o
  CC [M]  fs/ntfs/logfile.o
  CC [M]  drivers/net/wireless/intel/iwlegacy/4965-rs.o
  CC [M]  drivers/net/wireless/intersil/hostap/hostap_ioctl.o
  CC [M]  fs/ntfs3/namei.o
  CC [M]  drivers/net/wireless/intel/iwlegacy/4965-calib.o
  CC [M]  drivers/net/wireless/ath/dfs_pattern_detector.o
  CC [M]  drivers/md/raid1.o
  CC [M]  drivers/hwmon/gpio-fan.o
  CC [M]  drivers/input/sensors/psensor/ps_ap321xx.o
  CC [M]  drivers/hwmon/hih6130.o
  CC      drivers/input/evdev.o
  CC      drivers/cpuidle/cpuidle-psci-domain.o
  CC [M]  drivers/input/touchscreen/zforce_ts.o
  CC [M]  drivers/bluetooth/btintel.o
  CC [M]  drivers/input/ff-memless.o
  CC [M]  drivers/net/wireless/marvell/mwifiex/cfp.o
  CC [M]  fs/ntfs/quota.o
  CC [M]  drivers/net/wireless/marvell/mwifiex/cmdevt.o
  CC [M]  fs/smb/client/smb2misc.o
  CC [M]  fs/ntfs3/record.o
  CC [M]  net/netfilter/xt_NFLOG.o
  CC      drivers/mmc/core/mmc.o
  CC      drivers/mmc/core/mmc_ops.o
  AR      drivers/cpuidle/built-in.a
  CC [M]  drivers/hwmon/i5k_amb.o
  CC [M]  fs/smb/client/smb2pdu.o
  CC [M]  drivers/net/wireless/marvell/libertas/firmware.o
  CC [M]  drivers/hwmon/iio_hwmon.o
  CC [M]  drivers/net/wireless/marvell/libertas/if_usb.o
  CC [M]  drivers/hwmon/ina209.o
  CC [M]  drivers/input/sensors/psensor/ps_stk3332.o
  CC [M]  drivers/net/wireless/intel/iwlegacy/3945-mac.o
  CC      drivers/mmc/host/sdhci.o
  CC [M]  drivers/net/wireless/intersil/hostap/hostap_main.o
  CC [M]  drivers/input/touchscreen/colibri-vf50-ts.o
  CC [M]  fs/ntfs/usnjrnl.o
  CC      drivers/mmc/host/dw_mmc.o
  CC [M]  drivers/net/wireless/ath/dfs_pri_detector.o
  CC [M]  fs/ntfs3/run.o
  CC [M]  drivers/net/wireless/intel/iwlegacy/3945.o
  CC      drivers/mmc/host/dw_mmc-pltfm.o
  CC [M]  drivers/md/raid10.o
  CC [M]  net/netfilter/xt_NFQUEUE.o
  CC [M]  net/netfilter/xt_RATEEST.o
  CC [M]  net/wireless/pmsr.o
  CC [M]  drivers/hwmon/ina2xx.o
  CC [M]  drivers/input/sensors/psensor/ps_stk3410.o
  CC [M]  drivers/input/sensors/psensor/ps_em3071x.o
  CC [M]  drivers/input/touchscreen/rohm_bu21023.o
  CC [M]  drivers/input/sensors/psensor/ps_ucs14620.o
  LD [M]  fs/ntfs/ntfs.o
  CC [M]  drivers/bluetooth/ath3k.o
  CC      net/rfkill/core.o
  CC      drivers/mmc/core/sd.o
  CC [M]  fs/jffs2/compr.o
  CC [M]  drivers/net/wireless/marvell/libertas/if_sdio.o
  CC [M]  drivers/net/wireless/marvell/mwifiex/util.o
  CC [M]  fs/ntfs3/super.o
  LD [M]  drivers/net/wireless/ath/ath.o
  CC [M]  drivers/net/wireless/marvell/mwifiex/txrx.o
  CC [M]  drivers/net/wireless/mediatek/mt7601u/usb.o
  CC [M]  drivers/net/wireless/intersil/hostap/hostap_proc.o
  CC [M]  drivers/net/wireless/mediatek/mt76/mt76x0/usb.o
  CC [M]  drivers/net/wireless/mediatek/mt76/mt76x2/eeprom.o
  CC [M]  fs/smb/client/smb2inode.o
  CC [M]  drivers/hwmon/ina3221.o
  CC [M]  drivers/hwmon/it87.o
  CC [M]  drivers/net/wireless/intel/iwlegacy/3945-rs.o
  CC [M]  fs/smb/client/smb2file.o
  CC [M]  fs/jffs2/dir.o
  CC [M]  drivers/input/sensors/temperature/tmp_ms5607.o
  CC [M]  drivers/input/touchscreen/iqs5xx.o
  CC [M]  drivers/input/touchscreen/zinitix.o
  CC [M]  net/netfilter/xt_REDIRECT.o
  CC [M]  drivers/bluetooth/btmrvl_main.o
  CC      drivers/mmc/core/sd_ops.o
  CC      net/rfkill/rfkill-wlan.o
  CC      drivers/mmc/host/dw_mmc-rockchip.o
  CC [M]  fs/ntfs3/upcase.o
  CC [M]  drivers/md/raid5.o
  CC [M]  drivers/net/wireless/marvell/libertas/if_spi.o
  CC [M]  fs/jffs2/file.o
  CC [M]  net/wireless/of.o
  CC [M]  drivers/net/wireless/mediatek/mt7601u/init.o
  CC [M]  drivers/input/sensors/pressure/pr_ms5607.o
  CC [M]  drivers/input/sparse-keymap.o
  CC [M]  drivers/net/wireless/mediatek/mt76/mt76x0/usb_mcu.o
  CC [M]  drivers/net/wireless/mediatek/mt76/mt76x2/mac.o
  LD [M]  drivers/net/wireless/intel/iwlegacy/iwlegacy.o
  LD [M]  drivers/net/wireless/intel/iwlegacy/iwl4965.o
  CC [M]  drivers/hwmon/jc42.o
  LD [M]  drivers/net/wireless/intel/iwlegacy/iwl3945.o
  AR      drivers/net/wireless/intel/built-in.a
  CC [M]  fs/smb/client/cifsacl.o
  CC [M]  drivers/net/wireless/intel/iwlwifi/dvm/main.o
  CC [M]  drivers/net/arcnet/arcnet.o
  CC      drivers/mmc/host/rk_sdmmc_ops.o
  CC [M]  drivers/net/wireless/intel/iwlwifi/mvm/fw.o
  LD [M]  drivers/net/wireless/intersil/hostap/hostap.o
  CC [M]  fs/ntfs3/xattr.o
  CC [M]  drivers/net/wireless/marvell/mwifiex/wmm.o
  AR      drivers/net/wireless/intersil/built-in.a
  CC [M]  drivers/net/wireless/intel/iwlwifi/mvm/mac80211.o
  CC [M]  net/netfilter/xt_MASQUERADE.o
  CC      drivers/mmc/core/sdio.o
  CC [M]  fs/jffs2/ioctl.o
  AR      drivers/net/wireless/mediatek/built-in.a
  LD [M]  drivers/input/touchscreen/gsl3673-800x1280.o
  CC [M]  fs/jffs2/nodelist.o
  LD [M]  drivers/input/touchscreen/gslx680-pad.o
  LD [M]  drivers/input/touchscreen/tsc2007.o
  AR      drivers/input/touchscreen/built-in.a
  CC [M]  fs/jffs2/malloc.o
  LD [M]  drivers/net/wireless/marvell/libertas/libertas.o
  LD [M]  drivers/net/wireless/marvell/libertas/usb8xxx.o
  LD [M]  drivers/net/wireless/marvell/libertas/libertas_sdio.o
  LD [M]  drivers/net/wireless/marvell/libertas/libertas_spi.o
  CC [M]  drivers/net/wireless/microchip/wilc1000/cfg80211.o
  CC [M]  drivers/input/sensors/hall/och165t_hall.o
  CC [M]  drivers/input/sensors/hall/mh248.o
  CC [M]  drivers/bluetooth/btmrvl_debugfs.o
  CC [M]  drivers/net/wireless/mediatek/mt7601u/main.o
  CC      net/rfkill/rfkill-bt.o
  CC [M]  drivers/hwmon/lineage-pem.o
  CC [M]  drivers/net/wireless/mediatek/mt76/mt76x0/pci.o
  CC [M]  drivers/bluetooth/btmrvl_sdio.o
  CC [M]  net/wireless/debugfs.o
  CC [M]  fs/ntfs3/lib/decompress_common.o
  CC [M]  fs/ntfs3/lib/lzx_decompress.o
  CC [M]  fs/jffs2/read.o
  CC      drivers/mmc/core/sdio_ops.o
  CC      drivers/mmc/host/sdhci-pltfm.o
  CC [M]  fs/smb/client/fs_context.o
  CC [M]  drivers/net/wireless/mediatek/mt76/mt76x2/init.o
  CC [M]  net/netfilter/xt_SECMARK.o
  CC [M]  drivers/net/wireless/intel/iwlwifi/dvm/rs.o
  CC      drivers/mmc/host/sdhci-of-arasan.o
  CC [M]  drivers/net/wireless/marvell/mwifiex/11n.o
  CC [M]  drivers/net/wireless/intel/iwlwifi/dvm/mac80211.o
  CC [M]  drivers/net/wireless/marvell/mwifiex/11ac.o
  CC [M]  fs/ntfs3/lib/xpress_decompress.o
  CC [M]  drivers/input/sensors/sensor-i2c.o
  CC [M]  drivers/hwmon/lm63.o
  CC [M]  drivers/bluetooth/btmtksdio.o
  CC [M]  drivers/net/appletalk/ipddp.o
  CC [M]  drivers/net/wireless/mediatek/mt7601u/mcu.o
  CC [M]  drivers/net/wireless/mediatek/mt76/mt76x0/pci_mcu.o
  CC [M]  fs/jffs2/nodemgmt.o
  CC [M]  net/wireless/wext-compat.o
  LD [M]  fs/ntfs3/ntfs3.o
  CC      drivers/mmc/core/sdio_bus.o
  CC      drivers/mmc/host/sdhci-of-dwcmshc.o
  AR      net/rfkill/built-in.a
  CC      drivers/mmc/host/cqhci-core.o
  CC [M]  net/netfilter/xt_TPROXY.o
  CC [M]  drivers/net/wireless/mediatek/mt7601u/trace.o
  CC [M]  drivers/net/wireless/intel/iwlwifi/mvm/nvm.o
  CC [M]  drivers/net/wireless/mediatek/mt76/mt76x2/phy.o
  CC [M]  drivers/md/raid5-cache.o
  CC [M]  drivers/net/wireless/microchip/wilc1000/netdev.o
  CC [M]  fs/smb/client/dns_resolve.o
  CC [M]  drivers/hwmon/lm70.o
  CC [M]  drivers/hwmon/lm73.o
  CC [M]  drivers/net/wireless/marvell/mwifiex/11n_aggr.o
  CC [M]  fs/jffs2/readinode.o
  CC      drivers/mmc/host/mmc_hsq.o
  CC [M]  drivers/hwmon/lm75.o
  CC [M]  drivers/input/sensors/sensor-dev.o
  CC [M]  drivers/net/wireless/intel/iwlwifi/dvm/ucode.o
  CC [M]  fs/ubifs/shrinker.o
  CC [M]  drivers/net/wireless/mediatek/mt7601u/dma.o
  CC      drivers/mmc/core/sdio_cis.o
  CC [M]  drivers/net/wireless/mediatek/mt76/mt76x0/init.o
  CC [M]  drivers/bluetooth/btbcm.o
  CC [M]  drivers/bluetooth/btrtl.o
  ASN.1   fs/smb/client/cifs_spnego_negtokeninit.asn1.[ch]
  CC      drivers/mmc/core/sdio_io.o
  CC [M]  net/netfilter/xt_TCPMSS.o
  CC [M]  drivers/net/wireless/mediatek/mt76/mt76x0/main.o
  CC [M]  drivers/hwmon/lm77.o
  AR      drivers/net/wireless/microchip/built-in.a
  CC [M]  drivers/net/wireless/mediatek/mt76/mt76x2/mcu.o
  CC [M]  drivers/net/wireless/intel/iwlwifi/mvm/ops.o
  CC [M]  drivers/net/wireless/mediatek/mt7601u/core.o
  CC [M]  fs/smb/client/xattr.o
  CC [M]  fs/jffs2/write.o
  CC [M]  drivers/hwmon/lm78.o
  CC [M]  drivers/net/wireless/microchip/wilc1000/mon.o
  CC [M]  fs/ubifs/journal.o
  CC [M]  net/wireless/wext-sme.o
  CC [M]  drivers/net/wireless/marvell/mwifiex/11n_rxreorder.o
  AR      drivers/mmc/host/built-in.a
  CC [M]  drivers/net/wireless/microchip/wilc1000/hif.o
  CC [M]  drivers/md/raid5-ppl.o
  CC [M]  drivers/net/wireless/intel/iwlwifi/dvm/tx.o
  CC [M]  drivers/net/wireless/mediatek/mt7601u/eeprom.o
  CC      drivers/mmc/core/sdio_irq.o
  CC [M]  drivers/bluetooth/btqca.o
  CC [M]  drivers/net/wireless/mediatek/mt76/mt76x0/eeprom.o
  LD [M]  drivers/input/sensors/sensor_dev.o
  CC [M]  drivers/input/matrix-keymap.o
  CC [M]  drivers/input/vivaldi-fmap.o
  CC [M]  drivers/input/input-leds.o
  CC [M]  fs/jffs2/scan.o
  CC [M]  net/netfilter/xt_TCPOPTSTRIP.o
  CC [M]  net/netfilter/xt_TEE.o
  CC [M]  drivers/bluetooth/btmtk.o
  CC [M]  drivers/net/wireless/mediatek/mt7601u/phy.o
  CC [M]  drivers/hwmon/lm80.o
  CC [M]  fs/smb/client/cifs_spnego.o
  CC [M]  fs/ubifs/file.o
  CC [M]  fs/smb/client/cifs_dfs_ref.o
  GEN     net/wireless/shipped-certs.c
  CC [M]  net/wireless/lib80211.o
  CC [M]  net/wireless/lib80211_crypt_wep.o
  CC [M]  drivers/net/wireless/intel/iwlwifi/mvm/phy-ctxt.o
  CC [M]  drivers/md/md-multipath.o
  CC [M]  drivers/net/wireless/mediatek/mt76/mt76x2/pci.o
  CC [M]  drivers/input/joydev.o
  CC      drivers/mmc/core/slot-gpio.o
  CC [M]  drivers/net/wireless/marvell/mwifiex/scan.o
  CC [M]  drivers/net/wireless/microchip/wilc1000/wlan_cfg.o
  CC [M]  drivers/net/wireless/intel/iwlwifi/dvm/lib.o
  CC [M]  drivers/net/wireless/microchip/wilc1000/wlan.o
  CC [M]  drivers/net/wireless/intel/iwlwifi/dvm/calib.o
  CC [M]  drivers/net/wireless/intel/iwlwifi/dvm/tt.o
  CC [M]  fs/jffs2/gc.o
  CC [M]  drivers/net/wireless/mediatek/mt76/mt76x0/phy.o
  CC [M]  drivers/hwmon/lm83.o
  CC [M]  drivers/bluetooth/rtk_bt.o
  CC [M]  net/netfilter/xt_TRACE.o
  CC [M]  net/netfilter/xt_IDLETIMER.o
  CC [M]  drivers/net/wireless/microchip/wilc1000/sdio.o
  CC [M]  drivers/md/md-faulty.o
  CC [M]  fs/ubifs/dir.o
  CC [M]  drivers/net/wireless/mediatek/mt7601u/mac.o
  CC      drivers/mmc/core/regulator.o
  CC [M]  fs/smb/client/dfs_cache.o
  AR      drivers/input/built-in.a
  CC [M]  fs/smb/client/smb1ops.o
  CC [M]  drivers/net/wireless/mediatek/mt76/mt76x2/pci_main.o
  CC [M]  drivers/net/wireless/mediatek/mt76/mt76x2/pci_init.o
  CC [M]  drivers/net/wireless/intel/iwlwifi/mvm/mac-ctxt.o
  CC [M]  net/wireless/lib80211_crypt_ccmp.o
  CC [M]  drivers/net/wireless/intel/iwlwifi/mvm/utils.o
  CC [M]  fs/jffs2/symlink.o
  CC [M]  fs/jffs2/build.o
  CC [M]  drivers/hwmon/lm85.o
  CC [M]  fs/jffs2/erase.o
  CC      net/dcb/dcbnl.o
  CC [M]  drivers/net/wireless/intel/iwlwifi/dvm/sta.o
  CC [M]  drivers/net/wireless/marvell/mwifiex/join.o
  CC [M]  drivers/net/wireless/marvell/mwifiex/sta_ioctl.o
  CC [M]  drivers/md/md.o
  CC [M]  net/netfilter/xt_addrtype.o
  CC [M]  fs/ubifs/super.o
  CC [M]  drivers/bluetooth/rtk_misc.o
  CC [M]  fs/ubifs/sb.o
  CC [M]  drivers/net/wireless/mediatek/mt7601u/util.o
  CC [M]  drivers/net/wireless/mediatek/mt76/mt7603/pci.o
  CC [M]  drivers/net/wireless/microchip/wilc1000/spi.o
  LD [M]  drivers/net/wireless/microchip/wilc1000/wilc1000.o
  CC      drivers/mmc/core/pwrseq.o
  CC [M]  drivers/net/wireless/mediatek/mt76/mt7603/soc.o
  CC [M]  drivers/net/caif/caif_virtio.o
  CC [M]  drivers/net/wireless/mediatek/mt76/mt76x2/pci_mcu.o
  CC [M]  net/wireless/lib80211_crypt_tkip.o
  CC [M]  fs/jffs2/background.o
  LD [M]  drivers/net/wireless/mediatek/mt76/mt76x0/mt76x0u.o
  LD [M]  drivers/net/wireless/mediatek/mt76/mt76x0/mt76x0e.o
  LD [M]  drivers/net/wireless/mediatek/mt76/mt76x0/mt76x0-common.o
  CC [M]  drivers/net/wireless/mediatek/mt76/mt76x2/pci_phy.o
  CC [M]  drivers/net/wireless/mediatek/mt76/mt7615/main.o
  CC [M]  fs/smb/client/cifssmb.o
  CC [M]  drivers/hwmon/lm87.o
  CC [M]  drivers/net/wireless/mediatek/mt76/mt76x2/usb.o
  CC [M]  drivers/net/wireless/intel/iwlwifi/mvm/rx.o
  CC [M]  drivers/net/wireless/intel/iwlwifi/dvm/rx.o
  CC [M]  fs/jffs2/fs.o
  CC [M]  fs/ubifs/io.o
  CC [M]  net/netfilter/xt_bpf.o
  CC [M]  drivers/net/wireless/mediatek/mt7601u/debugfs.o
  CC      net/dcb/dcbevent.o
  CC [M]  net/netfilter/xt_cluster.o
  CC [M]  drivers/net/wireless/mediatek/mt76/mt7603/main.o
  CC [M]  drivers/bluetooth/rtk_coex.o
  CC [M]  drivers/net/wireless/mediatek/mt7601u/tx.o
  CC [M]  drivers/net/wireless/intel/iwlwifi/dvm/power.o
  CC [M]  drivers/net/wireless/intel/iwlwifi/dvm/scan.o
  CC      drivers/mmc/core/debugfs.o
  CC [M]  drivers/net/wireless/mediatek/mt76/mt76x2/usb_init.o
  LD [M]  drivers/net/wireless/microchip/wilc1000/wilc1000-sdio.o
  CC [M]  net/wireless/shipped-certs.o
  CC [M]  drivers/net/wireless/marvell/mwifiex/sta_cmd.o
  CC [M]  drivers/net/wireless/marvell/mwifiex/uap_cmd.o
  LD [M]  drivers/net/wireless/microchip/wilc1000/wilc1000-spi.o
  CC [M]  drivers/hwmon/lm90.o
  CC [M]  drivers/net/wireless/mediatek/mt76/mt7615/init.o
  CC [M]  drivers/net/wireless/mediatek/mt76/mt7615/mcu.o
  CC [M]  fs/jffs2/writev.o
  CC [M]  drivers/net/wireless/intel/iwlwifi/mvm/rxmq.o
  CC [M]  fs/ubifs/tnc.o
  CC [M]  fs/ubifs/master.o
  CC      net/dns_resolver/dns_key.o
  CC      net/dns_resolver/dns_query.o
  CC      drivers/mmc/core/pwrseq_simple.o
  CC      drivers/mmc/core/pwrseq_emmc.o
  CC [M]  fs/smb/client/cifs_spnego_negtokeninit.asn1.o
  CC [M]  fs/smb/client/asn1.o
  CC [M]  net/netfilter/xt_comment.o
  LD [M]  drivers/net/wireless/mediatek/mt7601u/mt7601u.o
  CC [M]  drivers/net/wireless/mediatek/mt76/mt7603/init.o
  CC [M]  drivers/net/wireless/intel/iwlwifi/iwl-io.o
  CC [M]  drivers/net/wireless/mediatek/mt76/mt7603/mcu.o
  AR      net/wireless/built-in.a
  LD [M]  net/wireless/cfg80211.o
  AR      net/dcb/built-in.a
  CC [M]  drivers/net/wireless/intel/iwlwifi/dvm/rxon.o
  CC [M]  drivers/net/wireless/intel/iwlwifi/dvm/devices.o
  CC      net/ceph/ceph_common.o
  CC [M]  drivers/net/wireless/mediatek/mt76/mt76x2/usb_main.o
  CC [M]  fs/jffs2/super.o
  LD [M]  drivers/bluetooth/hci_uart.o
  CC [M]  drivers/hwmon/lm92.o
  LD [M]  drivers/bluetooth/btmrvl.o
  LD [M]  drivers/bluetooth/rtk_btusb.o
  CC [M]  drivers/net/wireless/marvell/mwifiex/ie.o
  CC [M]  fs/jffs2/debug.o
  CC [M]  drivers/net/wireless/mediatek/mt76/mt76x2/usb_mac.o
  CC [M]  fs/jffs2/wbuf.o
  CC [M]  drivers/net/wireless/intel/iwlwifi/mvm/tx.o
  CC [M]  fs/jffs2/compr_rtime.o
  CC      drivers/mmc/core/block.o
  CC [M]  drivers/md/md-bitmap.o
  CC [M]  drivers/net/wireless/mediatek/mt76/mt7615/eeprom.o
  CC [M]  net/netfilter/xt_connbytes.o
  CC [M]  fs/ubifs/scan.o
  CC [M]  fs/ubifs/replay.o
  LD [M]  fs/smb/client/cifs.o
  AR      net/dns_resolver/built-in.a
  AR      drivers/net/wireless/purelifi/built-in.a
  CC [M]  drivers/net/wireless/marvell/mwifiex/sta_cmdresp.o
  CC [M]  drivers/net/wireless/intel/iwlwifi/mvm/binding.o
  CC [M]  drivers/net/wireless/intel/iwlwifi/mvm/quota.o
  CC [M]  drivers/net/wireless/mediatek/mt76/mt7915/pci.o
  CC [M]  drivers/net/wireless/mediatek/mt76/mt7603/core.o
  CC [M]  fs/jffs2/compr_zlib.o
  CC [M]  drivers/hwmon/lm93.o
  CC [M]  drivers/hwmon/lm95234.o
  CC [M]  fs/jffs2/summary.o
  CC [M]  drivers/net/wireless/marvell/mwifiex/sta_event.o
  CC [M]  drivers/net/wireless/intel/iwlwifi/dvm/led.o
  CC [M]  drivers/net/wireless/mediatek/mt76/mt76x2/usb_mcu.o
  CC [M]  drivers/net/wireless/mediatek/mt76/mt76x2/usb_phy.o
  AR      drivers/net/wireless/quantenna/built-in.a
  LD [M]  drivers/net/wireless/mediatek/mt76/mt76x2/mt76x2-common.o
  CC [M]  fs/fuse/dev.o
  CC [M]  fs/fuse/dir.o
  CC      net/ceph/messenger.o
  CC      net/ceph/msgpool.o
  CC [M]  drivers/net/wireless/mediatek/mt76/mt7615/mac.o
  CC      drivers/mmc/core/queue.o
  CC [M]  net/netfilter/xt_connlabel.o
  CC [M]  fs/ubifs/log.o
  LD [M]  fs/jffs2/jffs2.o
  CC [M]  drivers/hwmon/lm95241.o
  CC [M]  drivers/net/wireless/mediatek/mt76/mt7603/dma.o
  CC [M]  drivers/net/wireless/intel/iwlwifi/mvm/sta.o
  CC [M]  drivers/net/wireless/marvell/mwifiex/uap_event.o
  CC [M]  drivers/net/wireless/mediatek/mt76/mt7915/init.o
  CC [M]  drivers/net/wireless/mediatek/mt76/mt7915/dma.o
  CC [M]  drivers/net/wireless/mediatek/mt76/mt7915/eeprom.o
  CC [M]  drivers/md/dm.o
  CC [M]  drivers/net/wireless/marvell/mwifiex/sta_tx.o
  CC [M]  drivers/net/wireless/mediatek/mt76/mt7615/debugfs.o
  CC [M]  drivers/net/wireless/mediatek/mt76/mt7615/trace.o
  LD [M]  drivers/net/wireless/intel/iwlwifi/dvm/iwldvm.o
  CC [M]  drivers/net/wireless/mediatek/mt76/mt7615/testmode.o
  CC [M]  drivers/net/wireless/intel/iwlwifi/iwl-drv.o
  CC [M]  drivers/net/wireless/mediatek/mt76/mt7615/pci.o
  CC [M]  drivers/net/can/dev/skb.o
  CC [M]  drivers/net/wireless/intel/iwlwifi/mvm/sf.o
  LD [M]  drivers/net/wireless/mediatek/mt76/mt76x2/mt76x2e.o
  LD [M]  drivers/net/wireless/mediatek/mt76/mt76x2/mt76x2u.o
  CC [M]  drivers/net/can/dev/calc_bittiming.o
  CC      drivers/mmc/core/mmc_test.o
  CC [M]  drivers/net/wireless/mediatek/mt76/mt7915/main.o
  CC [M]  fs/ubifs/commit.o
  CC [M]  drivers/hwmon/lm95245.o
  CC [M]  net/netfilter/xt_connlimit.o
  CC [M]  fs/fuse/file.o
  CC [M]  drivers/net/wireless/mediatek/mt76/mt7603/mac.o
  CC      net/ceph/buffer.o
  CC [M]  drivers/md/dm-table.o
  CC [M]  drivers/net/wireless/ralink/rt2x00/rt2x00dev.o
  CC [M]  drivers/net/wireless/ralink/rt2x00/rt2x00mac.o
  CC [M]  drivers/net/wireless/marvell/mwifiex/sta_rx.o
  CC [M]  net/netfilter/xt_conntrack.o
  CC [M]  drivers/net/wireless/ralink/rt2x00/rt2x00config.o
  CC [M]  drivers/net/can/dev/bittiming.o
  CC [M]  drivers/net/wireless/mediatek/mt76/mt7615/pci_init.o
  CC [M]  drivers/net/can/dev/dev.o
  CC [M]  drivers/net/wireless/marvell/mwifiex/uap_txrx.o
  CC [M]  fs/ubifs/gc.o
  CC [M]  fs/ubifs/orphan.o
  CC [M]  drivers/hwmon/ltc2945.o
  AR      drivers/mmc/core/built-in.a
  CC      net/ceph/pagelist.o
  AR      drivers/mmc/built-in.a
  CC [M]  drivers/net/wireless/mediatek/mt76/mt7915/mcu.o
  CC [M]  drivers/net/wireless/intel/iwlwifi/mvm/scan.o
  CC [M]  drivers/net/wireless/intel/iwlwifi/mvm/time-event.o
  CC [M]  drivers/net/wireless/intel/iwlwifi/mvm/rs.o
  CC [M]  drivers/net/can/dev/length.o
  CC [M]  drivers/net/can/dev/netlink.o
  CC [M]  fs/ubifs/budget.o
  CC [M]  fs/fuse/inode.o
  CC [M]  drivers/net/wireless/mediatek/mt76/mt7615/dma.o
  CC [M]  drivers/net/wireless/ralink/rt2x00/rt2x00queue.o
  CC [M]  net/netfilter/xt_cpu.o
  CC [M]  drivers/net/wireless/mediatek/mt76/mt7615/pci_mac.o
  CC [M]  drivers/net/wireless/marvell/mwifiex/cfg80211.o
  CC [M]  drivers/net/wireless/mediatek/mt76/mt7603/eeprom.o
  CC [M]  drivers/md/dm-target.o
  CC [M]  drivers/hwmon/ltc2947-core.o
  CC [M]  fs/ubifs/find.o
  CC [M]  drivers/net/wireless/ralink/rt2x00/rt2x00link.o
  CC [M]  drivers/net/wireless/mediatek/mt76/mt7915/mac.o
  CC [M]  drivers/net/wireless/ralink/rt2x00/rt2x00crypto.o
  CC [M]  fs/ubifs/tnc_commit.o
  CC [M]  fs/ubifs/compress.o
  CC      net/ceph/mon_client.o
  CC [M]  drivers/net/wireless/ralink/rt2x00/rt2x00firmware.o
  CC [M]  drivers/net/wireless/marvell/mwifiex/ethtool.o
  CC [M]  drivers/net/wireless/marvell/mwifiex/11h.o
  CC [M]  drivers/net/wireless/marvell/mwifiex/tdls.o
  CC [M]  net/netfilter/xt_dccp.o
  CC [M]  drivers/net/can/dev/rx-offload.o
  CC [M]  drivers/net/wireless/mediatek/mt76/mt7915/debugfs.o
  CC [M]  fs/fuse/control.o
  CC      net/ceph/decode.o
  CC [M]  drivers/net/wireless/mediatek/mt76/mt7603/beacon.o
  CC [M]  drivers/net/wireless/intel/iwlwifi/mvm/rs-fw.o
  CC [M]  drivers/net/wireless/intel/iwlwifi/mvm/power.o
  CC [M]  fs/overlayfs/super.o
  CC [M]  drivers/md/dm-linear.o
  CC [M]  drivers/net/wireless/mediatek/mt76/mt7615/mmio.o
  CC [M]  fs/ubifs/lpt.o
  CC [M]  drivers/hwmon/ltc2947-i2c.o
  CC [M]  fs/ubifs/lprops.o
  CC [M]  drivers/md/dm-stripe.o
  CC [M]  drivers/md/dm-ioctl.o
  CC [M]  drivers/md/dm-io.o
  CC [M]  drivers/net/wireless/ralink/rt2x00/rt2x00leds.o
  CC [M]  drivers/net/wireless/ralink/rt2x00/rt2x00mmio.o
  CC [M]  drivers/net/wireless/ralink/rt2x00/rt2x00pci.o
  CC [M]  fs/fuse/xattr.o
  CC      net/ceph/cls_lock_client.o
  CC [M]  net/netfilter/xt_devgroup.o
  CC [M]  drivers/net/wireless/mediatek/mt76/mt7915/mmio.o
  CC [M]  drivers/net/wireless/marvell/mwifiex/debugfs.o
  CC [M]  fs/overlayfs/namei.o
  CC [M]  drivers/net/wireless/mediatek/mt76/mt7603/debugfs.o
  CC [M]  drivers/hwmon/ltc2947-spi.o
  CC [M]  drivers/md/dm-kcopyd.o
  CC [M]  drivers/net/wireless/mediatek/mt76/mt7915/testmode.o
  CC [M]  drivers/md/dm-sysfs.o
  CC [M]  drivers/md/dm-stats.o
  CC [M]  drivers/md/dm-rq.o
  CC [M]  drivers/net/wireless/realtek/rtl818x/rtl8180/dev.o
  CC [M]  drivers/net/wireless/mediatek/mt76/mt7615/usb_sdio.o
  CC [M]  drivers/md/dm-io-rewind.o
  LD [M]  drivers/net/can/dev/can-dev.o
  CC [M]  drivers/net/wireless/intel/iwlwifi/mvm/coex.o
  CC [M]  drivers/net/can/rockchip/rockchip_can.o
  CC [M]  fs/ubifs/recovery.o
  CC [M]  fs/fuse/acl.o
  CC [M]  fs/ubifs/ioctl.o
  CC [M]  drivers/net/wireless/ralink/rt2x00/rt2x00usb.o
  CC [M]  drivers/hwmon/ltc2990.o
  CC [M]  net/netfilter/xt_dscp.o
  CC [M]  fs/overlayfs/util.o
  CC [M]  net/netfilter/xt_ecn.o
  CC [M]  fs/overlayfs/inode.o
  LD [M]  drivers/net/wireless/mediatek/mt76/mt7603/mt7603e.o
  CC [M]  drivers/md/dm-bufio.o
  CC [M]  drivers/net/wireless/intel/iwlwifi/iwl-debug.o
  CC [M]  net/netfilter/xt_esp.o
  CC [M]  fs/udf/balloc.o
  CC [M]  drivers/md/dm-bio-prison-v1.o
  CC      net/ceph/osd_client.o
  CC      net/ceph/osdmap.o
  CC [M]  drivers/net/wireless/marvell/mwifiex/sdio.o
  LD [M]  drivers/net/wireless/mediatek/mt76/mt7915/mt7915e.o
  CC [M]  fs/fuse/readdir.o
  CC [M]  fs/fuse/ioctl.o
  CC [M]  drivers/net/wireless/mediatek/mt76/mt7921/mac.o
  CC [M]  drivers/net/can/rockchip/rockchip_canfd.o
  CC [M]  drivers/net/wireless/ralink/rt2x00/rt2800lib.o
  CC [M]  fs/ubifs/lpt_commit.o
  CC [M]  drivers/net/wireless/mediatek/mt76/mt7921/mcu.o
  CC [M]  drivers/net/wireless/realtek/rtl818x/rtl8180/rtl8225.o
  CC [M]  drivers/net/wireless/intel/iwlwifi/mvm/tt.o
  CC [M]  drivers/hwmon/ltc4151.o
  CC [M]  drivers/hwmon/ltc4215.o
  CC [M]  drivers/net/wireless/ralink/rt2x00/rt2800mmio.o
  CC [M]  fs/overlayfs/file.o
  CC [M]  drivers/net/wireless/mediatek/mt76/mt7615/usb.o
  CC [M]  fs/udf/dir.o
  CC [M]  drivers/hwmon/ltc4222.o
  CC [M]  drivers/net/wireless/ralink/rt2x00/rt2800pci.o
  CC [M]  net/netfilter/xt_hashlimit.o
  CC [M]  fs/ubifs/tnc_misc.o
  CC [M]  fs/ubifs/debug.o
  CC [M]  drivers/md/dm-bio-prison-v2.o
  CC [M]  fs/ubifs/misc.o
  CC [M]  fs/overlayfs/dir.o
  CC [M]  fs/overlayfs/readdir.o
  CC [M]  fs/ubifs/sysfs.o
  CC [M]  drivers/net/wireless/realtek/rtl818x/rtl8187/dev.o
  CC [M]  fs/fuse/cuse.o
  CC [M]  drivers/net/can/rockchip/rk3576_canfd.o
  CC [M]  drivers/net/wireless/realtek/rtl818x/rtl8180/sa2400.o
  CC [M]  drivers/net/wireless/marvell/mwifiex/usb.o
  CC [M]  drivers/net/wireless/intel/iwlwifi/mvm/offloading.o
  CC [M]  fs/udf/file.o
  CC [M]  drivers/net/wireless/mediatek/mt76/mt7615/usb_mcu.o
  CC [M]  drivers/hwmon/ltc4245.o
  CC [M]  drivers/hwmon/ltc4260.o
  CC [M]  fs/ubifs/crypto.o
  AR      drivers/net/wireless/rsi/built-in.a
  LD [M]  drivers/net/wireless/marvell/mwifiex/mwifiex.o
  CC [M]  drivers/net/wireless/ralink/rt2x00/rt2500usb.o
  CC [M]  drivers/net/wireless/mediatek/mt76/mt7921/main.o
  CC [M]  drivers/net/wireless/mediatek/mt76/mt7921/init.o
  CC [M]  drivers/net/wireless/mediatek/mt76/mt7921/debugfs.o
  CC [M]  fs/ubifs/xattr.o
  CC      net/ceph/crush/crush.o
  CC [M]  fs/overlayfs/copy_up.o
  CC [M]  fs/fuse/virtio_fs.o
  CC      net/ceph/crush/mapper.o
  CC      net/ceph/crush/hash.o
  CC [M]  net/netfilter/xt_helper.o
  CC [M]  fs/udf/ialloc.o
  CC [M]  drivers/md/dm-crypt.o
  CC [M]  drivers/net/wireless/realtek/rtl818x/rtl8180/max2820.o
  CC [M]  drivers/net/wireless/realtek/rtl818x/rtl8180/grf5101.o
  CC [M]  drivers/net/wireless/intel/iwlwifi/iwl-eeprom-read.o
  CC [M]  drivers/net/wireless/realtek/rtl818x/rtl8187/rtl8225.o
  CC [M]  drivers/net/wireless/realtek/rtlwifi/rtl8192c/main.o
  CC [M]  drivers/net/can/spi/hi311x.o
  CC [M]  drivers/net/can/spi/mcp251xfd/mcp251xfd-chip-fifo.o
  CC [M]  drivers/net/wireless/mediatek/mt76/mt7615/sdio.o
  CC [M]  drivers/hwmon/ltc4261.o
  CC [M]  drivers/net/can/usb/kvaser_usb/kvaser_usb_core.o
  CC      net/ceph/striper.o
  CC [M]  drivers/net/wireless/intel/iwlwifi/mvm/tdls.o
  LD [M]  drivers/net/wireless/marvell/mwifiex/mwifiex_sdio.o
  LD [M]  drivers/net/wireless/marvell/mwifiex/mwifiex_usb.o
  AR      drivers/net/wireless/marvell/built-in.a
  CC      net/ceph/debugfs.o
  LD [M]  fs/ubifs/ubifs.o
  CC [M]  fs/overlayfs/export.o
  AR      drivers/net/wireless/silabs/built-in.a
  CC      net/ceph/auth.o
  CC [M]  fs/udf/inode.o
  CC [M]  fs/udf/lowlevel.o
  LD [M]  fs/fuse/fuse.o
  LD [M]  fs/fuse/virtiofs.o
  AR      drivers/net/wireless/ralink/built-in.a
  CC [M]  drivers/net/wireless/realtek/rtlwifi/rtl8192c/dm_common.o
  CC [M]  drivers/net/wireless/realtek/rtl818x/rtl8180/rtl8225se.o
  CC [M]  drivers/net/can/spi/mcp251xfd/mcp251xfd-core.o
  CC [M]  net/netfilter/xt_hl.o
  CC [M]  fs/jfs/super.o
  CC [M]  fs/jfs/file.o
  CC [M]  drivers/net/wireless/intel/iwlwifi/iwl-eeprom-parse.o
  CC [M]  drivers/net/can/usb/peak_usb/pcan_usb_core.o
  CC [M]  drivers/hwmon/max1111.o
  CC [M]  drivers/net/wireless/intel/iwlwifi/iwl-phy-db.o
  CC [M]  drivers/net/wireless/realtek/rtl818x/rtl8187/leds.o
  LD [M]  fs/overlayfs/overlay.o
  CC [M]  drivers/net/wireless/mediatek/mt76/mt7615/sdio_mcu.o
  CC [M]  fs/nilfs2/inode.o
  CC [M]  fs/xfs/xfs_trace.o
  CC [M]  drivers/net/can/usb/kvaser_usb/kvaser_usb_leaf.o
  CC [M]  fs/ocfs2/dlmfs/userdlm.o
  CC [M]  drivers/net/wireless/mediatek/mt76/mt7921/trace.o
  CC [M]  drivers/net/wireless/mediatek/mt76/mt7921/testmode.o
  CC [M]  fs/xfs/libxfs/xfs_ag.o
  CC [M]  drivers/net/wireless/intel/iwlwifi/mvm/ftm-responder.o
  CC [M]  drivers/md/dm-delay.o
  CC [M]  drivers/md/dm-flakey.o
  CC [M]  drivers/hwmon/max16065.o
  CC [M]  fs/udf/namei.o
  LD [M]  drivers/net/wireless/realtek/rtl818x/rtl8180/rtl818x_pci.o
  CC [M]  fs/jfs/inode.o
  CC [M]  drivers/net/can/usb/kvaser_usb/kvaser_usb_hydra.o
  CC [M]  net/netfilter/xt_ipcomp.o
  CC      net/ceph/auth_none.o
  CC [M]  fs/ocfs2/dlmfs/dlmfs.o
  CC [M]  drivers/net/wireless/realtek/rtl818x/rtl8187/rfkill.o
  CC [M]  drivers/net/can/usb/peak_usb/pcan_usb.o
  CC [M]  drivers/net/can/spi/mcp251xfd/mcp251xfd-crc16.o
  LD [M]  drivers/net/wireless/mediatek/mt76/mt7615/mt7615-common.o
  LD [M]  drivers/net/wireless/mediatek/mt76/mt7615/mt7615e.o
  CC [M]  fs/nilfs2/file.o
  LD [M]  drivers/net/wireless/mediatek/mt76/mt7615/mt7663-usb-sdio-common.o
  LD [M]  drivers/net/wireless/mediatek/mt76/mt7615/mt7663u.o
  CC [M]  drivers/net/wireless/ralink/rt2x00/rt73usb.o
  LD [M]  drivers/net/wireless/mediatek/mt76/mt7615/mt7663s.o
  CC [M]  drivers/net/wireless/intel/iwlwifi/iwl-nvm-parse.o
  CC [M]  drivers/net/wireless/intel/iwlwifi/mvm/ftm-initiator.o
  CC [M]  drivers/md/dm-path-selector.o
  CC [M]  drivers/net/wireless/realtek/rtlwifi/rtl8192c/fw_common.o
  CC [M]  fs/xfs/libxfs/xfs_alloc.o
  CC [M]  drivers/net/wireless/mediatek/mt76/mt7921/pci.o
  CC [M]  fs/xfs/libxfs/xfs_alloc_btree.o
  CC [M]  fs/xfs/libxfs/xfs_attr.o
  CC [M]  drivers/net/wireless/realtek/rtl8xxxu/rtl8xxxu_core.o
  CC      net/ceph/crypto.o
  CC [M]  drivers/hwmon/max1619.o
  CC      net/ceph/armor.o
  CC [M]  fs/jfs/namei.o
  CC [M]  fs/udf/partition.o
  CC [M]  fs/xfs/libxfs/xfs_attr_leaf.o
  CC [M]  fs/xfs/libxfs/xfs_attr_remote.o
  CC [M]  net/netfilter/xt_iprange.o
  LD [M]  fs/ocfs2/dlmfs/ocfs2_dlmfs.o
  CC [M]  fs/ocfs2/cluster/heartbeat.o
  LD [M]  drivers/net/wireless/realtek/rtl818x/rtl8187/rtl8187.o
  LD [M]  drivers/net/can/usb/kvaser_usb/kvaser_usb.o
  CC [M]  fs/nilfs2/dir.o
  CC [M]  fs/ocfs2/dlm/dlmdomain.o
  CC [M]  fs/ocfs2/alloc.o
  CC [M]  drivers/net/can/usb/peak_usb/pcan_usb_pro.o
  CC [M]  drivers/net/can/spi/mcp251xfd/mcp251xfd-ethtool.o
  CC      net/ceph/auth_x.o
  CC [M]  fs/udf/super.o
  CC [M]  drivers/hwmon/max1668.o
  CC [M]  drivers/md/dm-mpath.o
  CC [M]  drivers/net/wireless/mediatek/mt76/mt7921/pci_mac.o
  CC [M]  fs/jfs/jfs_mount.o
  CC [M]  drivers/net/wireless/intel/iwlwifi/mvm/rfi.o
  CC [M]  fs/xfs/libxfs/xfs_bit.o
  CC [M]  drivers/net/wireless/ralink/rt2x00/rt2800usb.o
  CC [M]  drivers/net/can/usb/peak_usb/pcan_usb_fd.o
  CC [M]  net/netfilter/xt_ipvs.o
  CC [M]  drivers/net/wireless/realtek/rtlwifi/rtl8192c/phy_common.o
  CC [M]  fs/nilfs2/super.o
  CC [M]  fs/nilfs2/namei.o
  CC      net/ceph/ceph_strings.o
  CC [M]  drivers/hwmon/max197.o
  CC [M]  drivers/net/can/spi/mcp251xfd/mcp251xfd-ram.o
  CC [M]  fs/jfs/jfs_umount.o
  CC [M]  fs/xfs/libxfs/xfs_bmap.o
  CC [M]  fs/xfs/libxfs/xfs_bmap_btree.o
  CC [M]  drivers/net/can/spi/mcp251xfd/mcp251xfd-regmap.o
  CC [M]  drivers/net/wireless/realtek/rtl8xxxu/rtl8xxxu_8192e.o
  CC [M]  fs/ocfs2/cluster/masklog.o
  CC [M]  fs/ocfs2/aops.o
  CC [M]  fs/udf/truncate.o
  CC [M]  drivers/md/dm-ps-round-robin.o
  CC [M]  drivers/net/wireless/mediatek/mt76/mt7921/pci_mcu.o
  CC [M]  drivers/hwmon/max31722.o
  CC [M]  drivers/hwmon/max31730.o
  CC [M]  drivers/net/wireless/intel/iwlwifi/mvm/led.o
  CC [M]  fs/ocfs2/dlm/dlmdebug.o
  LD [M]  drivers/net/wireless/ralink/rt2x00/rt2x00lib.o
  LD [M]  drivers/net/can/usb/peak_usb/peak_usb.o
  CC [M]  drivers/net/wireless/mediatek/mt76/mmio.o
  CC [M]  drivers/net/can/usb/usb_8dev.o
  CC [M]  drivers/net/can/usb/ems_usb.o
  CC      net/ceph/ceph_hash.o
  CC [M]  net/netfilter/xt_l2tp.o
  CC [M]  fs/nilfs2/page.o
  CC [M]  fs/jfs/jfs_xtree.o
  CC [M]  net/netfilter/xt_length.o
  CC [M]  fs/ocfs2/cluster/sys.o
  CC [M]  net/netfilter/xt_limit.o
  CC [M]  fs/udf/symlink.o
  CC [M]  drivers/md/dm-ps-queue-length.o
  CC [M]  drivers/net/can/spi/mcp251xfd/mcp251xfd-ring.o
  AR      net/mpls/built-in.a
  CC [M]  net/mpls/mpls_gso.o
  CC [M]  drivers/net/wireless/realtek/rtl8xxxu/rtl8xxxu_8723b.o
  AR      drivers/net/wireless/st/built-in.a
  CC [M]  fs/xfs/libxfs/xfs_btree.o
  CC [M]  drivers/hwmon/max6621.o
  LD [M]  drivers/net/wireless/realtek/rtlwifi/rtl8192c/rtl8192c-common.o
  CC [M]  drivers/net/wireless/realtek/rtlwifi/rtl8192cu/dm.o
  CC [M]  drivers/net/wireless/mediatek/mt76/mt7921/dma.o
  CC      net/ceph/pagevec.o
  CC [M]  fs/ocfs2/cluster/nodemanager.o
  CC [M]  fs/nilfs2/mdt.o
  CC [M]  drivers/net/wireless/intel/iwlwifi/mvm/d3.o
  CC [M]  fs/ocfs2/dlm/dlmthread.o
  CC [M]  fs/ocfs2/cluster/quorum.o
  CC [M]  drivers/net/can/usb/gs_usb.o
  CC [M]  net/netfilter/xt_mac.o
  CC [M]  drivers/hwmon/max6639.o
  CC [M]  fs/jfs/jfs_imap.o
  CC [M]  drivers/net/wireless/realtek/rtl8xxxu/rtl8xxxu_8723a.o
  CC [M]  fs/udf/directory.o
  CC [M]  drivers/md/dm-ps-service-time.o
  CC [M]  drivers/md/dm-switch.o
  CC [M]  drivers/net/wireless/realtek/rtl8xxxu/rtl8xxxu_8192c.o
  CC [M]  fs/xfs/libxfs/xfs_btree_staging.o
  CC [M]  drivers/net/wireless/mediatek/mt76/util.o
  CC [M]  drivers/net/wireless/realtek/rtlwifi/rtl8723be/dm.o
  CC [M]  fs/ocfs2/cluster/tcp.o
  CC [M]  drivers/hwmon/max6650.o
  CC [M]  drivers/net/can/spi/mcp251xfd/mcp251xfd-rx.o
  CC [M]  fs/ocfs2/cluster/netdebug.o
  CC [M]  drivers/net/wireless/realtek/rtlwifi/rtl8192cu/hw.o
  CC [M]  drivers/net/wireless/mediatek/mt76/mt7921/sdio.o
  CC [M]  fs/nilfs2/btnode.o
  CC [M]  fs/udf/misc.o
  CC [M]  drivers/hwmon/max6697.o
  CC [M]  drivers/hwmon/max31790.o
  CC [M]  fs/ocfs2/dlm/dlmrecovery.o
  CC [M]  drivers/md/dm-snap.o
  CC [M]  drivers/md/dm-exception-store.o
  CC      net/ceph/snapshot.o
  CC [M]  fs/jfs/jfs_debug.o
  CC [M]  fs/jfs/jfs_dmap.o
  CC [M]  net/netfilter/xt_multiport.o
  LD [M]  drivers/net/wireless/realtek/rtl8xxxu/rtl8xxxu.o
  CC [M]  fs/xfs/libxfs/xfs_da_btree.o
  CC [M]  fs/xfs/libxfs/xfs_defer.o
  CC [M]  drivers/net/wireless/mediatek/mt76/trace.o
  CC [M]  fs/jfs/jfs_unicode.o
  CC [M]  drivers/net/wireless/realtek/rtlwifi/rtl8723be/fw.o
  CC [M]  fs/xfs/libxfs/xfs_dir2.o
  CC [M]  drivers/net/can/spi/mcp251xfd/mcp251xfd-tef.o
  CC [M]  net/netfilter/xt_nfacct.o
  CC [M]  fs/nilfs2/bmap.o
  LD [M]  drivers/net/wireless/intel/iwlwifi/mvm/iwlmvm.o
  CC [M]  fs/udf/udftime.o
  CC [M]  drivers/net/wireless/intel/iwlwifi/pcie/drv.o
  CC [M]  drivers/net/wireless/intel/iwlwifi/pcie/rx.o
  CC [M]  drivers/net/wireless/mediatek/mt76/mt7921/sdio_mac.o
  CC [M]  drivers/hwmon/mcp3021.o
  CC [M]  drivers/net/wireless/mediatek/mt76/dma.o
  CC [M]  drivers/net/wireless/realtek/rtlwifi/rtl8192cu/led.o
  CC [M]  drivers/net/wireless/realtek/rtlwifi/btcoexist/halbtc8192e2ant.o
  CC      net/ceph/string_table.o
  CC [M]  net/netfilter/xt_osf.o
  CC [M]  fs/jfs/jfs_dtree.o
  CC [M]  drivers/hwmon/tc654.o
  CC [M]  drivers/hwmon/mr75203.o
  CC [M]  fs/nilfs2/btree.o
  CC [M]  fs/udf/unicode.o
  LD [M]  fs/ocfs2/cluster/ocfs2_nodemanager.o
  CC [M]  drivers/net/wireless/realtek/rtlwifi/btcoexist/halbtc8723b1ant.o
  CC [M]  drivers/net/ppp/ppp_generic.o
  CC [M]  drivers/net/wireless/realtek/rtlwifi/btcoexist/halbtc8723b2ant.o
  CC [M]  drivers/net/wireless/realtek/rtlwifi/rtl8723be/hw.o
  CC [M]  drivers/md/dm-snap-transient.o
  CC [M]  drivers/net/can/spi/mcp251xfd/mcp251xfd-timestamp.o
  CC      net/ceph/messenger_v1.o
  CC [M]  fs/ocfs2/dlm/dlmmaster.o
  CC [M]  drivers/net/wireless/mediatek/mt76/mac80211.o
  CC [M]  drivers/net/wireless/mediatek/mt76/debugfs.o
  CC [M]  fs/xfs/libxfs/xfs_dir2_block.o
  CC [M]  drivers/net/wireless/mediatek/mt76/mt7921/sdio_mcu.o
  CC [M]  drivers/net/wireless/realtek/rtlwifi/rtl8192cu/mac.o
  CC [M]  drivers/net/ppp/ppp_async.o
  CC [M]  drivers/net/ppp/bsd_comp.o
  CC [M]  drivers/net/wireless/intel/iwlwifi/pcie/tx.o
  CC [M]  drivers/hwmon/nct6683.o
  LD [M]  fs/udf/udf.o
  CC [M]  fs/xfs/libxfs/xfs_dir2_data.o
  CC [M]  fs/xfs/libxfs/xfs_dir2_leaf.o
  CC [M]  fs/xfs/libxfs/xfs_dir2_node.o
  CC [M]  net/netfilter/xt_owner.o
  CC [M]  drivers/md/dm-snap-persistent.o
  CC [M]  fs/ocfs2/dlm/dlmast.o
  CC [M]  fs/jfs/jfs_inode.o
  CC [M]  fs/nilfs2/direct.o
  CC [M]  drivers/net/ppp/ppp_deflate.o
  CC [M]  drivers/net/can/spi/mcp251xfd/mcp251xfd-tx.o
  CC [M]  fs/nilfs2/dat.o
  CC      net/ceph/messenger_v2.o
  CC [M]  drivers/net/wireless/mediatek/mt76/mt7921/usb.o
  CC [M]  drivers/net/wireless/realtek/rtlwifi/btcoexist/halbtc8821a1ant.o
  CC [M]  drivers/net/wireless/realtek/rtlwifi/rtl8723be/led.o
  CC [M]  drivers/net/wireless/realtek/rtlwifi/rtl8192cu/phy.o
  CC [M]  drivers/hwmon/nct6775-core.o
  CC [M]  drivers/net/wireless/realtek/rtlwifi/rtl8723be/phy.o
  CC [M]  fs/jfs/jfs_discard.o
  CC [M]  drivers/net/can/spi/mcp251xfd/mcp251xfd-dump.o
  CC [M]  drivers/net/wireless/mediatek/mt76/eeprom.o
  CC [M]  fs/ocfs2/dlm/dlmconvert.o
  CC [M]  drivers/md/dm-raid1.o
  CC [M]  fs/xfs/libxfs/xfs_dir2_sf.o
  CC [M]  drivers/md/dm-log.o
  CC [M]  net/netfilter/xt_cgroup.o
  CC [M]  drivers/net/ppp/ppp_mppe.o
  CC [M]  drivers/net/ppp/ppp_synctty.o
  CC [M]  fs/nilfs2/recovery.o
  CC [M]  drivers/net/wireless/realtek/rtlwifi/rtl8723com/main.o
  CC [M]  drivers/net/wireless/intel/iwlwifi/pcie/trans.o
  CC [M]  drivers/net/wireless/intel/iwlwifi/pcie/ctxt-info.o
  CC [M]  fs/nilfs2/the_nilfs.o
  CC [M]  fs/ocfs2/dlm/dlmlock.o
  CC [M]  net/netfilter/xt_physdev.o
  CC [M]  fs/jfs/jfs_extent.o
  CC [M]  drivers/net/wireless/mediatek/mt76/mt7921/usb_mac.o
  CC [M]  drivers/net/wireless/realtek/rtlwifi/rtl8723be/pwrseq.o
  CC [M]  drivers/net/wireless/realtek/rtlwifi/rtl8192cu/rf.o
  CC [M]  drivers/md/dm-region-hash.o
  LD [M]  drivers/net/can/spi/mcp251xfd/mcp251xfd.o
  CC [M]  drivers/net/can/spi/mcp251x.o
  CC [M]  drivers/net/wireless/realtek/rtlwifi/btcoexist/halbtc8821a2ant.o
  CC [M]  drivers/net/wireless/realtek/rtw88/main.o
  CC [M]  drivers/net/wireless/realtek/rtlwifi/rtl8723be/rf.o
  CC [M]  drivers/net/wireless/realtek/rtw88/mac80211.o
  CC [M]  drivers/net/wireless/realtek/rtlwifi/btcoexist/halbtcoutsrc.o
  CC [M]  fs/ocfs2/dlm/dlmunlock.o
  CC [M]  drivers/net/wireless/realtek/rtlwifi/rtl8723be/sw.o
  CC [M]  fs/jfs/symlink.o
  CC [M]  drivers/net/ppp/pppox.o
  CC [M]  drivers/net/wireless/realtek/rtlwifi/rtl8723com/dm_common.o
  CC [M]  fs/nilfs2/segbuf.o
  CC [M]  fs/xfs/libxfs/xfs_dquot_buf.o
  CC [M]  drivers/hwmon/nct6775-platform.o
  AR      net/ceph/built-in.a
  CC [M]  drivers/net/wireless/mediatek/mt76/tx.o
  CC [M]  fs/xfs/libxfs/xfs_ialloc.o
  CC [M]  fs/xfs/libxfs/xfs_ialloc_btree.o
  CC [M]  net/netfilter/xt_pkttype.o
  CC [M]  net/netfilter/xt_policy.o
  LD [M]  drivers/net/wireless/mediatek/mt76/mt7921/mt7921-common.o
  LD [M]  drivers/net/wireless/mediatek/mt76/mt7921/mt7921e.o
  LD [M]  drivers/net/wireless/mediatek/mt76/mt7921/mt7921s.o
  LD [M]  drivers/net/wireless/mediatek/mt76/mt7921/mt7921u.o
  CC [M]  drivers/net/wireless/realtek/rtlwifi/rtl8192cu/sw.o
  CC [M]  fs/jfs/jfs_metapage.o
  CC [M]  drivers/net/wireless/realtek/rtlwifi/rtl8192ee/dm.o
  CC [M]  drivers/net/wireless/intel/iwlwifi/pcie/ctxt-info-gen3.o
  CC [M]  drivers/net/wireless/intel/iwlwifi/pcie/trans-gen2.o
  CC [M]  fs/nilfs2/segment.o
  CC [M]  drivers/md/dm-log-userspace-base.o
  CC [M]  drivers/net/wireless/realtek/rtw89/core.o
  CC [M]  drivers/hwmon/nct7802.o
  CC [M]  drivers/net/can/softing/softing_main.o
  CC [M]  drivers/net/wireless/realtek/rtlwifi/rtl8723be/table.o
  CC [M]  fs/xfs/libxfs/xfs_iext_tree.o
  CC [M]  drivers/net/wireless/realtek/rtlwifi/rtl8723be/trx.o
  CC [M]  drivers/net/wireless/realtek/rtlwifi/btcoexist/rtl_btc.o
  CC [M]  fs/xfs/libxfs/xfs_inode_fork.o
  CC [M]  fs/xfs/libxfs/xfs_inode_buf.o
  CC [M]  drivers/net/wireless/realtek/rtlwifi/rtl8723com/fw_common.o
  CC [M]  drivers/net/ppp/pppoe.o
  LD [M]  fs/ocfs2/dlm/ocfs2_dlm.o
  CC [M]  drivers/net/wireless/realtek/rtlwifi/rtl8723com/phy_common.o
  CC [M]  drivers/md/dm-log-userspace-transfer.o
  CC [M]  fs/ocfs2/blockcheck.o
  CC [M]  net/netfilter/xt_quota.o
  CC [M]  fs/jfs/jfs_logmgr.o
  CC [M]  drivers/net/wireless/realtek/rtlwifi/rtl8192cu/table.o
  CC [M]  drivers/net/wireless/realtek/rtw88/util.o
  CC [M]  drivers/net/wireless/realtek/rtlwifi/rtl8192cu/trx.o
  CC [M]  drivers/net/wireless/realtek/rtw88/debug.o
  CC [M]  drivers/net/wireless/realtek/rtlwifi/rtl8192ee/fw.o
  CC [M]  drivers/net/wireless/realtek/rtlwifi/rtl8192ee/hw.o
  CC [M]  fs/ocfs2/buffer_head_io.o
  CC [M]  drivers/net/wireless/mediatek/mt76/agg-rx.o
  CC [M]  drivers/hwmon/nct7904.o
  CC [M]  drivers/net/wireless/intel/iwlwifi/pcie/tx-gen2.o
  CC [M]  drivers/net/can/softing/softing_fw.o
  CC [M]  drivers/hwmon/npcm750-pwm-fan.o
  CC [M]  drivers/hwmon/ntc_thermistor.o
  LD [M]  drivers/net/wireless/realtek/rtlwifi/rtl8723be/rtl8723be.o
  CC [M]  fs/ocfs2/dcache.o
  CC [M]  net/netfilter/xt_rateest.o
  CC [M]  fs/nilfs2/cpfile.o
  CC [M]  fs/gfs2/acl.o
  CC [M]  fs/xfs/libxfs/xfs_log_rlimit.o
  CC [M]  drivers/md/dm-zero.o
  CC [M]  fs/jfs/jfs_txnmgr.o
  CC [M]  fs/jfs/jfs_uniupr.o
  LD [M]  drivers/net/wireless/realtek/rtlwifi/btcoexist/btcoexist.o
  CC [M]  fs/jfs/resize.o
  CC [M]  fs/jfs/xattr.o
  LD [M]  drivers/net/wireless/realtek/rtlwifi/rtl8192cu/rtl8192cu.o
  CC [M]  drivers/net/wireless/realtek/rtw89/mac80211.o
  CC [M]  drivers/net/wireless/mediatek/mt76/mcu.o
  CC [M]  drivers/net/wireless/mediatek/mt76/pci.o
  CC [M]  drivers/net/wireless/mediatek/mt76/testmode.o
  CC [M]  drivers/hwmon/pc87360.o
  CC [M]  fs/ocfs2/dir.o
  LD [M]  drivers/net/wireless/realtek/rtlwifi/rtl8723com/rtl8723-common.o
  CC [M]  drivers/net/wireless/realtek/rtlwifi/rtl8192ee/led.o
  CC [M]  drivers/net/wireless/realtek/rtw88/tx.o
  CC [M]  drivers/net/wireless/realtek/rtlwifi/rtl8192ee/phy.o
  CC [M]  drivers/net/wireless/intel/iwlwifi/iwl-dbg-tlv.o
  CC [M]  drivers/net/wireless/intel/iwlwifi/iwl-trans.o
  LD [M]  drivers/net/can/softing/softing.o
  CC [M]  drivers/net/can/slcan/slcan-core.o
  CC [M]  drivers/md/dm-raid.o
  CC [M]  drivers/net/can/cc770/cc770.o
  CC [M]  fs/gfs2/bmap.o
  CC [M]  net/netfilter/xt_realm.o
  CC [M]  fs/ocfs2/dlmglue.o
  CC [M]  fs/jfs/ioctl.o
  CC [M]  fs/nilfs2/sufile.o
  CC [M]  fs/nilfs2/ifile.o
  CC [M]  fs/nilfs2/alloc.o
  CC [M]  fs/nilfs2/gcinode.o
  CC [M]  fs/xfs/libxfs/xfs_ag_resv.o
  CC [M]  fs/nilfs2/ioctl.o
  CC [M]  drivers/hwmon/pc87427.o
  CC [M]  drivers/net/wireless/realtek/rtlwifi/rtl8192ee/pwrseq.o
  CC [M]  fs/jfs/acl.o
  CC [M]  drivers/net/wireless/intel/iwlwifi/queue/tx.o
  CC [M]  net/netfilter/xt_recent.o
  CC [M]  net/netfilter/xt_sctp.o
  CC [M]  drivers/net/wireless/mediatek/mt76/usb.o
  CC [M]  drivers/net/wireless/realtek/rtw88/rx.o
  CC [M]  drivers/net/can/slcan/slcan-ethtool.o
  CC [M]  fs/nilfs2/sysfs.o
  CC [M]  fs/gfs2/dir.o
  CC [M]  fs/gfs2/xattr.o
  CC [M]  drivers/net/wireless/realtek/rtlwifi/rtl8192ee/rf.o
  CC [M]  drivers/net/wireless/realtek/rtw89/mac.o
  CC [M]  drivers/net/wireless/realtek/rtw89/phy.o
  CC [M]  drivers/net/wireless/realtek/rtlwifi/rtl8192ee/sw.o
  CC [M]  drivers/net/wireless/realtek/rtlwifi/rtl8192ee/table.o
  CC [M]  drivers/net/wireless/realtek/rtw88/mac.o
  CC [M]  drivers/md/dm-thin.o
  CC [M]  drivers/hwmon/pcf8591.o
  CC [M]  drivers/net/wireless/realtek/rtlwifi/rtl8192ee/trx.o
  CC [M]  drivers/hwmon/powr1220.o
  LD [M]  fs/jfs/jfs.o
  CC [M]  fs/xfs/libxfs/xfs_rmap.o
  CC [M]  drivers/net/can/cc770/cc770_isa.o
  CC [M]  fs/ocfs2/export.o
  CC [M]  fs/ceph/super.o
  CC [M]  drivers/net/can/cc770/cc770_platform.o
  CC [M]  drivers/net/wireless/realtek/rtlwifi/base.o
  LD [M]  fs/nilfs2/nilfs2.o
  LD [M]  drivers/net/can/slcan/slcan.o
  CC [M]  drivers/net/wireless/intel/iwlwifi/fw/img.o
  CC [M]  drivers/net/wireless/intel/iwlwifi/fw/notif-wait.o
  CC [M]  drivers/net/wireless/intel/iwlwifi/fw/rs.o
  CC [M]  fs/ceph/inode.o
  CC [M]  net/netfilter/xt_socket.o
  CC [M]  drivers/md/dm-thin-metadata.o
  CC [M]  fs/ocfs2/extent_map.o
  CC [M]  drivers/hwmon/pwm-fan.o
  CC [M]  fs/gfs2/glock.o
  CC [M]  fs/ocfs2/file.o
  CC [M]  fs/ocfs2/heartbeat.o
  CC [M]  drivers/net/slip/slhc.o
  CC [M]  drivers/net/wireless/realtek/rtw88/phy.o
  CC [M]  drivers/net/can/c_can/c_can_ethtool.o
  LD [M]  drivers/net/wireless/realtek/rtlwifi/rtl8192ee/rtl8192ee.o
  CC [M]  drivers/net/can/c_can/c_can_main.o
  CC [M]  drivers/net/can/m_can/m_can.o
  CC [M]  drivers/md/dm-verity-target.o
  CC [M]  fs/gfs2/glops.o
  CC [M]  drivers/net/wireless/mediatek/mt76/usb_trace.o
  CC [M]  drivers/net/wireless/intel/iwlwifi/fw/dbg.o
  CC [M]  fs/xfs/libxfs/xfs_rmap_btree.o
  CC [M]  drivers/hwmon/sch56xx-common.o
  CC [M]  drivers/net/wireless/realtek/rtw89/fw.o
  CC [M]  drivers/hwmon/sch5627.o
  CC [M]  net/netfilter/xt_state.o
  CC [M]  net/netfilter/xt_statistic.o
  CC [M]  fs/ocfs2/inode.o
  CC [M]  drivers/hwmon/sch5636.o
  CC [M]  fs/ocfs2/ioctl.o
  CC [M]  drivers/net/wireless/realtek/rtlwifi/cam.o
  CC [M]  drivers/net/wireless/intel/iwlwifi/fw/pnvm.o
  CC [M]  fs/xfs/libxfs/xfs_refcount.o
  CC [M]  fs/ceph/dir.o
  CC [M]  fs/xfs/libxfs/xfs_refcount_btree.o
  CC [M]  drivers/md/dm-cache-target.o
  CC      fs/open.o
  CC [M]  drivers/net/wireless/mediatek/mt76/sdio.o
  CC      fs/read_write.o
  CC      fs/file_table.o
  CC [M]  fs/gfs2/log.o
  CC      fs/super.o
  CC [M]  drivers/net/can/c_can/c_can_platform.o
  CC [M]  drivers/net/wireless/realtek/rtw88/coex.o
  CC [M]  fs/ceph/file.o
  CC [M]  drivers/hwmon/sht15.o
  CC [M]  drivers/hwmon/sht21.o
  CC [M]  drivers/hwmon/sht3x.o
  CC [M]  drivers/net/wireless/realtek/rtw88/efuse.o
  CC [M]  net/netfilter/xt_string.o
  CC [M]  fs/xfs/libxfs/xfs_sb.o
  CC [M]  fs/ocfs2/journal.o
  CC [M]  drivers/net/wireless/intel/iwlwifi/fw/dump.o
  CC      fs/char_dev.o
  CC [M]  drivers/net/wireless/realtek/rtlwifi/core.o
  CC [M]  drivers/net/wireless/mediatek/mt76/sdio_txrx.o
  CC [M]  drivers/md/dm-cache-metadata.o
  CC [M]  drivers/md/dm-cache-policy.o
  CC [M]  fs/xfs/libxfs/xfs_symlink_remote.o
  CC      drivers/net/mii.o
  CC      fs/stat.o
  CC [M]  fs/gfs2/lops.o
  CC [M]  drivers/hwmon/shtc1.o
  CC [M]  drivers/net/wireless/realtek/rtw88/fw.o
  CC [M]  drivers/net/can/c_can/c_can_pci.o
  CC [M]  net/netfilter/xt_tcpmss.o
  CC [M]  fs/ceph/locks.o
  CC      fs/exec.o
  CC      fs/pipe.o
  CC [M]  fs/xfs/libxfs/xfs_trans_inode.o
  CC [M]  drivers/net/wireless/realtek/rtw88/ps.o
  CC [M]  drivers/net/wireless/realtek/rtw89/cam.o
  CC [M]  drivers/net/wireless/realtek/rtw88/sec.o
  CC [M]  drivers/md/dm-cache-background-tracker.o
  CC [M]  fs/xfs/libxfs/xfs_trans_resv.o
  CC [M]  drivers/net/wireless/intel/iwlwifi/cfg/1000.o
  CC [M]  drivers/hwmon/sis5595.o
  CC [M]  fs/ocfs2/localalloc.o
  CC [M]  drivers/hwmon/smm665.o
  CC [M]  drivers/hwmon/smsc47b397.o
  CC [M]  net/netfilter/xt_time.o
  CC [M]  fs/gfs2/main.o
  CC [M]  fs/ceph/addr.o
  LD [M]  drivers/net/can/c_can/c_can.o
  CC [M]  drivers/net/can/sja1000/ems_pci.o
  CC [M]  drivers/hwmon/smsc47m1.o
  CC [M]  fs/gfs2/meta_io.o
  CC [M]  fs/gfs2/aops.o
  CC      net/switchdev/switchdev.o
  CC [M]  drivers/net/wireless/mediatek/mt76/mt76x02_util.o
  CC [M]  fs/ceph/ioctl.o
  CC [M]  drivers/md/dm-cache-policy-smq.o
  CC [M]  drivers/net/wireless/realtek/rtlwifi/debug.o
  CC [M]  drivers/net/wireless/intel/iwlwifi/cfg/2000.o
  CC [M]  drivers/net/wireless/realtek/rtw88/bf.o
  CC [M]  drivers/net/wireless/realtek/rtw89/efuse.o
  CC      fs/namei.o
  CC [M]  fs/xfs/libxfs/xfs_types.o
  CC [M]  drivers/net/wireless/realtek/rtw89/regd.o
  CC [M]  drivers/net/wireless/realtek/rtw89/sar.o
  CC [M]  drivers/hwmon/smsc47m192.o
  CC [M]  fs/gfs2/dentry.o
  CC [M]  fs/gfs2/export.o
  CC      fs/fcntl.o
  CC [M]  net/netfilter/xt_u32.o
  CC [M]  fs/gfs2/file.o
  CC [M]  fs/gfs2/ops_fstype.o
  CC [M]  fs/ocfs2/locks.o
  CC [M]  drivers/net/can/sja1000/kvaser_pci.o
  CC [M]  fs/ocfs2/mmap.o
  CC [M]  fs/ocfs2/namei.o
  CC [M]  fs/ocfs2/refcounttree.o
  CC [M]  drivers/md/dm-era-target.o
  CC [M]  drivers/net/wireless/intel/iwlwifi/cfg/5000.o
  CC [M]  fs/xfs/libxfs/xfs_rtbitmap.o
  CC [M]  fs/ceph/export.o
  CC [M]  fs/ceph/caps.o
  CC [M]  drivers/net/wireless/mediatek/mt76/mt76x02_mac.o
  CC [M]  drivers/hwmon/stts751.o
  CC [M]  drivers/net/wireless/realtek/rtw88/sar.o
  CC [M]  fs/ocfs2/reservations.o
  CC [M]  drivers/md/dm-log-writes.o
  AR      net/switchdev/built-in.a
  CC      net/l3mdev/l3mdev.o
  CC [M]  fs/gfs2/inode.o
  CC [M]  drivers/net/wireless/realtek/rtlwifi/efuse.o
  CC [M]  drivers/net/wireless/mediatek/mt76/mt76x02_mcu.o
  CC [M]  drivers/net/wireless/realtek/rtw88/regd.o
  CC [M]  fs/ocfs2/move_extents.o
  CC [M]  fs/ocfs2/resize.o
  CC [M]  drivers/net/wireless/realtek/rtlwifi/ps.o
  CC [M]  drivers/net/wireless/realtek/rtw89/coex.o
  CC [M]  drivers/net/can/sja1000/peak_pci.o
  CC [M]  drivers/net/wireless/intel/iwlwifi/cfg/6000.o
  CC [M]  fs/xfs/xfs_aops.o
  CC [M]  fs/xfs/xfs_attr_inactive.o
  LD [M]  net/netfilter/nf_conntrack.o
  CC [M]  fs/xfs/xfs_attr_list.o
  LD [M]  net/netfilter/nf_conntrack_h323.o
  LD [M]  net/netfilter/nf_nat.o
  LD [M]  net/netfilter/nf_tables.o
  LD [M]  net/netfilter/nf_flow_table.o
  CC [M]  drivers/hwmon/amc6821.o
  AR      net/netfilter/built-in.a
  CC [M]  drivers/hwmon/tc74.o
  CC [M]  drivers/net/wireless/intel/iwlwifi/cfg/7000.o
  LD [M]  drivers/md/linear.o
  LD [M]  drivers/md/raid456.o
  LD [M]  drivers/md/multipath.o
  CC [M]  drivers/net/wireless/intel/iwlwifi/cfg/8000.o
  LD [M]  drivers/md/faulty.o
  LD [M]  drivers/md/md-mod.o
  LD [M]  drivers/md/dm-mod.o
  CC [M]  fs/gfs2/quota.o
  LD [M]  drivers/md/dm-bio-prison.o
  LD [M]  drivers/md/dm-multipath.o
  LD [M]  drivers/md/dm-round-robin.o
  LD [M]  drivers/md/dm-queue-length.o
  CC [M]  fs/ocfs2/slot_map.o
  LD [M]  drivers/md/dm-service-time.o
  LD [M]  drivers/md/dm-snapshot.o
  LD [M]  drivers/md/dm-mirror.o
  LD [M]  drivers/md/dm-log-userspace.o
  LD [M]  drivers/md/dm-thin-pool.o
  LD [M]  drivers/md/dm-verity.o
  LD [M]  drivers/md/dm-cache.o
  LD [M]  drivers/md/dm-cache-smq.o
  LD [M]  drivers/md/dm-era.o
  AR      drivers/md/built-in.a
  CC [M]  fs/ocfs2/suballoc.o
  CC [M]  fs/gfs2/recovery.o
  CC [M]  drivers/net/wireless/realtek/rtw88/wow.o
  AR      net/l3mdev/built-in.a
  CC      net/ncsi/ncsi-cmd.o
  CC      net/mptcp/protocol.o
  CC      net/mptcp/subflow.o
  CC [M]  drivers/net/can/sja1000/plx_pci.o
  CC [M]  drivers/net/wireless/realtek/rtlwifi/rc.o
  CC [M]  drivers/net/can/sja1000/sja1000.o
  CC [M]  drivers/net/can/sja1000/sja1000_isa.o
  CC [M]  fs/ceph/snap.o
  CC [M]  drivers/net/can/sja1000/sja1000_platform.o
  CC [M]  drivers/net/wireless/mediatek/mt76/mt76x02_eeprom.o
  CC [M]  drivers/net/wireless/mediatek/mt76/mt76x02_phy.o
  CC [M]  drivers/hwmon/thmc50.o
  CC      net/ncsi/ncsi-rsp.o
  AR      drivers/net/wireless/ti/built-in.a
  CC [M]  drivers/net/can/vcan.o
  CC [M]  drivers/net/wireless/intel/iwlwifi/cfg/9000.o
  CC [M]  fs/xfs/xfs_bmap_util.o
  CC [M]  drivers/net/wireless/intel/iwlwifi/cfg/22000.o
  CC [M]  fs/xfs/xfs_bio_io.o
  CC [M]  fs/xfs/xfs_buf.o
  CC [M]  drivers/net/wireless/realtek/rtlwifi/regd.o
  CC [M]  fs/gfs2/rgrp.o
  AR      drivers/net/wireless/zydas/built-in.a
  CC [M]  drivers/net/wireless/zydas/zd1201.o
  CC [M]  drivers/net/wireless/realtek/rtw88/rtw8822b.o
  CC [M]  drivers/net/wireless/realtek/rtw89/ps.o
  CC [M]  drivers/hwmon/tmp102.o
  CC [M]  drivers/net/wireless/intel/iwlwifi/fw/paging.o
  CC [M]  drivers/net/wireless/intel/iwlwifi/fw/smem.o
  CC [M]  fs/ocfs2/super.o
  CC [M]  drivers/net/wireless/mediatek/mt76/mt76x02_mmio.o
  CC [M]  drivers/net/wireless/mediatek/mt76/mt76x02_txrx.o
  CC [M]  drivers/hwmon/tmp103.o
  CC [M]  drivers/net/wireless/realtek/rtw89/chan.o
  CC [M]  fs/ceph/xattr.o
  AR      drivers/net/wireless/realtek/built-in.a
  CC [M]  net/llc/llc_core.o
  CC [M]  drivers/net/wireless/realtek/rtw88/rtw8822b_table.o
  CC      net/ncsi/ncsi-aen.o
  CC [M]  drivers/net/wireless/realtek/rtlwifi/stats.o
  CC [M]  drivers/net/wireless/mediatek/mt76/mt76x02_trace.o
  CC [M]  drivers/net/can/grcan.o
  CC      net/mptcp/options.o
  CC [M]  drivers/net/can/xilinx_can.o
  CC [M]  drivers/hwmon/tmp108.o
  CC [M]  fs/gfs2/super.o
  CC      net/mptcp/token.o
  CC      net/mptcp/crypto.o
  CC      net/mptcp/ctrl.o
  CC [M]  fs/xfs/xfs_dir2_readdir.o
  CC [M]  drivers/net/wireless/intel/iwlwifi/fw/init.o
/bin/sh: 1: cd: can't cd to drivers/net/wireless/uwe5622/unisocwcn/
  CC      drivers/net/wireless/uwe5622/unisocwcn/wcn_bus.o
  CC [M]  drivers/net/wireless/realtek/rtw89/ser.o
  CC      net/ncsi/ncsi-manage.o
  CC      net/ncsi/ncsi-netlink.o
  CC [M]  fs/ceph/quota.o
  CC      fs/ioctl.o
  CC [M]  drivers/net/wireless/realtek/rtw88/rtw8822be.o
  CC      fs/readdir.o
  CC [M]  net/llc/llc_input.o
  CC [M]  drivers/hwmon/tmp401.o
  CC [M]  drivers/hwmon/tmp421.o
  CC      drivers/net/loopback.o
  CC      drivers/net/wireless/uwe5622/unisocwcn/platform/wcn_boot.o
  CC [M]  drivers/net/wireless/mediatek/mt76/mt76x02_debugfs.o
  CC      drivers/net/wireless/uwe5622/unisocwcn/platform/wcn_dump.o
  CC [M]  fs/gfs2/sys.o
  CC [M]  fs/gfs2/trans.o
  CC [M]  fs/gfs2/util.o
  CC [M]  drivers/net/wireless/realtek/rtlwifi/pci.o
  CC [M]  drivers/net/wireless/intel/iwlwifi/fw/uefi.o
  CC [M]  fs/xfs/xfs_discard.o
  CC [M]  fs/ceph/io.o
  CC [M]  drivers/net/wireless/realtek/rtw88/rtw8822bs.o
  CC [M]  drivers/net/wireless/realtek/rtw89/acpi.o
  CC [M]  drivers/net/wireless/intel/iwlwifi/iwl-devtrace.o
  CC [M]  net/llc/llc_output.o
  CC      net/mptcp/pm.o
  CC [M]  drivers/hwmon/tmp513.o
  CC      fs/select.o
  CC      fs/dcache.o
  CC [M]  fs/gfs2/lock_dlm.o
  CC [M]  drivers/net/wireless/rockchip_wlan/rkwifi/bcmdhd/aiutils.o
  CC [M]  drivers/net/wireless/rockchip_wlan/rkwifi/bcmdhd/siutils.o
  CC      net/mptcp/diag.o
  CC [M]  drivers/hwmon/via686a.o
  CC [M]  drivers/hwmon/vt1211.o
  CC      drivers/net/wireless/uwe5622/unisocwcn/platform/bufring.o
  CC [M]  drivers/net/wireless/mediatek/mt76/mt76x02_dfs.o
  CC [M]  drivers/net/wireless/mediatek/mt76/mt76x02_beacon.o
  CC [M]  drivers/net/dummy.o
  AR      net/ncsi/built-in.a
  CC [M]  drivers/net/eql.o
  CC [M]  fs/xfs/xfs_error.o
  CC [M]  fs/ceph/mds_client.o
  CC [M]  drivers/net/wireless/realtek/rtw88/rtw8822bu.o
  CC [M]  net/llc/llc_if.o
  CC [M]  net/llc/llc_c_ev.o
  CC [M]  drivers/net/wireless/realtek/rtw89/wow.o
  CC      drivers/net/wireless/uwe5622/unisocwcn/platform/wcn_txrx.o
  CC [M]  fs/xfs/xfs_export.o
  CC      drivers/net/wireless/uwe5622/unisocwcn/platform/wcn_op.o
  LD [M]  fs/gfs2/gfs2.o
  CC [M]  drivers/hwmon/vt8231.o
  CC [M]  net/llc/llc_c_ac.o
  CC      fs/inode.o
  CC [M]  drivers/net/wireless/realtek/rtlwifi/usb.o
  CC      net/mptcp/mib.o
  LD [M]  drivers/net/wireless/realtek/rtlwifi/rtlwifi.o
  CC      drivers/net/wireless/uwe5622/unisocwcn/platform/wcn_parn_parser.o
  CC [M]  fs/ocfs2/symlink.o
  CC      drivers/net/wireless/uwe5622/unisocwcn/platform/rdc_debug.o
  CC      drivers/net/wireless/uwe5622/unisocwcn/platform/wcn_log.o
  CC [M]  drivers/net/wireless/realtek/rtw89/rtw8852a.o
  CC [M]  fs/ocfs2/sysfile.o
  CC      fs/attr.o
  CC [M]  drivers/net/wireless/realtek/rtw88/rtw8822c.o
  CC [M]  drivers/net/wireless/realtek/rtw89/rtw8852a_table.o
  CC [M]  drivers/net/wireless/rockchip_wlan/rkwifi/bcmdhd/sbutils.o
  CC [M]  net/llc/llc_conn.o
  CC [M]  fs/xfs/xfs_extent_busy.o
  CC [M]  fs/xfs/xfs_file.o
  CC [M]  drivers/hwmon/w83627ehf.o
  CC [M]  drivers/net/wireless/realtek/rtw89/rtw8852a_rfk.o
  CC [M]  drivers/net/wireless/mediatek/mt76/mt76x02_usb_mcu.o
  LD [M]  drivers/net/wireless/intel/iwlwifi/iwlwifi.o
  CC [M]  net/tls/tls_main.o
  CC [M]  net/tls/tls_sw.o
  CC [M]  net/tls/tls_proc.o
  CC [M]  fs/ocfs2/uptodate.o
  CC      drivers/net/wireless/uwe5622/unisocwcn/platform/wcn_misc.o
  CC [M]  drivers/net/wireless/mediatek/mt76/mt76x02_usb_core.o
  CC [M]  fs/ocfs2/quota_local.o
  CC      net/mptcp/pm_netlink.o
  CC      drivers/net/wireless/uwe5622/unisocwcn/platform/wcn_procfs.o
  CC      fs/bad_inode.o
  LD [M]  drivers/net/wireless/realtek/rtlwifi/rtl_pci.o
  CC [M]  fs/ceph/mdsmap.o
  CC [M]  fs/xfs/xfs_filestream.o
  LD [M]  drivers/net/wireless/realtek/rtlwifi/rtl_usb.o
  CC [M]  drivers/net/wireless/rockchip_wlan/rkwifi/bcmdhd/bcmutils.o
  CC [M]  drivers/net/wireless/rockchip_wlan/rkwifi/bcmdhd/bcmwifi_channels.o
  CC [M]  drivers/net/wireless/rockchip_wlan/rkwifi/bcmdhd/bcmxtlv.o
  CC [M]  drivers/net/wireless/rockchip_wlan/rkwifi/bcmdhd/bcm_app_utils.o
  CC [M]  net/llc/llc_c_st.o
  CC [M]  drivers/hwmon/w83l785ts.o
  CC [M]  drivers/hwmon/w83l786ng.o
  CC [M]  drivers/net/wireless/realtek/rtw89/rtw8852a_rfk_table.o
  CC      fs/file.o
  CC [M]  net/tls/trace.o
  CC [M]  drivers/net/wireless/mediatek/mt76/mt76_connac_mcu.o
  CC [M]  drivers/net/wireless/mediatek/mt76/mt76_connac_mac.o
  CC [M]  fs/xfs/xfs_fsmap.o
  CC      drivers/net/wireless/uwe5622/unisocwcn/platform/loopcheck.o
  CC [M]  drivers/net/wireless/realtek/rtw88/rtw8822c_table.o
  CC [M]  fs/ocfs2/quota_global.o
  CC      fs/filesystems.o
  LD [M]  drivers/net/wireless/mediatek/mt76/mt76.o
  LD [M]  drivers/net/wireless/mediatek/mt76/mt76-usb.o
  CC [M]  net/llc/llc_pdu.o
  CC [M]  fs/ceph/strings.o
  CC [M]  fs/ocfs2/xattr.o
  CC [M]  fs/ocfs2/acl.o
  CC [M]  drivers/net/wireless/rockchip_wlan/rkwifi/bcmdhd/bcmstdlib_s.o
  LD [M]  drivers/net/wireless/mediatek/mt76/mt76-sdio.o
  CC [M]  drivers/net/wireless/realtek/rtw89/rtw8852ae.o
  CC [M]  net/llc/llc_sap.o
  CC [M]  net/llc/llc_s_ac.o
  CC [M]  net/llc/llc_s_ev.o
  CC [M]  fs/xfs/xfs_fsops.o
  CC [M]  drivers/net/wireless/rockchip_wlan/rkwifi/bcmdhd/dhd_linux.o
  CC      fs/namespace.o
  CC [M]  net/tls/tls_strp.o
  CC      drivers/net/wireless/uwe5622/unisocwcn/platform/wcn_swd_dp.o
  CC [M]  fs/ceph/ceph_frag.o
  CC      net/mptcp/sockopt.o
  CC [M]  net/tls/tls_toe.o
  CC      drivers/net/wireless/uwe5622/unisocwcn/sdio/sdiohal_main.o
  CC [M]  drivers/net/wireless/realtek/rtw88/rtw8822ce.o
  LD [M]  drivers/net/wireless/mediatek/mt76/mt76x02-lib.o
  CC [M]  fs/ocfs2/filecheck.o
  CC      drivers/net/wireless/uwe5622/unisocwcn/sdio/sdiohal_common.o
  CC [M]  net/key/af_key.o
  LD [M]  drivers/net/wireless/mediatek/mt76/mt76x02-usb.o
  CC [M]  drivers/net/wireless/rockchip_wlan/rkwifi/bcmdhd/dhd_linux_platdev.o
  CC [M]  drivers/net/wireless/realtek/rtw89/rtw8852b.o
  LD [M]  drivers/hwmon/nct6775.o
  CC [M]  net/llc/llc_s_st.o
  AR      drivers/hwmon/built-in.a
  CC [M]  drivers/net/wireless/realtek/rtw89/rtw8852b_table.o
  CC [M]  fs/ceph/debugfs.o
  CC      drivers/net/wireless/uwe5622/unisocwcn/sdio/sdiohal_tx.o
  CC [M]  net/bridge/netfilter/nft_meta_bridge.o
  CC [M]  net/bridge/netfilter/nft_reject_bridge.o
  CC      net/mptcp/pm_userspace.o
  CC [M]  net/llc/af_llc.o
  CC [M]  fs/xfs/xfs_globals.o
  CC [M]  net/llc/llc_station.o
  LD [M]  drivers/net/wireless/mediatek/mt76/mt76-connac-lib.o
  CC [M]  net/bridge/netfilter/nf_conntrack_bridge.o
  CC [M]  net/bridge/netfilter/ebtables.o
  CC [M]  net/bridge/netfilter/ebtable_broute.o
  CC [M]  drivers/net/wireless/realtek/rtw88/rtw8822cs.o
  CC [M]  net/appletalk/aarp.o
  CC [M]  net/tls/tls_device.o
  CC [M]  net/tls/tls_device_fallback.o
  CC [M]  fs/xfs/xfs_health.o
  CC [M]  fs/ceph/util.o
  CC      drivers/net/wireless/uwe5622/unisocwcn/sdio/sdiohal_rx.o
  CC      drivers/net/wireless/uwe5622/unisocwcn/sdio/sdio_v3.o
  CC [M]  net/llc/llc_proc.o
  CC [M]  fs/ocfs2/stackglue.o
  CC      fs/seq_file.o
  CC [M]  net/appletalk/ddp.o
  CC [M]  net/llc/sysctl_net_llc.o
  CC [M]  net/x25/af_x25.o
  CC      net/mptcp/syncookies.o
  CC [M]  drivers/net/wireless/realtek/rtw89/rtw8852b_rfk.o
  CC [M]  drivers/net/wireless/realtek/rtw89/rtw8852b_rfk_table.o
  LD [M]  net/llc/llc.o
  CC [M]  drivers/net/wireless/uwe5622/unisocwifi/main.o
  CC [M]  fs/ocfs2/stack_o2cb.o
  CC [M]  drivers/net/wireless/realtek/rtw88/rtw8822cu.o
  CC [M]  fs/ceph/metric.o
  CC [M]  net/bridge/netfilter/ebtable_filter.o
  CC [M]  net/bridge/br.o
  CC [M]  net/appletalk/dev.o
  CC [M]  drivers/net/wireless/realtek/rtw89/rtw8852be.o
  CC [M]  fs/xfs/xfs_icache.o
  CC      drivers/net/wireless/uwe5622/unisocwcn/sdio/sdiohal_ctl.o
  CC      drivers/net/wireless/uwe5622/unisocwcn/sleep/sdio_int.o
  LD [M]  net/llc/llc2.o
  CC [M]  net/bridge/netfilter/ebtable_nat.o
/home/wanpublic/ubuntu-rockchip/build/linux-rockchip/drivers/net/wireless/uwe5622/unisocwifi/main.c: In function 'sprdwl_set_mac':
/home/wanpublic/ubuntu-rockchip/build/linux-rockchip/drivers/net/wireless/uwe5622/unisocwifi/main.c:947:35: warning: passing argument 1 of 'memcpy' discards 'const' qualifier from pointer target type [-Wdiscarded-qualifiers]
  947 |                         memcpy(dev->dev_addr, sa->sa_data, ETH_ALEN);
      |                                ~~~^~~~~~~~~~
In file included from /home/wanpublic/ubuntu-rockchip/build/linux-rockchip/include/linux/string.h:60,
                 from /home/wanpublic/ubuntu-rockchip/build/linux-rockchip/include/linux/bitmap.h:11,
                 from /home/wanpublic/ubuntu-rockchip/build/linux-rockchip/include/linux/cpumask.h:12,
                 from /home/wanpublic/ubuntu-rockchip/build/linux-rockchip/include/linux/smp.h:13,
                 from /home/wanpublic/ubuntu-rockchip/build/linux-rockchip/arch/arm64/include/asm/arch_timer.h:18,
                 from /home/wanpublic/ubuntu-rockchip/build/linux-rockchip/arch/arm64/include/asm/timex.h:8,
                 from /home/wanpublic/ubuntu-rockchip/build/linux-rockchip/include/linux/timex.h:67,
                 from /home/wanpublic/ubuntu-rockchip/build/linux-rockchip/include/linux/time32.h:13,
                 from /home/wanpublic/ubuntu-rockchip/build/linux-rockchip/include/linux/time.h:60,
                 from /home/wanpublic/ubuntu-rockchip/build/linux-rockchip/arch/arm64/include/asm/stat.h:12,
                 from /home/wanpublic/ubuntu-rockchip/build/linux-rockchip/include/linux/stat.h:6,
                 from /home/wanpublic/ubuntu-rockchip/build/linux-rockchip/include/linux/module.h:13,
                 from /home/wanpublic/ubuntu-rockchip/build/linux-rockchip/drivers/net/wireless/uwe5622/unisocwifi/sprdwl.h:21,
                 from /home/wanpublic/ubuntu-rockchip/build/linux-rockchip/drivers/net/wireless/uwe5622/unisocwifi/main.c:18:
/home/wanpublic/ubuntu-rockchip/build/linux-rockchip/arch/arm64/include/asm/string.h:35:21: note: expected 'void *' but argument is of type 'const unsigned char *'
   35 | extern void *memcpy(void *, const void *, __kernel_size_t);
      |                     ^~~~~~
/home/wanpublic/ubuntu-rockchip/build/linux-rockchip/drivers/net/wireless/uwe5622/unisocwifi/main.c:952:35: warning: passing argument 1 of 'memcpy' discards 'const' qualifier from pointer target type [-Wdiscarded-qualifiers]
  952 |                         memcpy(dev->dev_addr, vif->mac, ETH_ALEN);
      |                                ~~~^~~~~~~~~~
/home/wanpublic/ubuntu-rockchip/build/linux-rockchip/arch/arm64/include/asm/string.h:35:21: note: expected 'void *' but argument is of type 'const unsigned char *'
   35 | extern void *memcpy(void *, const void *, __kernel_size_t);
      |                     ^~~~~~
/home/wanpublic/ubuntu-rockchip/build/linux-rockchip/drivers/net/wireless/uwe5622/unisocwifi/main.c: In function 'sprdwl_register_netdev':
/home/wanpublic/ubuntu-rockchip/build/linux-rockchip/drivers/net/wireless/uwe5622/unisocwifi/main.c:1451:44: warning: passing argument 3 of 'sprdwl_set_mac_addr' discards 'const' qualifier from pointer target type [-Wdiscarded-qualifiers]
 1451 |         sprdwl_set_mac_addr(vif, addr, ndev->dev_addr);
      |                                        ~~~~^~~~~~~~~~
/home/wanpublic/ubuntu-rockchip/build/linux-rockchip/drivers/net/wireless/uwe5622/unisocwifi/main.c:1070:37: note: expected 'u8 *' {aka 'unsigned char *'} but argument is of type 'const unsigned char *'
 1070 |                                 u8 *addr)
      |                                 ~~~~^~~~
  CC [M]  net/bridge/netfilter/ebt_802_3.o
/home/wanpublic/ubuntu-rockchip/build/linux-rockchip/drivers/net/wireless/uwe5622/unisocwifi/main.c: In function 'sprdwl_set_mac_addr':
/home/wanpublic/ubuntu-rockchip/build/linux-rockchip/drivers/net/wireless/uwe5622/unisocwifi/main.c:1120:25: warning: this statement may fall through [-Wimplicit-fallthrough=]
 1120 |                 addr[4] ^= 0x80;
      |                 ~~~~~~~~^~~~~~~
/home/wanpublic/ubuntu-rockchip/build/linux-rockchip/drivers/net/wireless/uwe5622/unisocwifi/main.c:1121:9: note: here
 1121 |         case NL80211_IFTYPE_P2P_DEVICE:
      |         ^~~~
  CC      fs/xattr.o
  CC [M]  drivers/net/wireless/rockchip_wlan/rkwifi/bcmdhd/dhd_linux_sched.o
  CC [M]  drivers/net/wireless/realtek/rtw89/rtw8852c.o
  CC [M]  drivers/net/wireless/rockchip_wlan/rkwifi/bcmdhd/dhd_pno.o
  CC [M]  net/bridge/br_device.o
  CC      net/mptcp/bpf.o
  LD [M]  fs/ocfs2/ocfs2.o
  CC [M]  net/x25/x25_dev.o
  LD [M]  fs/ocfs2/ocfs2_stackglue.o
  LD [M]  fs/ocfs2/ocfs2_stack_o2cb.o
  CC [M]  fs/ceph/acl.o
  CC [M]  net/appletalk/atalk_proc.o
  CC [M]  drivers/net/wireless/realtek/rtw88/rtw8723d.o
  CC [M]  net/bridge/netfilter/ebt_among.o
  CC [M]  net/x25/x25_facilities.o
  CC [M]  net/x25/x25_in.o
  LD [M]  net/tls/tls.o
  CC [M]  drivers/net/wireless/uwe5622/unisocwifi/cfg80211.o
  CC [M]  net/lapb/lapb_in.o
  CC [M]  net/lapb/lapb_out.o
  CC [M]  net/can/af_can.o
  CC      drivers/net/wireless/uwe5622/unisocwcn/sleep/slp_mgr.o
  CC [M]  net/bridge/br_fdb.o
  CC [M]  net/bridge/br_forward.o
  CC      drivers/net/wireless/uwe5622/unisocwcn/sleep/slp_sdio.o
  CC      fs/libfs.o
  CC      drivers/net/wireless/uwe5622/unisocwcn/sleep/slp_test.o
  CC [M]  drivers/net/wireless/rockchip_wlan/rkwifi/bcmdhd/dhd_common.o
  CC [M]  net/atm/addr.o
  LD [M]  fs/ceph/ceph.o
  CC [M]  net/mptcp/mptcp_diag.o
  CC [M]  net/bridge/br_if.o
  CC [M]  net/bridge/br_input.o
  CC [M]  net/appletalk/sysctl_net_atalk.o
  CC [M]  net/bridge/br_ioctl.o
  CC [M]  fs/xfs/xfs_ioctl.o
/home/wanpublic/ubuntu-rockchip/build/linux-rockchip/drivers/net/wireless/uwe5622/unisocwifi/cfg80211.c: In function 'sprdwl_init_fw':
/home/wanpublic/ubuntu-rockchip/build/linux-rockchip/drivers/net/wireless/uwe5622/unisocwifi/cfg80211.c:432:21: warning: assignment discards 'const' qualifier from pointer target type [-Wdiscarded-qualifiers]
  432 |                 mac = vif->ndev->dev_addr;
      |                     ^
/home/wanpublic/ubuntu-rockchip/build/linux-rockchip/drivers/net/wireless/uwe5622/unisocwifi/cfg80211.c: In function 'sprdwl_cfg80211_disconnect':
/home/wanpublic/ubuntu-rockchip/build/linux-rockchip/drivers/net/wireless/uwe5622/unisocwifi/cfg80211.c:1756:17: warning: unused variable 'kt' [-Wunused-variable]
 1756 |         ktime_t kt;
      |                 ^~
/home/wanpublic/ubuntu-rockchip/build/linux-rockchip/drivers/net/wireless/uwe5622/unisocwifi/cfg80211.c:1755:13: warning: unused variable 'msec' [-Wunused-variable]
 1755 |         u32 msec;
      |             ^~~~
  CC [M]  net/bridge/netfilter/ebt_arp.o
  CC [M]  net/x25/x25_link.o
  CC [M]  net/x25/x25_out.o
  CC [M]  net/lapb/lapb_subr.o
  CC [M]  drivers/net/ifb.o
  CC      drivers/net/wireless/uwe5622/unisocwcn/platform/mem_pd_mgr.o
  CC [M]  net/can/proc.o
  CC [M]  net/can/raw.o
  CC [M]  net/bridge/br_stp.o
  CC [M]  drivers/net/wireless/realtek/rtw89/rtw8852c_table.o
  CC [M]  net/atm/pvc.o
  CC [M]  drivers/net/wireless/realtek/rtw88/rtw8723d_table.o
  CC [M]  drivers/net/wireless/realtek/rtw89/rtw8852c_rfk.o
  CC [M]  drivers/net/wireless/uwe5622/unisocwifi/txrx.o
  LD [M]  net/appletalk/appletalk.o
  CC [M]  drivers/net/wireless/realtek/rtw89/rtw8852c_rfk_table.o
  CC [M]  drivers/net/wireless/realtek/rtw89/rtw8852ce.o
  AR      drivers/net/wireless/uwe5622/unisocwcn/built-in.a
  CC [M]  net/x25/x25_route.o
  AR      net/mptcp/built-in.a
  CC [M]  net/bridge/br_stp_bpdu.o
  CC [M]  net/x25/x25_subr.o
  CC [M]  net/x25/x25_timer.o
  CC [M]  net/bridge/netfilter/ebt_ip.o
  CC [M]  net/bridge/br_stp_if.o
  CC [M]  net/x25/x25_proc.o
  CC [M]  net/lapb/lapb_timer.o
  CC [M]  drivers/net/macvlan.o
  CC [M]  fs/xfs/xfs_iomap.o
  CC [M]  drivers/net/macvtap.o
  CC [M]  drivers/net/netconsole.o
  CC [M]  net/bridge/br_stp_timer.o
  CC [M]  net/lapb/lapb_iface.o
  CC [M]  net/can/bcm.o
  CC [M]  net/atm/signaling.o
  CC [M]  drivers/net/wireless/rockchip_wlan/rkwifi/bcmdhd/dhd_ip.o
  CC [M]  drivers/net/wireless/realtek/rtw88/rtw8723de.o
  CC [M]  net/l2tp/l2tp_core.o
  CC [M]  drivers/net/wireless/uwe5622/unisocwifi/cmdevt.o
  CC [M]  net/can/gw.o
  CC [M]  net/bridge/br_netlink.o
  CC [M]  net/phonet/pn_dev.o
  CC [M]  net/phonet/pn_netlink.o
  CC [M]  net/x25/x25_forward.o
  CC [M]  net/bridge/netfilter/ebt_ip6.o
  CC [M]  net/bridge/br_netlink_tunnel.o
  LD [M]  net/can/can.o
  CC [M]  net/bridge/br_arp_nd_proxy.o
  CC [M]  fs/xfs/xfs_iops.o
  CC [M]  drivers/net/wireless/rtl8189es/core/rtw_cmd.o
  CC [M]  fs/xfs/xfs_inode.o
  CC [M]  fs/xfs/xfs_itable.o
  CC [M]  net/l2tp/l2tp_ppp.o
  CC [M]  fs/xfs/xfs_iwalk.o
  CC [M]  net/atm/svc.o
  CC [M]  net/dccp/ccid.o
  CC [M]  drivers/net/wireless/realtek/rtw88/rtw8723ds.o
  CC      fs/fs-writeback.o
  CC [M]  drivers/net/wireless/rockchip_wlan/rkwifi/bcmdhd/dhd_linux_wq.o
  CC [M]  net/x25/sysctl_net_x25.o
  LD [M]  net/lapb/lapb.o
  CC [M]  net/phonet/socket.o
  CC [M]  drivers/net/wireless/realtek/rtw88/rtw8723du.o
  CC [M]  net/phonet/datagram.o
  CC [M]  net/phonet/sysctl.o
  CC [M]  net/bridge/netfilter/ebt_limit.o
  LD [M]  net/can/can-raw.o
  LD [M]  net/can/can-bcm.o
  LD [M]  net/can/can-gw.o
  CC [M]  net/bridge/br_sysfs_if.o
  CC [M]  net/sctp/sm_statetable.o
  CC [M]  fs/xfs/xfs_message.o
  CC [M]  fs/xfs/xfs_mount.o
  CC [M]  net/bridge/br_sysfs_br.o
  CC [M]  fs/xfs/xfs_mru_cache.o
  CC [M]  drivers/net/wireless/uwe5622/unisocwifi/npi.o
  CC [M]  drivers/net/wireless/realtek/rtw89/pci.o
  CC [M]  drivers/net/wireless/uwe5622/unisocwifi/msg.o
  LD [M]  drivers/net/wireless/realtek/rtw89/rtw89_core.o
  CC [M]  net/atm/ioctl.o
  CC [M]  net/atm/common.o
  CC [M]  net/rds/af_rds.o
  CC [M]  net/dccp/feat.o
  CC [M]  drivers/net/wireless/rtl8189es/core/rtw_security.o
  CC [M]  net/dccp/input.o
  LD [M]  net/x25/x25.o
  CC [M]  fs/xfs/xfs_pwork.o
  CC [M]  net/phonet/af_phonet.o
  CC [M]  drivers/net/wireless/rtl8189es/core/rtw_debug.o
  CC [M]  drivers/net/wireless/realtek/rtw88/rtw8821c.o
  LD [M]  drivers/net/wireless/realtek/rtw89/rtw89_8852a.o
  CC [M]  fs/xfs/xfs_reflink.o
  CC [M]  net/bridge/netfilter/ebt_mark_m.o
  CC [M]  net/phonet/pep.o
  CC [M]  drivers/net/wireless/rockchip_wlan/rkwifi/bcmdhd/dhd_custom_gpio.o
  CC [M]  net/phonet/pep-gprs.o
  CC [M]  net/sctp/sm_statefuns.o
  CC [M]  net/bridge/br_nf_core.o
  CC [M]  fs/xfs/xfs_stats.o
  CC [M]  fs/xfs/xfs_super.o
  CC [M]  net/bridge/br_multicast.o
  CC [M]  net/bridge/br_mdb.o
  CC [M]  drivers/net/wireless/uwe5622/unisocwifi/work.o
  CC [M]  net/rds/bind.o
  CC [M]  net/bridge/netfilter/ebt_pkttype.o
  CC [M]  fs/xfs/xfs_symlink.o
  CC [M]  net/dccp/minisocks.o
  CC [M]  drivers/net/wireless/rockchip_wlan/rkwifi/bcmdhd/bcmevent.o
  CC [M]  drivers/net/wireless/rtl8189es/core/rtw_io.o
  CC [M]  drivers/net/wireless/rtl8189es/core/rtw_ioctl_query.o
  CC [M]  net/bridge/br_multicast_eht.o
  CC [M]  net/dccp/options.o
  CC [M]  drivers/net/wireless/rtl8189es/core/rtw_ioctl_set.o
  CC [M]  drivers/net/wireless/rtl8189es/core/rtw_ieee80211.o
  CC [M]  net/atm/atm_misc.o
  CC [M]  net/bridge/br_vlan.o
  LD [M]  net/phonet/pn_pep.o
  LD [M]  net/phonet/phonet.o
  CC [M]  drivers/net/wireless/rtl8189es/core/rtw_mlme.o
  CC [M]  drivers/net/wireless/rockchip_wlan/rkwifi/bcmdhd/hndpmu.o
  CC [M]  drivers/net/wireless/realtek/rtw88/rtw8821c_table.o
  CC [M]  net/mac80211/main.o
  LD [M]  drivers/net/wireless/realtek/rtw89/rtw89_8852ae.o
  LD [M]  drivers/net/wireless/realtek/rtw89/rtw89_8852b.o
  LD [M]  drivers/net/wireless/realtek/rtw89/rtw89_8852be.o
  LD [M]  drivers/net/wireless/realtek/rtw89/rtw89_8852c.o
  LD [M]  drivers/net/wireless/realtek/rtw89/rtw89_8852ce.o
  LD [M]  drivers/net/wireless/realtek/rtw89/rtw89_pci.o
  CC [M]  drivers/net/wireless/uwe5622/tty-sdio/tty.o
  CC [M]  net/bridge/br_vlan_tunnel.o
  CC [M]  drivers/net/wireless/uwe5622/unisocwifi/vendor.o
  CC [M]  drivers/net/wireless/uwe5622/unisocwifi/tcp_ack.o
  CC [M]  drivers/net/wireless/uwe5622/unisocwifi/mm.o
  CC [M]  net/bridge/netfilter/ebt_stp.o
  CC [M]  net/sctp/sm_sideeffect.o
  CC [M]  net/rds/cong.o
  CC [M]  net/atm/raw.o
  CC [M]  fs/xfs/xfs_sysfs.o
  CC [M]  net/atm/resources.o
  CC [M]  drivers/net/wireless/rtl8189es/core/rtw_mlme_ext.o
  CC [M]  net/dccp/output.o
  CC [M]  drivers/net/wireless/rockchip_wlan/rkwifi/bcmdhd/linux_osl.o
/home/wanpublic/ubuntu-rockchip/build/linux-rockchip/drivers/net/wireless/uwe5622/unisocwifi/vendor.c: In function 'sprdwl_vendor_clr_llstat_handler':
/home/wanpublic/ubuntu-rockchip/build/linux-rockchip/drivers/net/wireless/uwe5622/unisocwifi/vendor.c:578:9: warning: ISO C90 forbids variable length array 'r_buf' [-Wvla]
  578 |         u8 r_buf[r_len];
      |         ^~
  CC [M]  drivers/net/wireless/realtek/rtw88/rtw8821ce.o
  CC [M]  drivers/net/wireless/uwe5622/tty-sdio/rfkill.o
  CC [M]  net/atm/atm_sysfs.o
  CC [M]  net/bridge/br_vlan_options.o
  CC [M]  net/bridge/br_mst.o
  CC [M]  net/bridge/br_switchdev.o
  CC [M]  net/bridge/netfilter/ebt_vlan.o
  CC [M]  net/bridge/netfilter/ebt_arpreply.o
  CC [M]  net/mac80211/status.o
  AR      drivers/net/wireless/uwe5622/built-in.a
  CC [M]  net/bridge/br_mrp_switchdev.o
  CC [M]  drivers/net/tun.o
  CC [M]  net/mac80211/driver-ops.o
  CC [M]  fs/xfs/xfs_trans.o
  CC [M]  net/atm/proc.o
  CC [M]  drivers/net/wireless/uwe5622/tty-sdio/lpm.o
  CC [M]  net/sctp/protocol.o
  CC [M]  net/atm/clip.o
  CC [M]  drivers/net/wireless/uwe5622/unisocwifi/reorder.o
  CC [M]  drivers/net/wireless/rockchip_wlan/rkwifi/bcmdhd/wldev_common.o
  CC [M]  drivers/net/wireless/realtek/rtw88/rtw8821cs.o
  CC [M]  drivers/net/wireless/rockchip_wlan/rkwifi/bcmdhd/wl_android.o
  CC [M]  drivers/net/wireless/rockchip_wlan/rkwifi/bcmdhd/dhd_debug_linux.o
  CC [M]  drivers/net/wireless/rtl8192eu/core/rtw_cmd.o
  CC [M]  drivers/net/wireless/rtl8192eu/core/rtw_security.o
  CC [M]  net/bridge/br_mrp.o
  CC [M]  net/rds/connection.o
  CC [M]  net/rds/info.o
  CC [M]  net/bridge/netfilter/ebt_mark.o
  CC [M]  drivers/net/wireless/uwe5622/tty-sdio/woble.o
  CC [M]  drivers/net/wireless/uwe5622/tty-sdio/alignment/sitm.o
  CC [M]  net/atm/br2684.o
  CC [M]  net/dccp/proto.o
  CC [M]  net/mac80211/sta_info.o
  CC [M]  net/bridge/br_mrp_netlink.o
  CC [M]  fs/xfs/xfs_xattr.o
  CC [M]  drivers/net/wireless/realtek/rtw88/rtw8821cu.o
  CC [M]  fs/xfs/kmem.o
  CC [M]  drivers/net/wireless/uwe5622/tty-sdio/dump.o
  CC [M]  net/dccp/timer.o
  CC [M]  drivers/net/wireless/uwe5622/unisocwifi/wl_core.o
  CC [M]  drivers/net/wireless/rtl8192eu/core/rtw_debug.o
  CC [M]  net/sctp/endpointola.o
  CC [M]  drivers/net/wireless/rtl8189es/core/rtw_mi.o
  CC [M]  net/dccp/qpolicy.o
  CC [M]  net/bridge/netfilter/ebt_dnat.o
  CC [M]  drivers/net/wireless/uwe5622/unisocwifi/tx_msg.o
  CC [M]  drivers/net/tap.o
  CC [M]  net/bridge/netfilter/ebt_redirect.o
  LD [M]  drivers/net/wireless/uwe5622/tty-sdio/sprdbt_tty.o
  CC [M]  net/atm/lec.o
  CC [M]  net/bridge/netfilter/ebt_snat.o
  CC [M]  net/mac80211/wep.o
  CC [M]  drivers/net/wireless/rockchip_wlan/rkwifi/bcmdhd/dhd_debug.o
  CC [M]  drivers/net/wireless/rtl8192eu/core/rtw_io.o
  CC [M]  drivers/net/wireless/rockchip_wlan/rkwifi/bcmdhd/dhd_mschdbg.o
  CC [M]  net/rds/message.o
  CC [M]  drivers/net/wireless/realtek/rtw88/pci.o
  CC [M]  drivers/net/wireless/rtl8192eu/core/rtw_ioctl_set.o
  CC [M]  net/rds/recv.o
  CC [M]  drivers/net/wireless/rtl8192eu/core/rtw_ieee80211.o
  CC [M]  drivers/net/wireless/rtl8192eu/core/rtw_mlme.o
  CC [M]  fs/xfs/xfs_log.o
  CC [M]  net/sctp/associola.o
  CC [M]  fs/xfs/xfs_log_cil.o
  CC [M]  net/dccp/ccids/ccid2.o
  CC [M]  drivers/net/wireless/uwe5622/unisocwifi/rx_msg.o
  CC [M]  drivers/net/wireless/rockchip_wlan/rkwifi/bcmdhd/dhd_dbg_ring.o
  CC [M]  drivers/net/wireless/rtl8189es/core/rtw_wlan_util.o
  CC [M]  drivers/net/wireless/rockchip_wlan/rkwifi/bcmdhd/hnd_pktq.o
  CC [M]  drivers/net/wireless/rockchip_wlan/rkwifi/bcmdhd/hnd_pktpool.o
  CC [M]  net/bridge/netfilter/ebt_log.o
  CC [M]  drivers/net/wireless/rtl8192eu/core/rtw_mlme_ext.o
  CC [M]  net/mac80211/aead_api.o
  CC [M]  net/atm/mpc.o
  CC [M]  net/mac80211/wpa.o
  CC [M]  drivers/net/wireless/rockchip_wlan/rkwifi/bcmdhd/linux_pkt.o
  CC [M]  drivers/net/wireless/rockchip_wlan/rkwifi/bcmdhd/frag.o
  CC [M]  net/bridge/br_netfilter_hooks.o
  CC [M]  drivers/net/wireless/rtl8192eu/core/rtw_mi.o
  CC [M]  drivers/net/wireless/realtek/rtw88/sdio.o
  CC      fs/pnode.o
  CC [M]  net/sctp/transport.o
  CC [M]  drivers/net/wireless/uwe5622/unisocwifi/wl_intf.o
  CC [M]  net/dccp/ackvec.o
  CC [M]  drivers/net/wireless/uwe5622/unisocwifi/qos.o
  CC [M]  net/rds/send.o
  CC [M]  drivers/net/wireless/rtl8192eu/core/rtw_wlan_util.o
  CC [M]  drivers/net/wireless/rtl8192eu/core/rtw_vht.o
  CC [M]  fs/xfs/xfs_bmap_item.o
  CC      fs/splice.o
  CC      fs/sync.o
  CC [M]  net/bridge/netfilter/ebt_nflog.o
  CC [M]  drivers/net/wireless/rockchip_wlan/rkwifi/bcmdhd/dhd_linux_exportfs.o
  CC [M]  drivers/net/wireless/rockchip_wlan/rkwifi/bcmdhd/dhd_linux_pktdump.o
  CC [M]  drivers/net/wireless/realtek/rtw88/usb.o
  CC [M]  drivers/net/wireless/rockchip_wlan/rkwifi/bcmdhd/linuxerrmap.o
  CC      fs/utimes.o
  CC [M]  drivers/net/wireless/rtl8189es/core/rtw_vht.o
  CC [M]  net/mac80211/scan.o
  CC [M]  net/atm/mpoa_caches.o
  CC [M]  drivers/net/wireless/rtl8189es/core/rtw_pwrctrl.o
/home/wanpublic/ubuntu-rockchip/build/linux-rockchip/drivers/net/wireless/uwe5622/unisocwifi/wl_intf.c: In function 'sprdwl_event_sta_lut':
/home/wanpublic/ubuntu-rockchip/build/linux-rockchip/drivers/net/wireless/uwe5622/unisocwifi/wl_intf.c:1570:17: warning: this statement may fall through [-Wimplicit-fallthrough=]
 1570 |                 sprdwl_dis_flush_txlist(intf, i);
      |                 ^~~~~~~~~~~~~~~~~~~~~~~~~~~~~~~~
/home/wanpublic/ubuntu-rockchip/build/linux-rockchip/drivers/net/wireless/uwe5622/unisocwifi/wl_intf.c:1571:9: note: here
 1571 |         case ADD_LUT_INDEX:
      |         ^~~~
  CC      fs/d_path.o
  CC [M]  fs/xfs/xfs_buf_item.o
  CC [M]  net/sctp/chunk.o
  CC      fs/stack.o
  CC [M]  net/bridge/br_netfilter_ipv6.o
  LD [M]  net/bridge/bridge.o
  CC [M]  net/mac80211/offchannel.o
  CC [M]  drivers/net/wireless/uwe5622/unisocwifi/dbg_ini_util.o
  CC [M]  drivers/net/wireless/uwe5622/unisocwifi/reg_domain.o
  CC [M]  fs/xfs/xfs_buf_item_recover.o
  CC [M]  net/rds/stats.o
  CC [M]  drivers/net/wireless/rtl8812au/core/rtw_cmd.o
  CC [M]  drivers/net/wireless/rtl8811cu/core/rtw_cmd.o
  CC [M]  drivers/net/veth.o
  CC [M]  net/dccp/ccids/ccid3.o
  CC [M]  net/dccp/ccids/lib/tfrc.o
  CC [M]  net/atm/mpoa_proc.o
  CC [M]  drivers/net/wireless/rockchip_wlan/rkwifi/bcmdhd/dhd_linux_tx.o
  CC      fs/fs_struct.o
  LD [M]  drivers/net/wireless/realtek/rtw88/rtw88_core.o
  CC [M]  drivers/net/wireless/uwe5622/unisocwifi/defrag.o
  CC [M]  drivers/net/wireless/rtl8192eu/core/rtw_pwrctrl.o
  CC [M]  drivers/net/wireless/rtl8189es/core/rtw_rf.o
  LD [M]  drivers/net/wireless/realtek/rtw88/rtw88_8822b.o
  LD [M]  drivers/net/wireless/realtek/rtw88/rtw88_8822be.o
  LD [M]  drivers/net/wireless/realtek/rtw88/rtw88_8822bs.o
  LD [M]  drivers/net/wireless/realtek/rtw88/rtw88_8822bu.o
  LD [M]  drivers/net/wireless/realtek/rtw88/rtw88_8822c.o
  LD [M]  drivers/net/wireless/realtek/rtw88/rtw88_8822ce.o
  LD [M]  drivers/net/wireless/realtek/rtw88/rtw88_8822cs.o
  LD [M]  drivers/net/wireless/realtek/rtw88/rtw88_8822cu.o
  LD [M]  drivers/net/wireless/realtek/rtw88/rtw88_8723d.o
  LD [M]  drivers/net/wireless/realtek/rtw88/rtw88_8723de.o
  LD [M]  drivers/net/wireless/realtek/rtw88/rtw88_8723ds.o
  LD [M]  drivers/net/wireless/realtek/rtw88/rtw88_8723du.o
  LD [M]  drivers/net/wireless/realtek/rtw88/rtw88_8821c.o
  LD [M]  drivers/net/wireless/realtek/rtw88/rtw88_8821ce.o
  LD [M]  drivers/net/wireless/realtek/rtw88/rtw88_8821cs.o
  LD [M]  drivers/net/wireless/realtek/rtw88/rtw88_8821cu.o
  CC [M]  drivers/net/wireless/rtl8811cu/core/rtw_security.o
  LD [M]  drivers/net/wireless/realtek/rtw88/rtw88_pci.o
  LD [M]  drivers/net/wireless/realtek/rtw88/rtw88_sdio.o
  LD [M]  drivers/net/wireless/realtek/rtw88/rtw88_usb.o
  CC [M]  drivers/net/wireless/uwe5622/unisocwifi/ibss.o
  CC [M]  drivers/net/wireless/uwe5622/unisocwifi/nan.o
  CC [M]  net/sctp/sm_make_chunk.o
  CC [M]  drivers/net/wireless/uwe5622/unisocwifi/tracer.o
  CC [M]  drivers/net/wireless/uwe5622/unisocwifi/rf_marlin3.o
  LD [M]  net/bridge/br_netfilter.o
  CC [M]  drivers/net/wireless/uwe5622/unisocwifi/rtt.o
  CC [M]  drivers/net/wireless/rtl8192eu/core/rtw_rf.o
  CC [M]  net/dccp/ccids/lib/tfrc_equation.o
  CC [M]  drivers/net/wireless/rtl8812au/core/rtw_security.o
  CC [M]  net/mac80211/ht.o
  CC [M]  fs/xfs/xfs_dquot_item_recover.o
  CC [M]  net/atm/pppoatm.o
  CC [M]  drivers/net/wireless/rtl8811cu/core/rtw_debug.o
  CC [M]  net/dccp/ccids/lib/packet_history.o
  CC [M]  net/rds/sysctl.o
  CC [M]  drivers/net/wireless/rtl8192eu/core/rtw_chplan.o
  CC [M]  net/mac80211/agg-tx.o
  CC [M]  drivers/net/wireless/rockchip_wlan/rkwifi/bcmdhd/dhd_linux_rx.o
  CC [M]  net/tipc/addr.o
  CC [M]  net/tipc/bcast.o
  CC [M]  net/tipc/bearer.o
  CC [M]  drivers/net/wireless/rtl88x2bu/core/rtw_cmd.o
  CC [M]  drivers/net/wireless/rtl88x2bu/core/rtw_security.o
  CC [M]  drivers/net/wireless/rtl88x2bu/core/rtw_debug.o
  CC [M]  drivers/net/wireless/rtl8189es/core/rtw_chplan.o
  CC [M]  drivers/net/wireless/rtl8811cu/core/rtw_io.o
  CC [M]  drivers/net/wireless/rtl8189es/core/rtw_recv.o
  CC [M]  drivers/net/wireless/rtl8192eu/core/rtw_recv.o
  CC [M]  fs/xfs/xfs_extfree_item.o
  CC [M]  drivers/net/wireless/rtl8192eu/core/rtw_sta_mgt.o
  CC [M]  drivers/net/wireless/uwe5622/unisocwifi/api_version.o
  LD [M]  net/atm/atm.o
  LD [M]  net/atm/mpoa.o
  CC [M]  net/sctp/ulpevent.o
  CC [M]  drivers/net/wireless/rtl8812au/core/rtw_debug.o
  CC [M]  net/rds/threads.o
  CC [M]  net/dccp/ccids/lib/loss_interval.o
  CC [M]  net/rds/transport.o
  CC [M]  net/tipc/core.o
  CC [M]  net/mac80211/agg-rx.o
  CC [M]  net/rds/loop.o
  CC [M]  net/tipc/link.o
  CC [M]  drivers/net/wireless/rtl8192eu/core/rtw_ap.o
  CC [M]  drivers/net/wireless/rtl8192eu/core/mesh/rtw_mesh.o
  CC [M]  net/rds/page.o
  CC [M]  net/rds/rdma.o
  CC [M]  drivers/net/wireless/rtl8189es/core/rtw_sta_mgt.o
  CC [M]  net/rds/tcp.o
  CC [M]  drivers/net/wireless/rockchip_wlan/rkwifi/bcmdhd/fwpkg_utils.o
  CC [M]  drivers/net/wireless/rtl8811cu/core/rtw_ioctl_query.o
  CC [M]  drivers/net/wireless/uwe5622/unisocwifi/rnd_mac_addr.o
  CC [M]  fs/xfs/xfs_attr_item.o
  CC [M]  drivers/net/wireless/rockchip_wlan/rkwifi/bcmdhd/dhd_config.o
  CC [M]  net/mac80211/vht.o
  CC [M]  net/sctp/inqueue.o
  CC [M]  net/rds/tcp_connect.o
  CC [M]  net/rds/tcp_listen.o
  CC [M]  net/rds/tcp_recv.o
  CC [M]  net/dccp/sysctl.o
  CC [M]  net/rds/tcp_send.o
/home/wanpublic/ubuntu-rockchip/build/linux-rockchip/drivers/net/wireless/rtl8189es/core/rtw_sta_mgt.c: In function 'rtw_mfree_stainfo':
/home/wanpublic/ubuntu-rockchip/build/linux-rockchip/drivers/net/wireless/rtl8189es/core/rtw_sta_mgt.c:384:25: warning: the comparison will always evaluate as 'true' for the address of 'lock' will never be NULL [-Waddress]
  384 |         if (&psta->lock != NULL)
      |                         ^~
In file included from /home/wanpublic/ubuntu-rockchip/build/linux-rockchip/drivers/net/wireless/rtl8189es/include/drv_types.h:102,
                 from /home/wanpublic/ubuntu-rockchip/build/linux-rockchip/drivers/net/wireless/rtl8189es/core/rtw_sta_mgt.c:17:
/home/wanpublic/ubuntu-rockchip/build/linux-rockchip/drivers/net/wireless/rtl8189es/include/sta_info.h:263:17: note: 'lock' declared here
  263 |         _lock   lock;
      |                 ^~~~
  CC [M]  net/mac80211/he.o
  CC [M]  drivers/net/wireless/rtl8192eu/core/mesh/rtw_mesh_pathtbl.o
  CC [M]  drivers/net/wireless/rtl88x2bu/core/rtw_io.o
  CC [M]  net/rds/tcp_stats.o
  CC [M]  drivers/net/virtio_net.o
  CC [M]  drivers/net/wireless/uwe5622/unisocwifi/debug.o
  CC [M]  drivers/net/wireless/rtl8811cu/core/rtw_ioctl_set.o
  CC [M]  drivers/net/wireless/rtl8189es/core/rtw_ap.o
  CC [M]  drivers/net/wireless/rndis_wlan.o
  CC [M]  drivers/net/wireless/rtl8811cu/core/rtw_ieee80211.o
  CC [M]  drivers/net/wireless/rtl8723ds/core/rtw_cmd.o
  CC [M]  net/tipc/discover.o
  CC [M]  fs/xfs/xfs_icreate_item.o
  CC [M]  drivers/net/wireless/rtl8812au/core/rtw_io.o
  CC [M]  net/sctp/outqueue.o
  CC [M]  drivers/net/wireless/rtl8723ds/core/rtw_security.o
  CC [M]  drivers/net/wireless/rtl8723ds/core/rtw_debug.o
  CC [M]  drivers/net/wireless/rtl8189es/core/mesh/rtw_mesh.o
  CC [M]  drivers/net/wireless/rtl8192eu/core/mesh/rtw_mesh_hwmp.o
  CC [M]  drivers/net/wireless/rtl8189es/core/mesh/rtw_mesh_pathtbl.o
  CC [M]  net/dccp/ipv4.o
  CC [M]  drivers/net/wireless/rtl8192eu/core/rtw_xmit.o
  LD [M]  net/rds/rds.o
  CC [M]  drivers/net/wireless/rockchip_wlan/rkwifi/bcmdhd/dhd_ccode.o
  CC [M]  net/sctp/ulpqueue.o
  LD [M]  drivers/net/wireless/uwe5622/unisocwifi/sprdwl_ng.o
  CC [M]  drivers/net/wireless/rtl8852bs/platform/platform_ARM_RK_sdio.o
  CC [M]  drivers/net/wireless/rtl8852bs/os_dep/osdep_service.o
  CC [M]  net/mac80211/s1g.o
  CC [M]  drivers/net/wireless/rtl8723ds/core/rtw_io.o
  CC [M]  drivers/net/wireless/rtl8723ds/core/rtw_ioctl_query.o
  CC [M]  drivers/net/wireless/rockchip_wlan/rkwifi/bcmdhd/wl_event.o
/home/wanpublic/ubuntu-rockchip/build/linux-rockchip/drivers/net/wireless/rtl8189es/core/rtw_ap.c: In function 'rtw_ap_update_chbw_by_ifbmp':
/home/wanpublic/ubuntu-rockchip/build/linux-rockchip/drivers/net/wireless/rtl8189es/core/rtw_ap.c:4403:42: warning: the comparison will always evaluate as 'true' for the address of 'padapters' will never be NULL [-Waddress]
 4403 |                 if (!(ifbmp & BIT(i)) || !dvobj->padapters)
      |                                          ^
In file included from /home/wanpublic/ubuntu-rockchip/build/linux-rockchip/drivers/net/wireless/rtl8189es/core/rtw_ap.c:17:
/home/wanpublic/ubuntu-rockchip/build/linux-rockchip/drivers/net/wireless/rtl8189es/include/drv_types.h:1118:19: note: 'padapters' declared here
 1118 |         _adapter *padapters[CONFIG_IFACE_NUMBER];/*IFACE_ID_MAX*/
      |                   ^~~~~~~~~
/home/wanpublic/ubuntu-rockchip/build/linux-rockchip/drivers/net/wireless/rtl8189es/core/rtw_ap.c:4423:42: warning: the comparison will always evaluate as 'true' for the address of 'padapters' will never be NULL [-Waddress]
 4423 |                 if (!(ifbmp & BIT(i)) || !dvobj->padapters)
      |                                          ^
/home/wanpublic/ubuntu-rockchip/build/linux-rockchip/drivers/net/wireless/rtl8189es/include/drv_types.h:1118:19: note: 'padapters' declared here
 1118 |         _adapter *padapters[CONFIG_IFACE_NUMBER];/*IFACE_ID_MAX*/
      |                   ^~~~~~~~~
  LD [M]  net/rds/rds_tcp.o
  CC [M]  drivers/net/wireless/rockchip_wlan/rkwifi/bcmdhd/wl_android_ext.o
  CC [M]  net/caif/caif_dev.o
  CC [M]  net/tipc/msg.o
  CC [M]  drivers/net/wireless/rtl88x2bu/core/rtw_ioctl_query.o
  CC [M]  fs/xfs/xfs_inode_item.o
  CC [M]  drivers/net/wireless/rtl88x2bu/core/rtw_ioctl_set.o
  CC [M]  drivers/net/wireless/rtl8811cu/core/rtw_mlme.o
  CC [M]  drivers/net/wireless/rtl8723ds/core/rtw_ioctl_set.o
  AR      drivers/net/wireless/built-in.a
  CC [M]  drivers/net/wireless/rtl8192eu/core/rtw_p2p.o
  CC [M]  drivers/net/wireless/rtl8812au/core/rtw_ioctl_query.o
  CC [M]  drivers/net/wireless/rtl8723ds/core/rtw_ieee80211.o
  CC [M]  drivers/net/wireless/rtl8811cu/core/rtw_mlme_ext.o
  CC [M]  drivers/net/wireless/rtl8189es/core/mesh/rtw_mesh_hwmp.o
  CC [M]  net/mac80211/ibss.o
  CC [M]  drivers/net/wireless/rtl8189es/core/rtw_xmit.o
  CC [M]  drivers/net/wireless/rtl8189es/core/rtw_p2p.o
  CC [M]  net/sctp/tsnmap.o
  CC [M]  drivers/net/geneve.o
  CC [M]  net/mac80211/iface.o
  CC [M]  drivers/net/wireless/rtl8723ds/core/rtw_mlme.o
  CC [M]  drivers/net/wireless/rtl8852bs/os_dep/osdep_service_linux.o
  CC      fs/statfs.o
  CC [M]  drivers/net/wireless/rtl8852bs/os_dep/linux/rtw_cfg.o
  CC [M]  drivers/net/wireless/rtl8192eu/core/rtw_rson.o
  CC [M]  net/tipc/name_distr.o
  CC [M]  net/dccp/ipv6.o
  CC [M]  net/tipc/subscr.o
  CC [M]  net/caif/cfcnfg.o
  CC [M]  fs/xfs/xfs_inode_item_recover.o
  CC [M]  drivers/net/wireless/rtl8812au/core/rtw_ioctl_set.o
  CC [M]  net/tipc/monitor.o
  CC [M]  drivers/net/wireless/rockchip_wlan/rkwifi/bcmdhd/wl_iapsta.o
  CC [M]  drivers/net/wireless/rtl88x2bu/core/rtw_ieee80211.o
  CC [M]  net/sctp/bind_addr.o
  CC [M]  drivers/net/wireless/rtl8723ds/core/rtw_mlme_ext.o
  CC      fs/fs_pin.o
  CC [M]  net/mac80211/link.o
  CC [M]  net/tipc/name_table.o
  CC [M]  net/tipc/net.o
  CC [M]  net/caif/cfmuxl.o
  CC [M]  drivers/net/wireless/rtl8723ds/core/rtw_mi.o
  CC [M]  drivers/net/wireless/rtl8189es/core/rtw_rson.o
  CC [M]  net/mac80211/rate.o
  CC [M]  drivers/net/wireless/rtl8189es/core/rtw_tdls.o
  CC [M]  drivers/net/wireless/rtl8723ds/core/rtw_wlan_util.o
  CC [M]  drivers/net/wireless/rtl8852bs/os_dep/linux/os_intfs.o
  CC [M]  drivers/net/wireless/rtl8192eu/core/rtw_tdls.o
  CC [M]  net/tipc/netlink.o
  CC [M]  drivers/net/wireless/rtl8192eu/core/rtw_br_ext.o
  CC      fs/nsfs.o
  CC [M]  net/dccp/diag.o
  CC [M]  drivers/net/wireless/rtl8723ds/core/rtw_vht.o
  CC [M]  fs/xfs/xfs_iunlink_item.o
  LD [M]  net/dccp/dccp.o
  CC [M]  drivers/net/wireless/rtl8723ds/core/rtw_pwrctrl.o
  CC [M]  drivers/net/wireless/rtl8812au/core/rtw_ieee80211.o
  CC [M]  net/sctp/socket.o
  CC [M]  net/caif/cfctrl.o
  CC [M]  drivers/net/wireless/rtl8811cu/core/rtw_mi.o
  CC [M]  drivers/net/wireless/rtl88x2bu/core/rtw_mlme.o
  CC [M]  net/caif/cffrml.o
  CC [M]  net/mac80211/michael.o
  CC [M]  net/tipc/netlink_compat.o
  CC [M]  net/tipc/node.o
  CC [M]  drivers/net/wireless/rtl8189es/core/rtw_br_ext.o
  CC [M]  drivers/net/wireless/rtl8189es/core/rtw_iol.o
  CC [M]  drivers/net/wireless/rtl8192eu/core/rtw_iol.o
  CC [M]  net/mac80211/tkip.o
  CC [M]  net/mac80211/aes_cmac.o
  CC [M]  drivers/net/wireless/rtl8723ds/core/rtw_rf.o
  CC [M]  net/mac80211/aes_gmac.o
  CC [M]  drivers/net/wireless/rockchip_wlan/rkwifi/bcmdhd/wl_escan.o
  CC [M]  drivers/net/wireless/rtl8852bs/os_dep/linux/ioctl_linux.o
  CC [M]  drivers/net/wireless/rtl8723ds/core/rtw_recv.o
  LD [M]  net/dccp/dccp_ipv4.o
  LD [M]  net/dccp/dccp_ipv6.o
  LD [M]  net/dccp/dccp_diag.o
  CC [M]  drivers/net/wireless/rtl8811cu/core/rtw_wlan_util.o
  CC [M]  fs/xfs/xfs_refcount_item.o
  CC [M]  fs/xfs/xfs_rmap_item.o
  CC [M]  net/caif/cfveil.o
  CC [M]  drivers/net/nlmon.o
  CC [M]  drivers/net/vrf.o
  CC [M]  net/6lowpan/core.o
  CC [M]  net/tipc/socket.o
  CC [M]  net/caif/cfdbgl.o
  CC [M]  net/mac80211/fils_aead.o
  CC [M]  drivers/net/wireless/rtl88x2bu/core/rtw_mlme_ext.o
  CC [M]  net/tipc/eth_media.o
  CC [M]  drivers/net/wireless/rtl8192eu/core/rtw_sreset.o
  CC [M]  drivers/net/wireless/rtl8192eu/core/rtw_btcoex_wifionly.o
  CC [M]  drivers/net/wireless/rtl8189es/core/rtw_sreset.o
  CC [M]  drivers/net/wireless/rtl8812au/core/rtw_mlme.o
  CC [M]  drivers/net/wireless/rockchip_wlan/rkwifi/bcmdhd/wl_timer.o
  CC [M]  drivers/net/wireless/rockchip_wlan/rkwifi/bcmdhd/wl_iw.o
  CC [M]  net/caif/cfserl.o
  CC [M]  fs/xfs/xfs_log_recover.o
  CC [M]  drivers/net/wireless/rtl88x2bu/core/rtw_mi.o
  CC [M]  fs/xfs/xfs_trans_ail.o
  CC [M]  net/sctp/primitive.o
  CC [M]  drivers/net/wireless/rtl8812au/core/rtw_mlme_ext.o
  CC [M]  drivers/net/wireless/rtl8189es/core/rtw_btcoex_wifionly.o
  CC [M]  net/mac80211/cfg.o
  CC [M]  drivers/net/wireless/rtl8723ds/core/rtw_sta_mgt.o
  CC [M]  net/caif/cfdgml.o
  CC [M]  net/caif/cfrfml.o
  CC [M]  drivers/net/wireless/rtl8723ds/core/rtw_ap.o
  CC [M]  drivers/net/net_failover.o
  CC [M]  drivers/net/wireless/rtl8852bs/os_dep/linux/xmit_linux.o
  CC [M]  drivers/net/wireless/rtl8811cu/core/rtw_vht.o
  CC [M]  net/6lowpan/iphc.o
  CC [M]  net/6lowpan/nhc.o
  CC [M]  net/6lowpan/ndisc.o
  CC [M]  drivers/net/wireless/rtl8192eu/core/rtw_btcoex.o
  CC [M]  drivers/net/wireless/rtl8852bs/os_dep/linux/mlme_linux.o
  CC [M]  net/caif/cfvidl.o
  CC [M]  drivers/net/wireless/rtl8189es/core/rtw_btcoex.o
  CC [M]  net/mac80211/ethtool.o
  CC [M]  net/sctp/output.o
  CC [M]  net/sctp/input.o
  CC [M]  net/caif/cfutill.o
  CC [M]  net/mac80211/rx.o
  CC [M]  net/mac80211/spectmgmt.o
  CC [M]  net/caif/cfsrvl.o
  CC [M]  drivers/net/wireless/rockchip_wlan/rkwifi/bcmdhd/wl_cfg80211.o
  CC [M]  fs/xfs/xfs_trans_buf.o
  CC [M]  net/tipc/topsrv.o
  CC [M]  net/6lowpan/nhc_dest.o
  CC [M]  net/caif/cfpkt_skbuff.o
  CC [M]  drivers/net/wireless/rtl8723ds/core/rtw_xmit.o
  CC [M]  drivers/net/wireless/rtl8812au/core/rtw_mi.o
  CC [M]  drivers/net/wireless/rtl8812au/core/rtw_wlan_util.o
  CC [M]  net/tipc/group.o
  CC [M]  net/tipc/trace.o
  CC [M]  drivers/net/wireless/rtl8811cu/core/rtw_pwrctrl.o
  CC [M]  drivers/net/wireless/rtl8852bs/os_dep/linux/recv_linux.o
  CC [M]  drivers/net/wireless/rtl8192eu/core/rtw_beamforming.o
  CC [M]  drivers/net/wireless/rtl8189es/core/rtw_beamforming.o
  CC [M]  drivers/net/wireless/rtl8192eu/core/rtw_odm.o
  CC [M]  drivers/net/wireless/rtl88x2bu/core/rtw_wlan_util.o
  CC [M]  drivers/net/wireless/rtl8192eu/core/rtw_rm.o
  CC [M]  net/mac80211/tx.o
  CC [M]  net/caif/chnl_net.o
  CC [M]  net/caif/caif_socket.o
  CC [M]  net/sctp/debug.o
  CC [M]  net/caif/caif_usb.o
  CC [M]  fs/xfs/xfs_dquot.o
  CC [M]  fs/xfs/xfs_dquot_item.o
  CC [M]  net/6lowpan/nhc_fragment.o
  CC [M]  drivers/net/wireless/rtl8192eu/core/rtw_rm_fsm.o
  CC [M]  drivers/net/wireless/rtl8192eu/core/efuse/rtw_efuse.o
  CC [M]  drivers/net/wireless/rtl8723ds/core/rtw_p2p.o
  CC [M]  drivers/net/wireless/rtl8723ds/core/rtw_tdls.o
  CC [M]  drivers/net/wireless/rtl8189es/core/rtw_odm.o
  CC [M]  drivers/net/wireless/rtl8852bs/os_dep/linux/ioctl_cfg80211.o
  CC [M]  drivers/net/wireless/rtl8189es/core/rtw_rm.o
  CC [M]  drivers/net/wireless/rtl8192eu/os_dep/osdep_service.o
  CC [M]  fs/xfs/xfs_trans_dquot.o
  CC [M]  net/tipc/udp_media.o
  CC [M]  drivers/net/wireless/rtl8811cu/core/rtw_rf.o
  CC [M]  drivers/net/wireless/rtl8192eu/os_dep/linux/os_intfs.o
  CC [M]  drivers/net/wireless/rtl8189es/core/rtw_rm_fsm.o
  CC [M]  drivers/net/wireless/rtl8723ds/core/rtw_br_ext.o
  CC [M]  drivers/net/wireless/rtl8192eu/os_dep/linux/usb_intf.o
  CC [M]  net/sctp/stream.o
  CC [M]  fs/xfs/xfs_qm_syscalls.o
  CC [M]  net/6lowpan/nhc_hop.o
  CC [M]  drivers/net/wireless/rtl8812au/core/rtw_vht.o
  LD [M]  net/caif/caif.o
  CC [M]  drivers/net/wireless/rtl8811cu/core/rtw_chplan.o
  CC [M]  drivers/net/wireless/rtl8811cu/core/monitor/rtw_radiotap.o
  CC [M]  drivers/net/wireless/rtl88x2bu/core/rtw_vht.o
  CC [M]  drivers/net/wireless/rtl8812au/core/rtw_pwrctrl.o
  CC [M]  drivers/net/wireless/rtl8812au/core/rtw_rf.o
  CC [M]  fs/xfs/xfs_qm_bhv.o
  CC [M]  drivers/net/wireless/rtl8192eu/os_dep/linux/usb_ops_linux.o
  CC [M]  drivers/net/wireless/rtl8189es/core/rtw_rm_util.o
  CC [M]  fs/xfs/xfs_qm.o
  CC [M]  drivers/net/wireless/rtl8192eu/os_dep/linux/ioctl_linux.o
  CC [M]  drivers/net/wireless/rtl8811cu/core/rtw_recv.o
  CC [M]  net/tipc/sysctl.o
  CC [M]  net/tipc/crypto.o
  CC [M]  net/6lowpan/nhc_ipv6.o
  CC [M]  net/6lowpan/nhc_mobility.o
  CC [M]  drivers/net/wireless/rtl8723ds/core/rtw_iol.o
  CC [M]  net/sctp/auth.o
  CC [M]  net/mac80211/key.o
  CC [M]  drivers/net/wireless/rtl8192eu/os_dep/linux/xmit_linux.o
  CC [M]  net/mac80211/util.o
  CC [M]  drivers/net/wireless/rtl8723ds/core/rtw_sreset.o
  CC [M]  drivers/net/wireless/rtl8192eu/os_dep/linux/mlme_linux.o
  CC [M]  drivers/net/wireless/rtl8192eu/os_dep/linux/recv_linux.o
  CC [M]  drivers/net/wireless/rtl8852bs/os_dep/linux/rtw_cfgvendor.o
  CC [M]  fs/xfs/xfs_quotaops.o
  CC [M]  drivers/net/wireless/rtl8192eu/os_dep/linux/ioctl_cfg80211.o
  CC [M]  drivers/net/wireless/rtl8192eu/os_dep/linux/rtw_cfgvendor.o
  CC [M]  drivers/net/wireless/rtl88x2bu/core/rtw_pwrctrl.o
  CC [M]  drivers/net/wireless/rockchip_wlan/rkwifi/bcmdhd/wl_cfgscan.o
  CC [M]  drivers/net/wireless/rtl8723ds/core/rtw_btcoex.o
  CC      fs/fs_types.o
  CC [M]  net/6lowpan/nhc_routing.o
  CC [M]  drivers/net/wireless/rtl8189es/core/efuse/rtw_efuse.o
  CC      fs/fs_context.o
  CC [M]  net/sctp/offload.o
  CC [M]  drivers/net/wireless/rtl8812au/core/rtw_chplan.o
  CC      fs/fs_parser.o
  CC [M]  net/tipc/diag.o
  CC [M]  net/ieee802154/6lowpan/core.o
  CC [M]  fs/xfs/xfs_rtalloc.o
  CC [M]  drivers/net/wireless/rtl8811cu/core/rtw_sta_mgt.o
  CC [M]  drivers/net/wireless/rtl8192eu/os_dep/linux/wifi_regd.o
  CC [M]  net/ieee802154/6lowpan/rx.o
  CC [M]  drivers/net/wireless/rtl8811cu/core/rtw_ap.o
  CC [M]  drivers/net/wireless/rtl8811cu/core/wds/rtw_wds.o
  CC      fs/fsopen.o
  CC [M]  drivers/net/wireless/rtl8852bs/os_dep/linux/os_ch_utils.o
  CC [M]  net/6lowpan/nhc_udp.o
  CC      fs/init.o
  CC      fs/kernel_read_file.o
  CC [M]  drivers/net/wireless/rtl8723ds/core/rtw_beamforming.o
  CC [M]  fs/xfs/xfs_acl.o
  CC [M]  net/sctp/stream_sched.o
  LD [M]  net/tipc/tipc.o
  CC [M]  drivers/net/wireless/rtl88x2bu/core/rtw_rf.o
  CC [M]  drivers/net/wireless/rtl8189es/core/rtw_sdio.o
  CC [M]  fs/xfs/xfs_sysctl.o
  CC [M]  fs/xfs/xfs_ioctl32.o
  CC [M]  drivers/net/wireless/rtl8189es/os_dep/osdep_service.o
  CC [M]  drivers/net/wireless/rtl8189es/os_dep/linux/os_intfs.o
  CC [M]  drivers/net/wireless/rtl8812au/core/rtw_recv.o
  CC [M]  net/sctp/stream_sched_prio.o
  CC [M]  net/ieee802154/6lowpan/reassembly.o
  CC [M]  drivers/net/wireless/rtl8189es/os_dep/linux/sdio_intf.o
  CC [M]  drivers/net/wireless/rtl8811cu/core/mesh/rtw_mesh.o
  CC [M]  drivers/net/wireless/rtl8811cu/core/mesh/rtw_mesh_pathtbl.o
  CC [M]  drivers/net/wireless/rtl8192eu/os_dep/linux/rtw_android.o
  CC [M]  drivers/net/wireless/rtl8852bs/os_dep/linux/wifi_regd.o
  CC [M]  drivers/net/wireless/rtl8852bs/os_dep/linux/rtw_android.o
  CC [M]  net/mac80211/wme.o
  CC [M]  drivers/net/wireless/rtl88x2bu/core/rtw_chplan.o
  CC [M]  drivers/net/wireless/rtl88x2bu/core/monitor/rtw_radiotap.o
  CC [M]  drivers/net/wireless/rtl88x2bu/core/rtw_recv.o
  CC [M]  drivers/net/wireless/rockchip_wlan/rkwifi/bcmdhd/wl_cfgp2p.o
  LD [M]  net/6lowpan/6lowpan.o
  CC [M]  drivers/net/wireless/rtl8852bs/os_dep/linux/rtw_proc.o
  CC [M]  drivers/net/wireless/rockchip_wlan/rkwifi/bcmdhd/wl_linux_mon.o
  CC [M]  drivers/net/wireless/rtl8723ds/core/rtw_odm.o
  CC [M]  drivers/net/wireless/rtl8723ds/core/efuse/rtw_efuse.o
  CC [M]  net/mac80211/chan.o
  CC [M]  net/mac80211/trace.o
  CC [M]  drivers/net/wireless/rtl8811cu/core/mesh/rtw_mesh_hwmp.o
  CC [M]  drivers/net/wireless/rtl8811cu/core/rtw_xmit.o
  CC [M]  drivers/net/wireless/rtl8192eu/os_dep/linux/rtw_proc.o
  LD [M]  fs/xfs/xfs.o
  CC [M]  net/sctp/stream_sched_rr.o
  CC [M]  net/ieee802154/6lowpan/tx.o
  CC [M]  drivers/net/wireless/rtl8192eu/os_dep/linux/rtw_rhashtable.o
  CC [M]  drivers/net/wireless/rtl8811cu/core/rtw_p2p.o
  CC      fs/remap_range.o
  CC [M]  drivers/net/wireless/rtl8189es/os_dep/linux/sdio_ops_linux.o
  CC [M]  drivers/net/wireless/rtl8811cu/core/rtw_rson.o
  CC [M]  drivers/net/wireless/rtl8811cu/core/rtw_tdls.o
  CC [M]  drivers/net/wireless/rtl8811cu/core/rtw_br_ext.o
  CC [M]  net/mac80211/mlme.o
  CC [M]  net/mac802154/main.o
  CC [M]  net/batman-adv/bat_algo.o
  CC [M]  drivers/net/wireless/rtl88x2bu/core/rtw_sta_mgt.o
  CC [M]  net/batman-adv/bat_iv_ogm.o
  CC [M]  drivers/net/wireless/rockchip_wlan/rkwifi/bcmdhd/wl_cfg_btcoex.o
  CC [M]  drivers/net/wireless/rockchip_wlan/rkwifi/bcmdhd/wl_cfgvendor.o
  CC [M]  drivers/net/wireless/rtl8723ds/core/rtw_sdio.o
  CC [M]  drivers/net/wireless/rtl8812au/core/rtw_sta_mgt.o
  CC      fs/buffer.o
  CC [M]  net/sctp/stream_interleave.o
  CC [M]  drivers/net/wireless/rtl8812au/core/rtw_ap.o
  LD [M]  net/ieee802154/6lowpan/ieee802154_6lowpan.o
  CC [M]  net/ieee802154/netlink.o
  CC [M]  drivers/net/wireless/rtl8852bs/os_dep/linux/nlrtw.o
  CC      fs/direct-io.o
  CC [M]  drivers/net/wireless/rtl8811cu/core/rtw_iol.o
  CC [M]  drivers/net/wireless/rtl8811cu/core/rtw_sreset.o
  CC [M]  drivers/net/wireless/rtl8189es/os_dep/linux/ioctl_linux.o
  CC [M]  drivers/net/wireless/rtl8189es/os_dep/linux/xmit_linux.o
  CC [M]  net/batman-adv/bat_v.o
  CC [M]  net/batman-adv/bat_v_elp.o
  CC [M]  net/batman-adv/bat_v_ogm.o
  CC [M]  drivers/net/wireless/rtl8192eu/os_dep/linux/ioctl_mp.o
  CC [M]  drivers/net/wireless/rtl88x2bu/core/rtw_ap.o
  CC [M]  drivers/net/wireless/rtl8723ds/os_dep/osdep_service.o
  CC [M]  drivers/net/wireless/rtl8192eu/hal/hal_intf.o
  CC [M]  net/mac802154/rx.o
  CC [M]  net/ieee802154/nl-mac.o
  CC [M]  net/ieee802154/nl-phy.o
  CC [M]  net/mac802154/tx.o
  CC [M]  drivers/net/wireless/rockchip_wlan/rkwifi/bcmdhd/dhd_cfg80211.o
  CC [M]  drivers/net/wireless/rtl8812au/core/mesh/rtw_mesh.o
  CC [M]  drivers/net/wireless/rtl8852bs/os_dep/linux/rtw_rhashtable.o
  CC [M]  net/batman-adv/bitarray.o
  CC [M]  net/sctp/proc.o
  CC [M]  drivers/net/wireless/rtl8812au/core/mesh/rtw_mesh_pathtbl.o
  CC      fs/mpage.o
  CC      fs/proc_namespace.o
  CC [M]  net/batman-adv/bridge_loop_avoidance.o
  CC      fs/eventpoll.o
  CC [M]  drivers/net/wireless/rtl8189es/os_dep/linux/mlme_linux.o
  CC [M]  drivers/net/wireless/rtl8811cu/core/rtw_btcoex_wifionly.o
  CC [M]  drivers/net/wireless/rtl88x2bu/core/wds/rtw_wds.o
  CC [M]  drivers/net/wireless/rtl8723ds/os_dep/linux/os_intfs.o
  CC [M]  net/mac802154/mac_cmd.o
  CC [M]  drivers/net/wireless/rtl8811cu/core/rtw_btcoex.o
  CC [M]  net/ieee802154/nl_policy.o
  CC [M]  net/ieee802154/core.o
  CC [M]  net/batman-adv/distributed-arp-table.o
  CC [M]  drivers/net/wireless/rtl88x2bu/core/mesh/rtw_mesh.o
  CC [M]  drivers/net/wireless/rtl8812au/core/mesh/rtw_mesh_hwmp.o
  CC [M]  drivers/net/wireless/rtl8812au/core/rtw_xmit.o
  CC [M]  net/batman-adv/fragmentation.o
  CC [M]  drivers/net/wireless/rtl88x2bu/core/mesh/rtw_mesh_pathtbl.o
  CC [M]  drivers/net/wireless/rtl8192eu/hal/hal_com.o
  CC [M]  drivers/net/wireless/rtl8192eu/hal/hal_com_phycfg.o
  CC      fs/anon_inodes.o
  CC [M]  net/mac80211/tdls.o
  CC [M]  drivers/net/wireless/rockchip_wlan/rkwifi/bcmdhd/wl_cfgvif.o
  CC [M]  net/sctp/sysctl.o
  CC [M]  drivers/net/wireless/rtl8852bs/os_dep/linux/sdio_intf.o
  CC [M]  drivers/net/wireless/rockchip_wlan/rkwifi/bcmdhd/wl_roam.o
  CC      fs/signalfd.o
  CC [M]  drivers/net/wireless/rtl8189es/os_dep/linux/recv_linux.o
  CC [M]  net/mac802154/mib.o
  CC [M]  net/ieee802154/header_ops.o
  CC [M]  net/mac802154/iface.o
  CC [M]  drivers/net/wireless/rtl88x2bu/core/mesh/rtw_mesh_hwmp.o
  CC [M]  net/mac802154/llsec.o
  CC [M]  drivers/net/wireless/rtl88x2bu/core/rtw_xmit.o
  CC [M]  net/batman-adv/gateway_client.o
  CC [M]  net/mac802154/util.o
  CC [M]  drivers/net/wireless/rtl88x2bu/core/rtw_p2p.o
  CC [M]  drivers/net/wireless/rtl8723ds/os_dep/linux/sdio_intf.o
  CC [M]  drivers/net/wireless/rtl8723ds/os_dep/linux/sdio_ops_linux.o
  CC [M]  net/mac802154/cfg.o
  CC [M]  drivers/net/wireless/rtl8811cu/core/rtw_beamforming.o
  CC [M]  net/openvswitch/actions.o
  CC [M]  net/sctp/ipv6.o
  CC      fs/timerfd.o
  CC [M]  net/ieee802154/sysfs.o
  CC [M]  drivers/net/wireless/rtl8852bs/os_dep/linux/sdio_ops_linux.o
  CC [M]  net/mac802154/trace.o
  CC [M]  drivers/net/wireless/rtl8192eu/hal/hal_phy.o
  CC [M]  drivers/net/wireless/rtl8192eu/hal/hal_dm.o
  CC [M]  drivers/net/wireless/rtl8189es/os_dep/linux/ioctl_cfg80211.o
  CC [M]  drivers/net/wireless/rockchip_wlan/rkwifi/bcmdhd/dhd_pcie.o
  CC [M]  net/batman-adv/gateway_common.o
  CC [M]  drivers/net/wireless/rtl8192eu/hal/hal_dm_acs.o
  CC [M]  net/mac80211/ocb.o
  CC [M]  drivers/net/wireless/rtl8812au/core/rtw_p2p.o
  CC [M]  drivers/net/wireless/rtl8812au/core/rtw_rson.o
  CC [M]  net/ieee802154/nl802154.o
  CC      fs/eventfd.o
  CC [M]  net/mac80211/airtime.o
  CC      fs/aio.o
  CC [M]  drivers/net/wireless/rtl8723ds/os_dep/linux/ioctl_linux.o
  CC [M]  drivers/net/wireless/rtl8812au/core/rtw_tdls.o
  CC [M]  drivers/net/wireless/rtl8812au/core/rtw_br_ext.o
  CC [M]  drivers/net/wireless/rockchip_wlan/rkwifi/bcmdhd/dhd_pcie_linux.o
  CC [M]  drivers/net/wireless/rockchip_wlan/rkwifi/bcmdhd/pcie_core.o
  CC [M]  drivers/net/wireless/rtl88x2bu/core/rtw_rson.o
  CC [M]  drivers/net/wireless/rtl8811cu/core/rtw_odm.o
  CC [M]  drivers/net/wireless/rtl8811cu/core/rtw_rm.o
  CC [M]  net/sctp/diag.o
/home/wanpublic/ubuntu-rockchip/build/linux-rockchip/drivers/net/wireless/rtl8189es/os_dep/linux/ioctl_cfg80211.c:4146:20: warning: 'nl80211_tx_power_setting_str' defined but not used [-Wunused-function]
 4146 | static const char *nl80211_tx_power_setting_str(int type)
      |                    ^~~~~~~~~~~~~~~~~~~~~~~~~~~~
  LD [M]  net/mac802154/mac802154.o
  CC [M]  drivers/net/wireless/rtl8852bs/os_dep/linux/ioctl_mp.o
  LD [M]  net/sctp/sctp.o
  CC [M]  net/openvswitch/datapath.o
  CC [M]  net/ieee802154/trace.o
  CC [M]  net/batman-adv/hard-interface.o
  CC [M]  drivers/net/wireless/rtl88x2bu/core/rtw_tdls.o
  CC [M]  drivers/net/wireless/rtl88x2bu/core/rtw_br_ext.o
  CC [M]  drivers/net/wireless/rtl8192eu/hal/hal_btcoex_wifionly.o
  CC [M]  net/mac80211/eht.o
  CC [M]  drivers/net/wireless/rockchip_wlan/rkwifi/bcmdhd/dhd_flowring.o
  CC [M]  drivers/net/wireless/rockchip_wlan/rkwifi/bcmdhd/dhd_msgbuf.o
  CC [M]  drivers/net/wireless/rtl8192eu/hal/hal_btcoex.o
  CC [M]  drivers/net/wireless/rtl8811cu/core/rtw_rm_fsm.o
  CC [M]  drivers/net/wireless/rtl8189es/os_dep/linux/rtw_cfgvendor.o
  CC [M]  drivers/net/wireless/rtl8812au/core/rtw_iol.o
  CC      fs/locks.o
  CC      fs/binfmt_script.o
  LD [M]  net/sctp/sctp_diag.o
  CC      fs/binfmt_elf.o
  CC [M]  net/batman-adv/hash.o
  CC [M]  drivers/net/wireless/rtl8811cu/core/rtw_ft.o
  CC [M]  drivers/net/wireless/rtl88x2bu/core/rtw_iol.o
  CC [M]  net/ieee802154/socket.o
  CC [M]  drivers/net/wireless/rtl88x2bu/core/rtw_sreset.o
  CC [M]  net/mac80211/led.o
  CC [M]  drivers/net/wireless/rtl8723ds/os_dep/linux/xmit_linux.o
  CC [M]  net/openvswitch/dp_notify.o
  CC [M]  drivers/net/wireless/rtl8852bs/os_dep/linux/ioctl_efuse.o
  CC      fs/compat_binfmt_elf.o
  CC [M]  net/openvswitch/flow.o
  CC [M]  drivers/net/wireless/rtl8811cu/core/rtw_wnm.o
  CC [M]  drivers/net/wireless/rtl8811cu/core/rtw_mbo.o
  CC [M]  drivers/net/wireless/rtl88x2bu/core/rtw_btcoex_wifionly.o
  CC [M]  drivers/net/wireless/rtl8192eu/hal/hal_mp.o
  CC [M]  drivers/net/wireless/rtl8192eu/hal/hal_mcc.o
  CC [M]  drivers/net/wireless/rtl8189es/os_dep/linux/wifi_regd.o
  CC [M]  drivers/net/wireless/rtl8189es/os_dep/linux/rtw_android.o
  CC [M]  drivers/net/wireless/rtl8812au/core/rtw_sreset.o
  CC [M]  drivers/net/wireless/rtl8192eu/hal/hal_hci/hal_usb.o
  CC [M]  net/batman-adv/log.o
  CC [M]  net/batman-adv/main.o
  CC [M]  net/batman-adv/multicast.o
  CC [M]  drivers/net/wireless/rtl8192eu/hal/led/hal_led.o
  CC      fs/mbcache.o
  LD [M]  net/ieee802154/ieee802154.o
  LD [M]  net/ieee802154/ieee802154_socket.o
  CC [M]  drivers/net/wireless/rtl8811cu/core/rtw_rm_util.o
  CC [M]  drivers/net/wireless/rtl8189es/os_dep/linux/rtw_proc.o
  CC [M]  drivers/net/wireless/rtl8723ds/os_dep/linux/mlme_linux.o
  CC [M]  drivers/net/wireless/rtl8189es/os_dep/linux/rtw_rhashtable.o
  CC [M]  drivers/net/wireless/rtl8189es/os_dep/linux/ioctl_mp.o
  CC      fs/posix_acl.o
  CC [M]  net/batman-adv/netlink.o
  CC [M]  drivers/net/wireless/rtl8852bs/os_dep/linux/custom_gpio_linux.o
/home/wanpublic/ubuntu-rockchip/build/linux-rockchip/drivers/net/wireless/rtl8192eu/hal/hal_hci/hal_usb.c: In function 'usb_init_recv_priv':
/home/wanpublic/ubuntu-rockchip/build/linux-rockchip/drivers/net/wireless/rtl8192eu/hal/hal_hci/hal_usb.c:28:22: warning: cast between incompatible function types from 'void (*)(void *)' to 'void (*)(long unsigned int)' [-Wcast-function-type]
   28 |                      (void(*)(unsigned long))usb_recv_tasklet,
      |                      ^
  CC [M]  net/openvswitch/flow_netlink.o
  CC [M]  net/openvswitch/flow_table.o
  CC [M]  net/mac80211/debugfs.o
  CC [M]  drivers/net/wireless/rtl88x2bu/core/rtw_btcoex.o
  CC [M]  drivers/net/wireless/rtl88x2bu/core/rtw_beamforming.o
  CC [M]  drivers/net/wireless/rtl88x2bu/core/rtw_odm.o
  CC      fs/coredump.o
  CC [M]  drivers/net/wireless/rockchip_wlan/rkwifi/bcmdhd/dhd_linux_lb.o
  CC [M]  net/openvswitch/meter.o
  CC [M]  net/batman-adv/network-coding.o
  CC [M]  drivers/net/wireless/rtl8811cu/core/efuse/rtw_efuse.o
  CC [M]  drivers/net/wireless/rtl8811cu/core/rtw_roch.o
  CC [M]  drivers/net/wireless/rtl8811cu/core/crypto/aes-internal.o
  CC [M]  net/batman-adv/originator.o
  CC [M]  drivers/net/wireless/rtl8812au/core/rtw_btcoex_wifionly.o
  CC [M]  drivers/net/wireless/rtl8192eu/hal/led/hal_usb_led.o
  CC [M]  drivers/net/wireless/rtl8192eu/hal/HalPwrSeqCmd.o
  CC [M]  drivers/net/wireless/rtl8723ds/os_dep/linux/recv_linux.o
  CC [M]  drivers/net/wireless/rtl8192eu/hal/rtl8192e/Hal8192EPwrSeq.o
  CC [M]  drivers/net/wireless/rtl8812au/core/rtw_btcoex.o
  CC [M]  net/vmw_vsock/af_vsock.o
  CC [M]  drivers/net/wireless/rtl8852bs/core/rtw_cmd.o
  CC [M]  net/mac80211/debugfs_sta.o
  CC [M]  net/vmw_vsock/af_vsock_tap.o
  CC [M]  net/vmw_vsock/vsock_addr.o
  CC [M]  drivers/net/wireless/rtl8189es/os_dep/linux/custom_gpio_linux.o
  CC [M]  drivers/net/wireless/rtl88x2bu/core/rtw_rm.o
  CC [M]  net/openvswitch/openvswitch_trace.o
  CC [M]  net/batman-adv/routing.o
  CC [M]  drivers/net/wireless/rockchip_wlan/rkwifi/bcmdhd/dhd_gpio.o
  CC [M]  drivers/net/wireless/rtl8192eu/hal/rtl8192e/rtl8192e_xmit.o
  CC [M]  drivers/net/wireless/rtl8812au/core/rtw_beamforming.o
  CC [M]  net/openvswitch/vport.o
  CC      fs/drop_caches.o
  CC      fs/sysctls.o
  CC [M]  drivers/net/wireless/rockchip_wlan/rkwifi/bcmdhd/dhd_static_buf.o
  CC [M]  drivers/net/wireless/rtl8812au/core/rtw_odm.o
  CC [M]  drivers/net/wireless/rtl8812au/core/rtw_rm.o
  CC [M]  drivers/net/wireless/rtl8812au/core/rtw_rm_fsm.o
  CC [M]  drivers/net/wireless/rtl8812au/core/efuse/rtw_efuse.o
  CC [M]  drivers/net/wireless/rtl8811cu/core/crypto/aes-internal-enc.o
  CC [M]  drivers/net/wireless/rtl8723ds/os_dep/linux/ioctl_cfg80211.o
  CC [M]  drivers/net/wireless/rtl8723ds/os_dep/linux/rtw_cfgvendor.o
  CC [M]  drivers/net/wireless/rtl8811cu/core/crypto/aes-gcm.o
  CC [M]  drivers/net/wireless/rtl8192eu/hal/rtl8192e/rtl8192e_sreset.o
  CC      fs/fhandle.o
  CC [M]  drivers/net/wireless/rtl8852bs/core/rtw_security.o
  CC [M]  net/batman-adv/send.o
  CC [M]  drivers/net/wireless/rtl8189es/hal/hal_intf.o
  CC [M]  net/vmw_vsock/diag.o
  CC [M]  net/mac80211/debugfs_netdev.o
  CC [M]  net/openvswitch/vport-internal_dev.o
  CC [M]  net/mac80211/debugfs_key.o
  CC [M]  net/mac80211/pm.o
  LD [M]  drivers/net/wireless/rockchip_wlan/rkwifi/bcmdhd/bcmdhd.o
  CC [M]  drivers/net/wireless/rtl8192eu/hal/rtl8192e/rtl8192e_hal_init.o
  CC [M]  net/batman-adv/soft-interface.o
  CC [M]  drivers/net/wireless/rtl8192eu/hal/rtl8192e/rtl8192e_phycfg.o
  CC [M]  drivers/net/wireless/rtl8812au/os_dep/osdep_service.o
  CC [M]  drivers/net/wireless/rtl8192eu/hal/rtl8192e/rtl8192e_rf6052.o
  CC [M]  drivers/net/wireless/rtl8192eu/hal/rtl8192e/rtl8192e_dm.o
  CC [M]  drivers/net/wireless/rtl8192eu/hal/rtl8192e/rtl8192e_rxdesc.o
  CC [M]  drivers/net/wireless/rtl88x2bu/core/rtw_rm_fsm.o
  CC [M]  drivers/net/wireless/rtl8192eu/hal/rtl8192e/rtl8192e_cmd.o
  CC [M]  drivers/net/wireless/rtl88x2bu/core/rtw_ft.o
  CC [M]  drivers/net/wireless/rtl8811cu/core/crypto/aes-ccm.o
  CC [M]  fs/binfmt_misc.o
  CC [M]  drivers/net/wireless/rtl88x2bu/core/rtw_wnm.o
  CC [M]  drivers/net/wireless/rtl8812au/os_dep/linux/os_intfs.o
  CC [M]  drivers/net/wireless/rtl8811cu/core/crypto/aes-omac1.o
  CC [M]  drivers/net/wireless/rtl8723ds/os_dep/linux/wifi_regd.o
  CC [M]  net/vmw_vsock/virtio_transport.o
  CC [M]  drivers/net/wireless/rtl8189es/hal/hal_com.o
  CC [M]  drivers/net/wireless/rtl8189es/hal/hal_com_phycfg.o
  CC [M]  net/openvswitch/vport-netdev.o
  CC [M]  net/batman-adv/trace.o
  CC [M]  drivers/net/wireless/rtl8852bs/core/rtw_debug.o
  CC [M]  drivers/net/wireless/rtl8811cu/core/crypto/ccmp.o
  CC [M]  drivers/net/wireless/rtl8811cu/core/crypto/gcmp.o
  CC [M]  drivers/net/wireless/rtl8811cu/core/crypto/aes-siv.o
  CC [M]  drivers/net/wireless/rtl8811cu/core/crypto/aes-ctr.o
  CC [M]  net/nsh/nsh.o
  CC [M]  drivers/net/wireless/rtl8192eu/hal/rtl8192e/hal8192e_fw.o
  AR      fs/built-in.a
  CC [M]  net/mac80211/rc80211_minstrel_ht.o
  CC [M]  drivers/net/wireless/rtl8811cu/core/crypto/sha256-internal.o
  CC [M]  drivers/net/wireless/rtl8192eu/hal/rtl8192e/usb/usb_halinit.o
  CC [M]  drivers/net/wireless/rtl8812au/os_dep/linux/usb_intf.o
  CC [M]  drivers/net/wireless/rtl8812au/os_dep/linux/usb_ops_linux.o
  CC [M]  drivers/net/wireless/rtl88x2bu/core/rtw_mbo.o
  CC [M]  net/hsr/hsr_main.o
  CC [M]  drivers/net/wireless/rtl8723ds/os_dep/linux/rtw_android.o
  CC [M]  drivers/net/wireless/rtl88x2bu/core/rtw_rm_util.o
  CC [M]  drivers/net/wireless/rtl8192eu/hal/rtl8192e/usb/rtl8192eu_led.o
  CC [M]  drivers/net/wireless/rtl8192eu/hal/rtl8192e/usb/rtl8192eu_xmit.o
  CC [M]  net/vmw_vsock/virtio_transport_common.o
  CC [M]  net/batman-adv/tp_meter.o
  CC [M]  drivers/net/wireless/rtl8811cu/core/crypto/sha256.o
  CC [M]  drivers/net/wireless/rtl8812au/os_dep/linux/ioctl_linux.o
  CC [M]  drivers/net/wireless/rtl8812au/os_dep/linux/xmit_linux.o
  CC [M]  drivers/net/wireless/rtl8812au/os_dep/linux/mlme_linux.o
  CC [M]  drivers/net/wireless/rtl8812au/os_dep/linux/recv_linux.o
  CC [M]  net/openvswitch/conntrack.o
  CC [M]  drivers/net/wireless/rtl8192eu/hal/rtl8192e/usb/rtl8192eu_recv.o
  CC [M]  drivers/net/wireless/rtl8189es/hal/hal_phy.o
/home/wanpublic/ubuntu-rockchip/build/linux-rockchip/drivers/net/wireless/rtl8192eu/hal/rtl8192e/usb/rtl8192eu_xmit.c: In function 'rtl8192eu_init_xmit_priv':
/home/wanpublic/ubuntu-rockchip/build/linux-rockchip/drivers/net/wireless/rtl8192eu/hal/rtl8192e/usb/rtl8192eu_xmit.c:28:22: warning: cast between incompatible function types from 'void (*)(void *)' to 'void (*)(long unsigned int)' [-Wcast-function-type]
   28 |                      (void(*)(unsigned long))rtl8192eu_xmit_tasklet,
      |                      ^
  CC [M]  net/batman-adv/translation-table.o
  CC [M]  drivers/net/wireless/rtl88x2bu/core/efuse/rtw_efuse.o
  CC [M]  drivers/net/wireless/rtl8723ds/os_dep/linux/rtw_proc.o
  CC [M]  drivers/net/wireless/rtl8192eu/hal/rtl8192e/usb/usb_ops_linux.o
  CC [M]  net/batman-adv/tvlv.o
  CC [M]  drivers/net/wireless/rtl8192eu/hal/efuse/rtl8192e/HalEfuseMask8192E_USB.o
  CC [M]  drivers/net/wireless/rtl8192eu/hal/phydm/phydm_debug.o
  CC [M]  drivers/net/wireless/rtl8812au/os_dep/linux/ioctl_cfg80211.o
  CC [M]  net/mac80211/rc80211_minstrel_ht_debugfs.o
  CC [M]  drivers/net/wireless/rtl8812au/os_dep/linux/wifi_regd.o
  CC [M]  net/hsr/hsr_framereg.o
  CC [M]  drivers/net/wireless/rtl8812au/os_dep/linux/rtw_android.o
  CC [M]  drivers/net/wireless/rtl88x2bu/core/rtw_roch.o
  CC [M]  net/openvswitch/vport-vxlan.o
  CC [M]  drivers/net/wireless/rtl8852bs/core/rtw_io.o
  CC [M]  drivers/net/wireless/rtl8811cu/core/crypto/sha256-prf.o
  CC [M]  net/vmw_vsock/vsock_loopback.o
  CC [M]  drivers/net/wireless/rtl8723ds/os_dep/linux/custom_gpio_linux.o
  CC [M]  drivers/net/wireless/rtl8852bs/core/rtw_ioctl_query.o
  CC [M]  drivers/net/wireless/rtl8189es/hal/hal_dm.o
  CC [M]  drivers/net/wireless/rtl8811cu/core/crypto/rtw_crypto_wrap.o
  LD [M]  net/vmw_vsock/vsock.o
  LD [M]  net/vmw_vsock/vsock_diag.o
  CC [M]  drivers/net/wireless/rtl8192eu/hal/phydm/phydm_antdiv.o
  CC [M]  drivers/net/wireless/rtl8192eu/hal/phydm/phydm_soml.o
  CC [M]  net/hsr/hsr_device.o
  LD [M]  net/mac80211/mac80211.o
  CC [M]  net/openvswitch/vport-geneve.o
  CC [M]  drivers/net/wireless/rtl8192eu/hal/phydm/phydm_smt_ant.o
  CC [M]  net/openvswitch/vport-gre.o
  CC [M]  drivers/net/wireless/rtl8812au/os_dep/linux/rtw_proc.o
  CC [M]  net/hsr/hsr_netlink.o
  CC [M]  net/hsr/hsr_slave.o
  CC [M]  net/hsr/hsr_forward.o
  LD [M]  net/batman-adv/batman-adv.o
  CC [M]  net/hsr/hsr_debugfs.o
  CC [M]  drivers/net/wireless/rtl88x2bu/core/crypto/aes-internal.o
  CC [M]  drivers/net/wireless/rtl88x2bu/core/crypto/aes-internal-enc.o
  CC [M]  net/qrtr/af_qrtr.o
  CC [M]  drivers/net/wireless/rtl8852bs/core/rtw_ioctl_set.o
  CC      net/devres.o
  CC      net/socket.o
  LD [M]  net/vmw_vsock/vmw_vsock_virtio_transport.o
  LD [M]  net/vmw_vsock/vmw_vsock_virtio_transport_common.o
  CC [M]  drivers/net/wireless/rtl88x2bu/core/crypto/aes-gcm.o
  CC [M]  drivers/net/wireless/rtl8723ds/hal/hal_intf.o
  CC [M]  drivers/net/wireless/rtl8811cu/core/rtw_swcrypto.o
  CC [M]  drivers/net/wireless/rtl8811cu/os_dep/osdep_service.o
  CC [M]  drivers/net/wireless/rtl8811cu/os_dep/linux/os_intfs.o
  CC [M]  drivers/net/wireless/rtl8812au/os_dep/linux/rtw_rhashtable.o
  CC [M]  drivers/net/wireless/rtl8812au/os_dep/linux/ioctl_mp.o
  CC [M]  drivers/net/wireless/rtl8852bs/core/rtw_ieee80211.o
  CC [M]  drivers/net/wireless/rtl8852bs/core/rtw_mlme.o
  CC [M]  drivers/net/wireless/rtl8852bs/core/rtw_mlme_ext.o
  CC [M]  drivers/net/wireless/rtl8189es/hal/hal_dm_acs.o
  CC [M]  drivers/net/wireless/rtl8189es/hal/hal_btcoex_wifionly.o
  CC [M]  drivers/net/wireless/rtl8189es/hal/hal_btcoex.o
  CC [M]  net/qrtr/ns.o
  LD [M]  net/openvswitch/openvswitch.o
  CC [M]  drivers/net/wireless/rtl8192eu/hal/phydm/phydm_antdect.o
  CC [M]  drivers/net/wireless/rtl8192eu/hal/phydm/phydm_interface.o
  CC      net/compat.o
  CC [M]  drivers/net/wireless/rtl8192eu/hal/phydm/phydm_phystatus.o
  CC [M]  drivers/net/wireless/rtl8192eu/hal/phydm/phydm_hwconfig.o
  LD [M]  net/hsr/hsr.o
  CC [M]  drivers/net/wireless/rtl8192eu/hal/phydm/phydm.o
  CC [M]  drivers/net/wireless/rtl88x2bu/core/crypto/aes-ccm.o
  CC [M]  drivers/net/wireless/rtl8192eu/hal/phydm/phydm_dig.o
  CC [M]  drivers/net/wireless/rtl8852bs/core/rtw_sec_cam.o
  CC [M]  drivers/net/wireless/rtl88x2bu/core/crypto/aes-omac1.o
  CC [M]  drivers/net/wireless/rtl8723ds/hal/hal_com.o
  CC [M]  drivers/net/wireless/rtl88x2bu/core/crypto/ccmp.o
  CC [M]  drivers/net/wireless/rtl8189es/hal/hal_mp.o
  CC      net/sysctl_net.o
  CC [M]  drivers/net/wireless/rtl8723ds/hal/hal_com_phycfg.o
  CC [M]  drivers/net/wireless/rtl88x2bu/core/crypto/gcmp.o
  CC [M]  drivers/net/wireless/rtl88x2bu/core/crypto/aes-siv.o
  CC [M]  drivers/net/wireless/rtl8811cu/os_dep/linux/usb_intf.o
  CC [M]  drivers/net/wireless/rtl88x2bu/core/crypto/aes-ctr.o
  CC [M]  drivers/net/wireless/rtl8192eu/hal/phydm/phydm_pathdiv.o
  CC [M]  drivers/net/wireless/rtl8811cu/os_dep/linux/usb_ops_linux.o
  CC [M]  drivers/net/wireless/rtl88x2bu/core/crypto/sha256-internal.o
  CC [M]  drivers/net/wireless/rtl88x2bu/core/crypto/sha256.o
  CC [M]  drivers/net/wireless/rtl8192eu/hal/phydm/phydm_rainfo.o
  CC [M]  drivers/net/wireless/rtl88x2bu/core/crypto/sha256-prf.o
  CC [M]  drivers/net/wireless/rtl88x2bu/core/crypto/rtw_crypto_wrap.o
  CC [M]  drivers/net/wireless/rtl8812au/hal/hal_intf.o
  CC [M]  drivers/net/wireless/rtl8811cu/os_dep/linux/ioctl_linux.o
  CC [M]  net/qrtr/tun.o
  CC [M]  drivers/net/wireless/rtl8852bs/core/rtw_mi.o
  CC [M]  drivers/net/wireless/rtl8189es/hal/hal_mcc.o
  CC [M]  drivers/net/wireless/rtl8723ds/hal/hal_phy.o
  CC [M]  drivers/net/wireless/rtl8852bs/core/rtw_wlan_util.o
  CC [M]  drivers/net/wireless/rtl88x2bu/core/rtw_swcrypto.o
  CC [M]  drivers/net/wireless/rtl8723ds/hal/hal_dm.o
  CC [M]  drivers/net/wireless/rtl8189es/hal/hal_hci/hal_sdio.o
  CC [M]  drivers/net/wireless/rtl8189es/hal/led/hal_led.o
  CC [M]  drivers/net/wireless/rtl8723ds/hal/hal_btcoex.o
  CC [M]  drivers/net/wireless/rtl8192eu/hal/phydm/phydm_dynamictxpower.o
  CC [M]  drivers/net/wireless/rtl8192eu/hal/phydm/phydm_adaptivity.o
  CC [M]  drivers/net/wireless/rtl8852bs/core/rtw_vht.o
  CC [M]  drivers/net/wireless/rtl8852bs/core/rtw_he.o
  CC [M]  drivers/net/wireless/rtl8852bs/core/rtw_eht.o
  CC [M]  net/qrtr/mhi.o
  CC [M]  drivers/net/wireless/rtl8189es/hal/led/hal_sdio_led.o
  CC [M]  drivers/net/wireless/rtl8189es/hal/HalPwrSeqCmd.o
  CC [M]  drivers/net/wireless/rtl8189es/hal/rtl8188e/Hal8188EPwrSeq.o
  CC [M]  drivers/net/wireless/rtl8189es/hal/rtl8188e/rtl8188e_xmit.o
  CC [M]  drivers/net/wireless/rtl8189es/hal/rtl8188e/rtl8188e_sreset.o
  CC [M]  drivers/net/wireless/rtl8189es/hal/rtl8188e/rtl8188e_hal_init.o
  CC [M]  drivers/net/wireless/rtl8192eu/hal/phydm/phydm_cfotracking.o
  CC [M]  drivers/net/wireless/rtl8811cu/os_dep/linux/xmit_linux.o
  CC [M]  drivers/net/wireless/rtl8192eu/hal/phydm/phydm_noisemonitor.o
  CC [M]  drivers/net/wireless/rtl8812au/hal/hal_com.o
  CC [M]  drivers/net/wireless/rtl8812au/hal/hal_com_phycfg.o
  CC [M]  drivers/net/wireless/rtl8812au/hal/hal_phy.o
  CC [M]  drivers/net/wireless/rtl88x2bu/os_dep/osdep_service.o
  CC [M]  drivers/net/wireless/rtl8192eu/hal/phydm/phydm_beamforming.o
  CC [M]  drivers/net/wireless/rtl88x2bu/os_dep/linux/os_intfs.o
  CC [M]  drivers/net/wireless/rtl8852bs/core/rtw_pwrctrl.o
  LD [M]  net/qrtr/qrtr.o
  LD [M]  net/qrtr/qrtr-tun.o
  LD [M]  net/qrtr/qrtr-mhi.o
  AR      net/built-in.a
  CC [M]  drivers/net/wireless/rtl8852bs/core/rtw_rf.o
  CC [M]  drivers/net/wireless/rtl8852bs/core/rtw_chplan.o
  CC [M]  drivers/net/wireless/rtl8192eu/hal/phydm/phydm_dfs.o
  CC [M]  drivers/net/wireless/rtl8852bs/core/rtw_regdb_phl.o
  CC [M]  drivers/net/wireless/rtl8723ds/hal/hal_mp.o
  CC [M]  drivers/net/wireless/rtl8852bs/core/rtw_chset.o
  CC [M]  drivers/net/wireless/rtl8852bs/core/rtw_dfs.o
  CC [M]  drivers/net/wireless/rtl88x2bu/os_dep/linux/usb_intf.o
  CC [M]  drivers/net/wireless/rtl88x2bu/os_dep/linux/usb_ops_linux.o
  CC [M]  drivers/net/wireless/rtl8812au/hal/hal_dm.o
  CC [M]  drivers/net/wireless/rtl8811cu/os_dep/linux/mlme_linux.o
  CC [M]  drivers/net/wireless/rtl8189es/hal/rtl8188e/rtl8188e_phycfg.o
  CC [M]  drivers/net/wireless/rtl8811cu/os_dep/linux/recv_linux.o
  CC [M]  drivers/net/wireless/rtl8189es/hal/rtl8188e/rtl8188e_rf6052.o
  CC [M]  drivers/net/wireless/rtl8723ds/hal/hal_mcc.o
  CC [M]  drivers/net/wireless/rtl8852bs/core/rtw_txpwr.o
  CC [M]  drivers/net/wireless/rtl8852bs/core/monitor/rtw_radiotap.o
  CC [M]  drivers/net/wireless/rtl8192eu/hal/phydm/txbf/halcomtxbf.o
  CC [M]  drivers/net/wireless/rtl88x2bu/os_dep/linux/ioctl_linux.o
  CC [M]  drivers/net/wireless/rtl8192eu/hal/phydm/txbf/haltxbfinterface.o
  CC [M]  drivers/net/wireless/rtl8811cu/os_dep/linux/ioctl_cfg80211.o
  CC [M]  drivers/net/wireless/rtl8811cu/os_dep/linux/rtw_cfgvendor.o
  CC [M]  drivers/net/wireless/rtl88x2bu/os_dep/linux/xmit_linux.o
  CC [M]  drivers/net/wireless/rtl8723ds/hal/hal_hci/hal_sdio.o
  CC [M]  drivers/net/wireless/rtl8852bs/core/rtw_recv.o
  CC [M]  drivers/net/wireless/rtl8192eu/hal/phydm/txbf/phydm_hal_txbf_api.o
  CC [M]  drivers/net/wireless/rtl8192eu/hal/phydm/phydm_adc_sampling.o
  CC [M]  drivers/net/wireless/rtl8192eu/hal/phydm/phydm_ccx.o
  CC [M]  drivers/net/wireless/rtl8811cu/os_dep/linux/wifi_regd.o
  CC [M]  drivers/net/wireless/rtl8852bs/core/rtw_recv_shortcut.o
  CC [M]  drivers/net/wireless/rtl8189es/hal/rtl8188e/rtl8188e_dm.o
  CC [M]  drivers/net/wireless/rtl8723ds/hal/led/hal_sdio_led.o
  CC [M]  drivers/net/wireless/rtl8723ds/hal/HalPwrSeqCmd.o
  CC [M]  drivers/net/wireless/rtl8811cu/os_dep/linux/rtw_android.o
  CC [M]  drivers/net/wireless/rtl88x2bu/os_dep/linux/mlme_linux.o
  CC [M]  drivers/net/wireless/rtl8192eu/hal/phydm/phydm_psd.o
  CC [M]  drivers/net/wireless/rtl8192eu/hal/phydm/phydm_primary_cca.o
  CC [M]  drivers/net/wireless/rtl8192eu/hal/phydm/phydm_cck_pd.o
  CC [M]  drivers/net/wireless/rtl8812au/hal/hal_dm_acs.o
  CC [M]  drivers/net/wireless/rtl88x2bu/os_dep/linux/recv_linux.o
  CC [M]  drivers/net/wireless/rtl88x2bu/os_dep/linux/ioctl_cfg80211.o
  CC [M]  drivers/net/wireless/rtl8852bs/core/rtw_sta_mgt.o
  CC [M]  drivers/net/wireless/rtl8723ds/hal/rtl8723d/Hal8723DPwrSeq.o
  CC [M]  drivers/net/wireless/rtl8852bs/core/rtw_ap.o
  CC [M]  drivers/net/wireless/rtl8852bs/core/rtw_csa.o
  CC [M]  drivers/net/wireless/rtl8811cu/os_dep/linux/rtw_proc.o
  CC [M]  drivers/net/wireless/rtl8811cu/os_dep/linux/nlrtw.o
  CC [M]  drivers/net/wireless/rtl8852bs/core/wds/rtw_wds.o
  CC [M]  drivers/net/wireless/rtl8723ds/hal/rtl8723d/rtl8723d_sreset.o
  CC [M]  drivers/net/wireless/rtl8852bs/core/mesh/rtw_mesh.o
  CC [M]  drivers/net/wireless/rtl8189es/hal/rtl8188e/rtl8188e_rxdesc.o
  CC [M]  drivers/net/wireless/rtl8189es/hal/rtl8188e/rtl8188e_cmd.o
  CC [M]  drivers/net/wireless/rtl8723ds/hal/rtl8723d/rtl8723d_hal_init.o
  CC [M]  drivers/net/wireless/rtl8811cu/os_dep/linux/rtw_rhashtable.o
  CC [M]  drivers/net/wireless/rtl8192eu/hal/phydm/phydm_rssi_monitor.o
  CC [M]  drivers/net/wireless/rtl88x2bu/os_dep/linux/rtw_cfgvendor.o
  CC [M]  drivers/net/wireless/rtl8192eu/hal/phydm/phydm_auto_dbg.o
  CC [M]  drivers/net/wireless/rtl8192eu/hal/phydm/phydm_math_lib.o
  CC [M]  drivers/net/wireless/rtl8723ds/hal/rtl8723d/rtl8723d_phycfg.o
  CC [M]  drivers/net/wireless/rtl8723ds/hal/rtl8723d/rtl8723d_rf6052.o
  CC [M]  drivers/net/wireless/rtl88x2bu/os_dep/linux/wifi_regd.o
  CC [M]  drivers/net/wireless/rtl8812au/hal/hal_btcoex_wifionly.o
  CC [M]  drivers/net/wireless/rtl88x2bu/os_dep/linux/rtw_android.o
  CC [M]  drivers/net/wireless/rtl8192eu/hal/phydm/phydm_api.o
  CC [M]  drivers/net/wireless/rtl8192eu/hal/phydm/phydm_pow_train.o
  CC [M]  drivers/net/wireless/rtl8192eu/hal/phydm/phydm_lna_sat.o
  CC [M]  drivers/net/wireless/rtl8723ds/hal/rtl8723d/rtl8723d_dm.o
  CC [M]  drivers/net/wireless/rtl8192eu/hal/phydm/phydm_pmac_tx_setting.o
  CC [M]  drivers/net/wireless/rtl8811cu/hal/hal_intf.o
  CC [M]  drivers/net/wireless/rtl8812au/hal/hal_btcoex.o
  CC [M]  drivers/net/wireless/rtl8811cu/hal/hal_com.o
  CC [M]  drivers/net/wireless/rtl8192eu/hal/phydm/phydm_mp.o
  CC [M]  drivers/net/wireless/rtl8192eu/hal/phydm/halrf/halrf.o
  CC [M]  drivers/net/wireless/rtl8192eu/hal/phydm/halrf/halrf_debug.o
  CC [M]  drivers/net/wireless/rtl8192eu/hal/phydm/halrf/halphyrf_ce.o
  CC [M]  drivers/net/wireless/rtl88x2bu/os_dep/linux/rtw_proc.o
  CC [M]  drivers/net/wireless/rtl8189es/hal/rtl8188e/hal8188e_s_fw.o
  CC [M]  drivers/net/wireless/rtl8189es/hal/rtl8188e/hal8188e_t_fw.o
  CC [M]  drivers/net/wireless/rtl8189es/hal/rtl8188e/sdio/sdio_halinit.o
  CC [M]  drivers/net/wireless/rtl8192eu/hal/phydm/halrf/halrf_powertracking_ce.o
  CC [M]  drivers/net/wireless/rtl8192eu/hal/phydm/halrf/halrf_powertracking.o
  CC [M]  drivers/net/wireless/rtl88x2bu/os_dep/linux/nlrtw.o
  CC [M]  drivers/net/wireless/rtl8723ds/hal/rtl8723d/rtl8723d_rxdesc.o
  CC [M]  drivers/net/wireless/rtl8812au/hal/hal_mp.o
  CC [M]  drivers/net/wireless/rtl8812au/hal/hal_mcc.o
  CC [M]  drivers/net/wireless/rtl8192eu/hal/phydm/halrf/halrf_kfree.o
  CC [M]  drivers/net/wireless/rtl8811cu/hal/hal_com_phycfg.o
  CC [M]  drivers/net/wireless/rtl88x2bu/os_dep/linux/rtw_rhashtable.o
  CC [M]  drivers/net/wireless/rtl8812au/hal/hal_hci/hal_usb.o
  CC [M]  drivers/net/wireless/rtl8852bs/core/mesh/rtw_mesh_pathtbl.o
  CC [M]  drivers/net/wireless/rtl8852bs/core/mesh/rtw_mesh_hwmp.o
  CC [M]  drivers/net/wireless/rtl88x2bu/hal/hal_intf.o
  CC [M]  drivers/net/wireless/rtl8852bs/core/rtw_xmit.o
  CC [M]  drivers/net/wireless/rtl8852bs/core/rtw_xmit_shortcut.o
  CC [M]  drivers/net/wireless/rtl8852bs/core/rtw_p2p.o
  CC [M]  drivers/net/wireless/rtl8852bs/core/rtw_tdls.o
  CC [M]  drivers/net/wireless/rtl8811cu/hal/hal_phy.o
  CC [M]  drivers/net/wireless/rtl8852bs/core/rtw_br_ext.o
  CC [M]  drivers/net/wireless/rtl8811cu/hal/hal_dm.o
  CC [M]  drivers/net/wireless/rtl8852bs/core/rtw_sreset.o
  CC [M]  drivers/net/wireless/rtl8189es/hal/rtl8188e/sdio/rtl8189es_led.o
  CC [M]  drivers/net/wireless/rtl8192eu/hal/phydm/rtl8192e/halhwimg8192e_mac.o
  CC [M]  drivers/net/wireless/rtl8192eu/hal/phydm/rtl8192e/halhwimg8192e_bb.o
  CC [M]  drivers/net/wireless/rtl88x2bu/hal/hal_com.o
  CC [M]  drivers/net/wireless/rtl8723ds/hal/rtl8723d/rtl8723d_cmd.o
  CC [M]  drivers/net/wireless/rtl88x2bu/hal/hal_com_phycfg.o
  CC [M]  drivers/net/wireless/rtl88x2bu/hal/hal_phy.o
  CC [M]  drivers/net/wireless/rtl8192eu/hal/phydm/rtl8192e/halhwimg8192e_rf.o
  CC [M]  drivers/net/wireless/rtl8723ds/hal/rtl8723d/hal8723d_fw.o
  CC [M]  drivers/net/wireless/rtl88x2bu/hal/hal_dm.o
  CC [M]  drivers/net/wireless/rtl8811cu/hal/hal_dm_acs.o
  CC [M]  drivers/net/wireless/rtl8189es/hal/rtl8188e/sdio/rtl8189es_xmit.o
  CC [M]  drivers/net/wireless/rtl8189es/hal/rtl8188e/sdio/rtl8189es_recv.o
  CC [M]  drivers/net/wireless/rtl8812au/hal/led/hal_led.o
  CC [M]  drivers/net/wireless/rtl88x2bu/hal/hal_dm_acs.o
  CC [M]  drivers/net/wireless/rtl8852bs/core/rtw_rm.o
  CC [M]  drivers/net/wireless/rtl88x2bu/hal/hal_btcoex_wifionly.o
  CC [M]  drivers/net/wireless/rtl8852bs/core/rtw_rm_fsm.o
  CC [M]  drivers/net/wireless/rtl88x2bu/hal/hal_btcoex.o
  CC [M]  drivers/net/wireless/rtl88x2bu/hal/hal_mp.o
  CC [M]  drivers/net/wireless/rtl88x2bu/hal/hal_mcc.o
  CC [M]  drivers/net/wireless/rtl88x2bu/hal/hal_hci/hal_usb.o
  CC [M]  drivers/net/wireless/rtl8192eu/hal/phydm/halrf/rtl8192e/halrf_8192e_ce.o
  CC [M]  drivers/net/wireless/rtl8723ds/hal/rtl8723d/rtl8723d_lps_poff.o
  CC [M]  drivers/net/wireless/rtl8852bs/core/rtw_rm_util.o
  CC [M]  drivers/net/wireless/rtl88x2bu/hal/led/hal_led.o
  CC [M]  drivers/net/wireless/rtl8852bs/core/rtw_trx.o
  CC [M]  drivers/net/wireless/rtl8852bs/core/rtw_beamforming.o
  CC [M]  drivers/net/wireless/rtl8812au/hal/led/hal_usb_led.o
  CC [M]  drivers/net/wireless/rtl8723ds/hal/rtl8723d/sdio/sdio_halinit.o
  CC [M]  drivers/net/wireless/rtl88x2bu/hal/led/hal_usb_led.o
  CC [M]  drivers/net/wireless/rtl8812au/hal/HalPwrSeqCmd.o
  CC [M]  drivers/net/wireless/rtl8811cu/hal/hal_btcoex_wifionly.o
  CC [M]  drivers/net/wireless/rtl8192eu/hal/phydm/rtl8192e/phydm_regconfig8192e.o
  CC [M]  drivers/net/wireless/rtl8192eu/hal/phydm/rtl8192e/phydm_rtl8192e.o
  CC [M]  drivers/net/wireless/rtl8189es/hal/rtl8188e/sdio/sdio_ops.o
  CC [M]  drivers/net/wireless/rtl8192eu/hal/btc/halbtc8192e1ant.o
  CC [M]  drivers/net/wireless/rtl8812au/hal/rtl8812a/Hal8812PwrSeq.o
  CC [M]  drivers/net/wireless/rtl8192eu/hal/btc/halbtc8192e2ant.o
  CC [M]  drivers/net/wireless/rtl8192eu/platform/platform_ops.o
  CC [M]  drivers/net/wireless/rtl8192eu/core/rtw_mp.o
  CC [M]  drivers/net/wireless/rtl88x2bu/hal/rtl8822b/rtl8822b_halinit.o
  CC [M]  drivers/net/wireless/rtl8812au/hal/rtl8812a/Hal8821APwrSeq.o
  CC [M]  drivers/net/wireless/rtl8811cu/hal/hal_btcoex.o
  CC [M]  drivers/net/wireless/rtl8811cu/hal/hal_mp.o
  CC [M]  drivers/net/wireless/rtl8811cu/hal/hal_mcc.o
  CC [M]  drivers/net/wireless/rtl8811cu/hal/hal_hci/hal_usb.o
  CC [M]  drivers/net/wireless/rtl88x2bu/hal/rtl8822b/rtl8822b_mac.o
  CC [M]  drivers/net/wireless/rtl88x2bu/hal/rtl8822b/rtl8822b_cmd.o
  CC [M]  drivers/net/wireless/rtl8811cu/hal/led/hal_led.o
  CC [M]  drivers/net/wireless/rtl8852bs/core/rtw_scan.o
  CC [M]  drivers/net/wireless/rtl8723ds/hal/rtl8723d/sdio/rtl8723ds_led.o
  CC [M]  drivers/net/wireless/rtl8811cu/hal/led/hal_usb_led.o
  CC [M]  drivers/net/wireless/rtl8812au/hal/rtl8812a/rtl8812a_xmit.o
  CC [M]  drivers/net/wireless/rtl88x2bu/hal/rtl8822b/rtl8822b_phy.o
  CC [M]  drivers/net/wireless/rtl8852bs/core/rtw_phl.o
  CC [M]  drivers/net/wireless/rtl8852bs/core/rtw_phl_cmd.o
  CC [M]  drivers/net/wireless/rtl88x2bu/hal/rtl8822b/rtl8822b_ops.o
  CC [M]  drivers/net/wireless/rtl8852bs/core/crypto/aes-internal.o
  CC [M]  drivers/net/wireless/rtl8812au/hal/rtl8812a/rtl8812a_sreset.o
  CC [M]  drivers/net/wireless/rtl8189es/hal/efuse/rtl8188e/HalEfuseMask8188E_SDIO.o
  CC [M]  drivers/net/wireless/rtl8812au/hal/rtl8812a/rtl8812a_hal_init.o
  CC [M]  drivers/net/wireless/rtl8723ds/hal/rtl8723d/sdio/rtl8723ds_xmit.o
  CC [M]  drivers/net/wireless/rtl8812au/hal/rtl8812a/rtl8812a_phycfg.o
  CC [M]  drivers/net/wireless/rtl8723ds/hal/rtl8723d/sdio/rtl8723ds_recv.o
  CC [M]  drivers/net/wireless/rtl8723ds/hal/rtl8723d/sdio/sdio_ops.o
  CC [M]  drivers/net/wireless/rtl88x2bu/hal/rtl8822b/hal8822b_fw.o
  CC [M]  drivers/net/wireless/rtl8852bs/core/crypto/aes-internal-enc.o
  CC [M]  drivers/net/wireless/rtl8852bs/core/crypto/aes-gcm.o
  CC [M]  drivers/net/wireless/rtl8723ds/hal/phydm/phydm_debug.o
  CC [M]  drivers/net/wireless/rtl8723ds/hal/phydm/phydm_antdiv.o
  CC [M]  drivers/net/wireless/rtl8723ds/hal/phydm/phydm_antdect.o
  CC [M]  drivers/net/wireless/rtl8811cu/hal/rtl8821c/rtl8821c_halinit.o
  CC [M]  drivers/net/wireless/rtl8723ds/hal/phydm/phydm_interface.o
  LD [M]  drivers/net/wireless/rtl8192eu/8192eu.o
  CC [M]  drivers/net/wireless/rtl8723ds/hal/phydm/phydm_hwconfig.o
  CC [M]  drivers/net/wireless/rtl8723ds/hal/phydm/phydm.o
  CC [M]  drivers/net/wireless/rtl8852bs/core/crypto/aes-ccm.o
  CC [M]  drivers/net/wireless/rtl8812au/hal/rtl8812a/rtl8812a_rf6052.o
  CC [M]  drivers/net/wireless/rtl8723ds/hal/phydm/halphyrf_ce.o
  CC [M]  drivers/net/wireless/rtl8189es/hal/phydm/phydm_debug.o
  CC [M]  drivers/net/wireless/rtl8189es/hal/phydm/phydm_antdiv.o
  CC [M]  drivers/net/wireless/rtl8811cu/hal/rtl8821c/rtl8821c_mac.o
  CC [M]  drivers/net/wireless/rtl8812au/hal/rtl8812a/rtl8812a_dm.o
  CC [M]  drivers/net/wireless/rtl8189es/hal/phydm/phydm_soml.o
  CC [M]  drivers/net/wireless/rtl8189es/hal/phydm/phydm_smt_ant.o
  CC [M]  drivers/net/wireless/rtl8852bs/core/crypto/aes-omac1.o
  CC [M]  drivers/net/wireless/rtl88x2bu/hal/rtl8822b/usb/rtl8822bu_halinit.o
  CC [M]  drivers/net/wireless/rtl8723ds/hal/phydm/phydm_edcaturbocheck.o
  CC [M]  drivers/net/wireless/rtl8723ds/hal/phydm/phydm_dig.o
  CC [M]  drivers/net/wireless/rtl8723ds/hal/phydm/phydm_pathdiv.o
  CC [M]  drivers/net/wireless/rtl8812au/hal/rtl8812a/rtl8812a_rxdesc.o
  CC [M]  drivers/net/wireless/rtl8811cu/hal/rtl8821c/rtl8821c_cmd.o
  CC [M]  drivers/net/wireless/rtl8723ds/hal/phydm/phydm_rainfo.o
  CC [M]  drivers/net/wireless/rtl8811cu/hal/rtl8821c/rtl8821c_phy.o
  CC [M]  drivers/net/wireless/rtl8811cu/hal/rtl8821c/rtl8821c_dm.o
/home/wanpublic/ubuntu-rockchip/build/linux-rockchip/drivers/net/wireless/rtl8189es/hal/phydm/phydm_debug.c: In function 'phydm_set_txagc_dbg':
/home/wanpublic/ubuntu-rockchip/build/linux-rockchip/drivers/net/wireless/rtl8189es/hal/phydm/phydm_debug.c:3374:21: warning: the comparison will always evaluate as 'true' for the pointer operand in 'input + (sizetype)((long unsigned int)((int)i + 1) * 16)' must not be NULL [-Waddress]
 3374 |                 if (input[i + 1]) {
      |                     ^~~~~
/home/wanpublic/ubuntu-rockchip/build/linux-rockchip/drivers/net/wireless/rtl8189es/hal/phydm/phydm_debug.c: In function 'phydm_debug_trace':
/home/wanpublic/ubuntu-rockchip/build/linux-rockchip/drivers/net/wireless/rtl8189es/hal/phydm/phydm_debug.c:3458:21: warning: the comparison will always evaluate as 'true' for the pointer operand in 'input + (sizetype)((long unsigned int)((int)i + 1) * 16)' must not be NULL [-Waddress]
 3458 |                 if (input[i + 1])
      |                     ^~~~~
/home/wanpublic/ubuntu-rockchip/build/linux-rockchip/drivers/net/wireless/rtl8189es/hal/phydm/phydm_debug.c: In function 'phydm_fw_debug_trace':
/home/wanpublic/ubuntu-rockchip/build/linux-rockchip/drivers/net/wireless/rtl8189es/hal/phydm/phydm_debug.c:3615:21: warning: the comparison will always evaluate as 'true' for the pointer operand in 'input + (sizetype)((long unsigned int)((int)i + 1) * 16)' must not be NULL [-Waddress]
 3615 |                 if (input[i + 1]) {
      |                     ^~~~~
/home/wanpublic/ubuntu-rockchip/build/linux-rockchip/drivers/net/wireless/rtl8189es/hal/phydm/phydm_debug.c: In function 'phydm_dump_reg':
/home/wanpublic/ubuntu-rockchip/build/linux-rockchip/drivers/net/wireless/rtl8189es/hal/phydm/phydm_debug.c:4001:13: warning: the comparison will always evaluate as 'true' for the pointer operand in 'input + 16' must not be NULL [-Waddress]
 4001 |         if (input[1])
      |             ^~~~~
/home/wanpublic/ubuntu-rockchip/build/linux-rockchip/drivers/net/wireless/rtl8189es/hal/phydm/phydm_debug.c: In function 'phydm_per_tone_evm':
/home/wanpublic/ubuntu-rockchip/build/linux-rockchip/drivers/net/wireless/rtl8189es/hal/phydm/phydm_debug.c:4183:21: warning: the comparison will always evaluate as 'true' for the pointer operand in 'input + (sizetype)((long unsigned int)((int)i + 1) * 16)' must not be NULL [-Waddress]
 4183 |                 if (input[i + 1])
      |                     ^~~~~
/home/wanpublic/ubuntu-rockchip/build/linux-rockchip/drivers/net/wireless/rtl8189es/hal/phydm/phydm_debug.c: In function 'phydm_ext_rf_element_ctrl':
/home/wanpublic/ubuntu-rockchip/build/linux-rockchip/drivers/net/wireless/rtl8189es/hal/phydm/phydm_debug.c:4437:21: warning: the comparison will always evaluate as 'true' for the pointer operand in 'input + (sizetype)((long unsigned int)((int)i + 1) * 16)' must not be NULL [-Waddress]
 4437 |                 if (input[i + 1]) {
      |                     ^~~~~
/home/wanpublic/ubuntu-rockchip/build/linux-rockchip/drivers/net/wireless/rtl8189es/hal/phydm/phydm_debug.c: In function 'phydm_reg_monitor':
/home/wanpublic/ubuntu-rockchip/build/linux-rockchip/drivers/net/wireless/rtl8189es/hal/phydm/phydm_debug.c:4863:21: warning: the comparison will always evaluate as 'true' for the pointer operand in 'input + (sizetype)((long unsigned int)((int)i + 1) * 16)' must not be NULL [-Waddress]
 4863 |                 if (input[i + 1])
      |                     ^~~~~
/home/wanpublic/ubuntu-rockchip/build/linux-rockchip/drivers/net/wireless/rtl8189es/hal/phydm/phydm_debug.c: In function 'phydm_cmd_parser':
/home/wanpublic/ubuntu-rockchip/build/linux-rockchip/drivers/net/wireless/rtl8189es/hal/phydm/phydm_debug.c:5358:21: warning: the comparison will always evaluate as 'true' for the pointer operand in 'input + 16' must not be NULL [-Waddress]
 5358 |                 if (input[1])
      |                     ^~~~~
  CC [M]  drivers/net/wireless/rtl8811cu/hal/rtl8821c/rtl8821c_ops.o
  CC [M]  drivers/net/wireless/rtl8812au/hal/rtl8812a/rtl8812a_cmd.o
  CC [M]  drivers/net/wireless/rtl8811cu/hal/rtl8821c/hal8821c_fw.o
  CC [M]  drivers/net/wireless/rtl8852bs/core/crypto/ccmp.o
  CC [M]  drivers/net/wireless/rtl8723ds/hal/phydm/phydm_dynamicbbpowersaving.o
  CC [M]  drivers/net/wireless/rtl8852bs/core/crypto/gcmp.o
  CC [M]  drivers/net/wireless/rtl8812au/hal/rtl8812a/usb/usb_halinit.o
  CC [M]  drivers/net/wireless/rtl8852bs/core/crypto/aes-siv.o
  CC [M]  drivers/net/wireless/rtl88x2bu/hal/rtl8822b/usb/rtl8822bu_halmac.o
  CC [M]  drivers/net/wireless/rtl8812au/hal/rtl8812a/usb/rtl8812au_led.o
  CC [M]  drivers/net/wireless/rtl8811cu/hal/rtl8821c/usb/rtl8821cu_halinit.o
  CC [M]  drivers/net/wireless/rtl88x2bu/hal/rtl8822b/usb/rtl8822bu_io.o
  CC [M]  drivers/net/wireless/rtl88x2bu/hal/rtl8822b/usb/rtl8822bu_xmit.o
  CC [M]  drivers/net/wireless/rtl88x2bu/hal/rtl8822b/usb/rtl8822bu_recv.o
  CC [M]  drivers/net/wireless/rtl8189es/hal/phydm/phydm_antdect.o
  CC [M]  drivers/net/wireless/rtl88x2bu/hal/rtl8822b/usb/rtl8822bu_led.o
  CC [M]  drivers/net/wireless/rtl8852bs/core/crypto/aes-ctr.o
  CC [M]  drivers/net/wireless/rtl8852bs/core/crypto/sha256-internal.o
  CC [M]  drivers/net/wireless/rtl8723ds/hal/phydm/phydm_powertracking_ce.o
  CC [M]  drivers/net/wireless/rtl8723ds/hal/phydm/phydm_dynamictxpower.o
  CC [M]  drivers/net/wireless/rtl8811cu/hal/rtl8821c/usb/rtl8821cu_halmac.o
  CC [M]  drivers/net/wireless/rtl8189es/hal/phydm/phydm_interface.o
  CC [M]  drivers/net/wireless/rtl8189es/hal/phydm/phydm_phystatus.o
  CC [M]  drivers/net/wireless/rtl8723ds/hal/phydm/phydm_adaptivity.o
  CC [M]  drivers/net/wireless/rtl8189es/hal/phydm/phydm_hwconfig.o
  CC [M]  drivers/net/wireless/rtl8189es/hal/phydm/phydm.o
  CC [M]  drivers/net/wireless/rtl8189es/hal/phydm/phydm_dig.o
  CC [M]  drivers/net/wireless/rtl8189es/hal/phydm/phydm_pathdiv.o
  CC [M]  drivers/net/wireless/rtl8811cu/hal/rtl8821c/usb/rtl8821cu_io.o
  CC [M]  drivers/net/wireless/rtl8811cu/hal/rtl8821c/usb/rtl8821cu_xmit.o
  CC [M]  drivers/net/wireless/rtl88x2bu/hal/rtl8822b/usb/rtl8822bu_ops.o
  CC [M]  drivers/net/wireless/rtl8189es/hal/phydm/phydm_rainfo.o
  CC [M]  drivers/net/wireless/rtl8189es/hal/phydm/phydm_dynamictxpower.o
  CC [M]  drivers/net/wireless/rtl8812au/hal/rtl8812a/usb/rtl8812au_xmit.o
  CC [M]  drivers/net/wireless/rtl8189es/hal/phydm/phydm_adaptivity.o
  CC [M]  drivers/net/wireless/rtl8189es/hal/phydm/phydm_cfotracking.o
  CC [M]  drivers/net/wireless/rtl8812au/hal/rtl8812a/usb/rtl8812au_recv.o
  CC [M]  drivers/net/wireless/rtl88x2bu/hal/efuse/rtl8822b/HalEfuseMask8822B_USB.o
  CC [M]  drivers/net/wireless/rtl8852bs/core/crypto/sha256.o
  CC [M]  drivers/net/wireless/rtl8852bs/core/crypto/sha256-prf.o
  CC [M]  drivers/net/wireless/rtl8852bs/core/crypto/rtw_crypto_wrap.o
  CC [M]  drivers/net/wireless/rtl88x2bu/hal/hal_halmac.o
/home/wanpublic/ubuntu-rockchip/build/linux-rockchip/drivers/net/wireless/rtl8189es/hal/phydm/phydm_phystatus.c: In function 'phydm_physts_dbg':
/home/wanpublic/ubuntu-rockchip/build/linux-rockchip/drivers/net/wireless/rtl8189es/hal/phydm/phydm_phystatus.c:3355:21: warning: the comparison will always evaluate as 'true' for the pointer operand in 'input + (sizetype)((long unsigned int)((int)i + 1) * 16)' must not be NULL [-Waddress]
 3355 |                 if (input[i + 1])
      |                     ^~~~~
  CC [M]  drivers/net/wireless/rtl88x2bu/hal/halmac/halmac_api.o
  CC [M]  drivers/net/wireless/rtl88x2bu/hal/halmac/halmac_dbg.o
/home/wanpublic/ubuntu-rockchip/build/linux-rockchip/drivers/net/wireless/rtl8189es/hal/phydm/phydm.c: In function 'phydm_supportability_en':
/home/wanpublic/ubuntu-rockchip/build/linux-rockchip/drivers/net/wireless/rtl8189es/hal/phydm/phydm.c:1690:21: warning: the comparison will always evaluate as 'true' for the pointer operand in 'input + (sizetype)((long unsigned int)((int)i + 1) * 16)' must not be NULL [-Waddress]
 1690 |                 if (input[i + 1])
      |                     ^~~~~
/home/wanpublic/ubuntu-rockchip/build/linux-rockchip/drivers/net/wireless/rtl8189es/hal/phydm/phydm.c: In function 'phydm_pause_func_console':
/home/wanpublic/ubuntu-rockchip/build/linux-rockchip/drivers/net/wireless/rtl8189es/hal/phydm/phydm.c:2064:21: warning: the comparison will always evaluate as 'true' for the pointer operand in 'input + (sizetype)((long unsigned int)(i + 1) * 16)' must not be NULL [-Waddress]
 2064 |                 if (input[i + 1])
      |                     ^~~~~
  CC [M]  drivers/net/wireless/rtl8189es/hal/phydm/phydm_noisemonitor.o
  CC [M]  drivers/net/wireless/rtl8723ds/hal/phydm/phydm_cfotracking.o
  CC [M]  drivers/net/wireless/rtl88x2bu/hal/halmac/halmac_88xx/halmac_bb_rf_88xx.o
  CC [M]  drivers/net/wireless/rtl8811cu/hal/rtl8821c/usb/rtl8821cu_recv.o
  CC [M]  drivers/net/wireless/rtl8811cu/hal/rtl8821c/usb/rtl8821cu_led.o
/home/wanpublic/ubuntu-rockchip/build/linux-rockchip/drivers/net/wireless/rtl8189es/hal/phydm/phydm_rainfo.c: In function 'phydm_h2C_debug':
/home/wanpublic/ubuntu-rockchip/build/linux-rockchip/drivers/net/wireless/rtl8189es/hal/phydm/phydm_rainfo.c:128:21: warning: the comparison will always evaluate as 'true' for the pointer operand in 'input + (sizetype)((long unsigned int)((int)i + 1) * 16)' must not be NULL [-Waddress]
  128 |                 if (input[i + 1]) {
      |                     ^~~~~
/home/wanpublic/ubuntu-rockchip/build/linux-rockchip/drivers/net/wireless/rtl8189es/hal/phydm/phydm_rainfo.c: In function 'phydm_ra_debug':
/home/wanpublic/ubuntu-rockchip/build/linux-rockchip/drivers/net/wireless/rtl8189es/hal/phydm/phydm_rainfo.c:196:21: warning: the comparison will always evaluate as 'true' for the pointer operand in 'input + (sizetype)((long unsigned int)((int)i + 1) * 16)' must not be NULL [-Waddress]
  196 |                 if (input[i + 1])
      |                     ^~~~~
  CC [M]  drivers/net/wireless/rtl8811cu/hal/rtl8821c/usb/rtl8821cu_ops.o
  CC [M]  drivers/net/wireless/rtl8812au/hal/rtl8812a/usb/usb_ops_linux.o
  CC [M]  drivers/net/wireless/rtl8723ds/hal/phydm/phydm_noisemonitor.o
  CC [M]  drivers/net/wireless/rtl8811cu/hal/efuse/rtl8821c/HalEfuseMask8821C_USB.o
/home/wanpublic/ubuntu-rockchip/build/linux-rockchip/drivers/net/wireless/rtl8189es/hal/phydm/phydm_adaptivity.c: In function 'phydm_adaptivity_debug':
/home/wanpublic/ubuntu-rockchip/build/linux-rockchip/drivers/net/wireless/rtl8189es/hal/phydm/phydm_adaptivity.c:377:21: warning: the comparison will always evaluate as 'true' for the pointer operand in 'input + (sizetype)((long unsigned int)((int)i + 1) * 16)' must not be NULL [-Waddress]
  377 |                 if (input[i + 1]) {
      |                     ^~~~~
  CC [M]  drivers/net/wireless/rtl88x2bu/hal/halmac/halmac_88xx/halmac_cfg_wmac_88xx.o
  CC [M]  drivers/net/wireless/rtl88x2bu/hal/halmac/halmac_88xx/halmac_common_88xx.o
  CC [M]  drivers/net/wireless/rtl8189es/hal/phydm/phydm_beamforming.o
  CC [M]  drivers/net/wireless/rtl88x2bu/hal/halmac/halmac_88xx/halmac_efuse_88xx.o
  CC [M]  drivers/net/wireless/rtl8189es/hal/phydm/phydm_direct_bf.o
  CC [M]  drivers/net/wireless/rtl88x2bu/hal/halmac/halmac_88xx/halmac_flash_88xx.o
  CC [M]  drivers/net/wireless/rtl8189es/hal/phydm/phydm_dfs.o
  CC [M]  drivers/net/wireless/rtl8812au/hal/efuse/rtl8812a/HalEfuseMask8812A_USB.o
  CC [M]  drivers/net/wireless/rtl8723ds/hal/phydm/phydm_acs.o
  CC [M]  drivers/net/wireless/rtl8811cu/hal/hal_halmac.o
  CC [M]  drivers/net/wireless/rtl8723ds/hal/phydm/phydm_beamforming.o
  CC [M]  drivers/net/wireless/rtl8812au/hal/efuse/rtl8812a/HalEfuseMask8821A_USB.o
  CC [M]  drivers/net/wireless/rtl8852bs/core/rtw_swcrypto.o
  CC [M]  drivers/net/wireless/rtl8812au/hal/rtl8812a/hal8812a_fw.o
  CC [M]  drivers/net/wireless/rtl8189es/hal/phydm/txbf/halcomtxbf.o
  CC [M]  drivers/net/wireless/rtl88x2bu/hal/halmac/halmac_88xx/halmac_fw_88xx.o
  CC [M]  drivers/net/wireless/rtl88x2bu/hal/halmac/halmac_88xx/halmac_gpio_88xx.o
  CC [M]  drivers/net/wireless/rtl8811cu/hal/halmac/halmac_api.o
  CC [M]  drivers/net/wireless/rtl8812au/hal/rtl8812a/hal8821a_fw.o
  CC [M]  drivers/net/wireless/rtl88x2bu/hal/halmac/halmac_88xx/halmac_init_88xx.o
  CC [M]  drivers/net/wireless/rtl8812au/hal/rtl8814a/Hal8814PwrSeq.o
  CC [M]  drivers/net/wireless/rtl8723ds/hal/phydm/phydm_dfs.o
  CC [M]  drivers/net/wireless/rtl8812au/hal/rtl8814a/rtl8814a_xmit.o
  CC [M]  drivers/net/wireless/rtl8723ds/hal/phydm/txbf/halcomtxbf.o
  CC [M]  drivers/net/wireless/rtl8189es/hal/phydm/txbf/haltxbfinterface.o
  CC [M]  drivers/net/wireless/rtl88x2bu/hal/halmac/halmac_88xx/halmac_mimo_88xx.o
  CC [M]  drivers/net/wireless/rtl8189es/hal/phydm/txbf/phydm_hal_txbf_api.o
  CC [M]  drivers/net/wireless/rtl88x2bu/hal/halmac/halmac_88xx/halmac_usb_88xx.o
  CC [M]  drivers/net/wireless/rtl8812au/hal/rtl8814a/rtl8814a_sreset.o
  CC [M]  drivers/net/wireless/rtl8723ds/hal/phydm/txbf/haltxbfinterface.o
  CC [M]  drivers/net/wireless/rtl8723ds/hal/phydm/txbf/phydm_hal_txbf_api.o
  CC [M]  drivers/net/wireless/rtl8811cu/hal/halmac/halmac_dbg.o
  CC [M]  drivers/net/wireless/rtl8812au/hal/rtl8814a/rtl8814a_hal_init.o
  CC [M]  drivers/net/wireless/rtl88x2bu/hal/halmac/halmac_88xx/halmac_8822b/halmac_cfg_wmac_8822b.o
  CC [M]  drivers/net/wireless/rtl8852bs/core/rtw_sdio.o
  CC [M]  drivers/net/wireless/rtl8811cu/hal/halmac/halmac_88xx/halmac_bb_rf_88xx.o
  CC [M]  drivers/net/wireless/rtl8723ds/hal/phydm/phydm_kfree.o
  CC [M]  drivers/net/wireless/rtl8189es/hal/phydm/phydm_adc_sampling.o
  CC [M]  drivers/net/wireless/rtl8812au/hal/rtl8814a/rtl8814a_phycfg.o
  CC [M]  drivers/net/wireless/rtl8812au/hal/rtl8814a/rtl8814a_rf6052.o
  CC [M]  drivers/net/wireless/rtl8812au/hal/rtl8814a/rtl8814a_dm.o
  CC [M]  drivers/net/wireless/rtl88x2bu/hal/halmac/halmac_88xx/halmac_8822b/halmac_common_8822b.o
  CC [M]  drivers/net/wireless/rtl8812au/hal/rtl8814a/rtl8814a_rxdesc.o
  CC [M]  drivers/net/wireless/rtl8812au/hal/rtl8814a/rtl8814a_cmd.o
  CC [M]  drivers/net/wireless/rtl88x2bu/hal/halmac/halmac_88xx/halmac_8822b/halmac_gpio_8822b.o
  CC [M]  drivers/net/wireless/rtl8723ds/hal/phydm/phydm_ccx.o
  CC [M]  drivers/net/wireless/rtl8812au/hal/rtl8814a/hal8814a_fw.o
/home/wanpublic/ubuntu-rockchip/build/linux-rockchip/drivers/net/wireless/rtl8189es/hal/phydm/txbf/phydm_hal_txbf_api.c: In function 'phydm_bf_debug':
/home/wanpublic/ubuntu-rockchip/build/linux-rockchip/drivers/net/wireless/rtl8189es/hal/phydm/txbf/phydm_hal_txbf_api.c:640:21: warning: the comparison will always evaluate as 'true' for the pointer operand in 'input + (sizetype)((long unsigned int)(i + 1) * 16)' must not be NULL [-Waddress]
  640 |                 if (input[i + 1])
      |                     ^~~~~
  CC [M]  drivers/net/wireless/rtl8723ds/hal/btc/HalBtc8192e1Ant.o
  CC [M]  drivers/net/wireless/rtl8189es/hal/phydm/phydm_ccx.o
  CC [M]  drivers/net/wireless/rtl88x2bu/hal/halmac/halmac_88xx/halmac_8822b/halmac_init_8822b.o
  CC [M]  drivers/net/wireless/rtl88x2bu/hal/halmac/halmac_88xx/halmac_8822b/halmac_phy_8822b.o
  CC [M]  drivers/net/wireless/rtl8723ds/hal/btc/HalBtc8192e2Ant.o
  CC [M]  drivers/net/wireless/rtl8811cu/hal/halmac/halmac_88xx/halmac_cfg_wmac_88xx.o
  CC [M]  drivers/net/wireless/rtl8723ds/hal/btc/HalBtc8723b1Ant.o
  CC [M]  drivers/net/wireless/rtl8812au/hal/rtl8814a/usb/usb_halinit.o
  CC [M]  drivers/net/wireless/rtl8723ds/hal/btc/HalBtc8723b2Ant.o
  CC [M]  drivers/net/wireless/rtl8811cu/hal/halmac/halmac_88xx/halmac_common_88xx.o
  CC [M]  drivers/net/wireless/rtl8852bs/core/rtw_mp.o
  CC [M]  drivers/net/wireless/rtl8812au/hal/rtl8814a/usb/rtl8814au_led.o
  CC [M]  drivers/net/wireless/rtl8852bs/core/rtw_btc.o
  CC [M]  drivers/net/wireless/rtl8852bs/phl/phl_init.o
  CC [M]  drivers/net/wireless/rtl8189es/hal/phydm/phydm_psd.o
  CC [M]  drivers/net/wireless/rtl8189es/hal/phydm/phydm_primary_cca.o
  CC [M]  drivers/net/wireless/rtl8812au/hal/rtl8814a/usb/rtl8814au_xmit.o
  CC [M]  drivers/net/wireless/rtl88x2bu/hal/halmac/halmac_88xx/halmac_8822b/halmac_pwr_seq_8822b.o
  CC [M]  drivers/net/wireless/rtl88x2bu/hal/halmac/halmac_88xx/halmac_8822b/halmac_usb_8822b.o
/home/wanpublic/ubuntu-rockchip/build/linux-rockchip/drivers/net/wireless/rtl8189es/hal/phydm/phydm_ccx.c: In function 'phydm_nhm_dbg':
/home/wanpublic/ubuntu-rockchip/build/linux-rockchip/drivers/net/wireless/rtl8189es/hal/phydm/phydm_ccx.c:1361:29: warning: the comparison will always evaluate as 'true' for the pointer operand in 'input + (sizetype)((long unsigned int)((int)i + 1) * 16)' must not be NULL [-Waddress]
 1361 |                         if (input[i + 1]) {
      |                             ^~~~~
/home/wanpublic/ubuntu-rockchip/build/linux-rockchip/drivers/net/wireless/rtl8189es/hal/phydm/phydm_ccx.c: In function 'phydm_clm_dbg':
/home/wanpublic/ubuntu-rockchip/build/linux-rockchip/drivers/net/wireless/rtl8189es/hal/phydm/phydm_ccx.c:1802:21: warning: the comparison will always evaluate as 'true' for the pointer operand in 'input + (sizetype)((long unsigned int)(i + 1) * 16)' must not be NULL [-Waddress]
 1802 |                 if (input[i + 1])
      |                     ^~~~~
  CC [M]  drivers/net/wireless/rtl8189es/hal/phydm/phydm_cck_pd.o
  CC [M]  drivers/net/wireless/rtl8189es/hal/phydm/phydm_rssi_monitor.o
  CC [M]  drivers/net/wireless/rtl8723ds/hal/btc/HalBtc8812a1Ant.o
  CC [M]  drivers/net/wireless/rtl8812au/hal/rtl8814a/usb/rtl8814au_recv.o
  CC [M]  drivers/net/wireless/rtl8811cu/hal/halmac/halmac_88xx/halmac_efuse_88xx.o
  CC [M]  drivers/net/wireless/rtl8852bs/phl/phl_debug.o
  CC [M]  drivers/net/wireless/rtl8723ds/hal/btc/HalBtc8812a2Ant.o
  CC [M]  drivers/net/wireless/rtl88x2bu/hal/phydm/phydm_debug.o
  CC [M]  drivers/net/wireless/rtl8811cu/hal/halmac/halmac_88xx/halmac_flash_88xx.o
  CC [M]  drivers/net/wireless/rtl8852bs/phl/phl_tx.o
  CC [M]  drivers/net/wireless/rtl8189es/hal/phydm/phydm_auto_dbg.o
  CC [M]  drivers/net/wireless/rtl8723ds/hal/btc/HalBtc8821a1Ant.o
  CC [M]  drivers/net/wireless/rtl8812au/hal/rtl8814a/usb/usb_ops_linux.o
  CC [M]  drivers/net/wireless/rtl8723ds/hal/btc/HalBtc8821a2Ant.o
  CC [M]  drivers/net/wireless/rtl8189es/hal/phydm/phydm_math_lib.o
  CC [M]  drivers/net/wireless/rtl8189es/hal/phydm/phydm_api.o
/home/wanpublic/ubuntu-rockchip/build/linux-rockchip/drivers/net/wireless/rtl8189es/hal/phydm/phydm_psd.c: In function 'phydm_psd_debug':
/home/wanpublic/ubuntu-rockchip/build/linux-rockchip/drivers/net/wireless/rtl8189es/hal/phydm/phydm_psd.c:421:29: warning: the comparison will always evaluate as 'true' for the pointer operand in 'input + (sizetype)((long unsigned int)((int)i + 1) * 16)' must not be NULL [-Waddress]
  421 |                         if (input[i + 1])
      |                             ^~~~~
  CC [M]  drivers/net/wireless/rtl8189es/hal/phydm/phydm_pow_train.o
  CC [M]  drivers/net/wireless/rtl8812au/hal/efuse/rtl8814a/HalEfuseMask8814A_USB.o
  CC [M]  drivers/net/wireless/rtl88x2bu/hal/phydm/phydm_antdiv.o
  CC [M]  drivers/net/wireless/rtl8189es/hal/phydm/phydm_lna_sat.o
  CC [M]  drivers/net/wireless/rtl8189es/hal/phydm/phydm_pmac_tx_setting.o
  CC [M]  drivers/net/wireless/rtl88x2bu/hal/phydm/phydm_soml.o
  CC [M]  drivers/net/wireless/rtl88x2bu/hal/phydm/phydm_smt_ant.o
  CC [M]  drivers/net/wireless/rtl8811cu/hal/halmac/halmac_88xx/halmac_fw_88xx.o
  CC [M]  drivers/net/wireless/rtl8811cu/hal/halmac/halmac_88xx/halmac_gpio_88xx.o
  CC [M]  drivers/net/wireless/rtl8723ds/hal/btc/HalBtc8821aCsr2Ant.o
  CC [M]  drivers/net/wireless/rtl8723ds/hal/btc/HalBtc8703b1Ant.o
  CC [M]  drivers/net/wireless/rtl8852bs/phl/phl_rx.o
  CC [M]  drivers/net/wireless/rtl8723ds/hal/btc/halbtc8723d1ant.o
  CC [M]  drivers/net/wireless/rtl8723ds/hal/btc/halbtc8723d2ant.o
  CC [M]  drivers/net/wireless/rtl8852bs/phl/phl_rx_agg.o
  CC [M]  drivers/net/wireless/rtl8723ds/hal/btc/HalBtc8822b1Ant.o
  CC [M]  drivers/net/wireless/rtl8723ds/hal/btc/halbtc8821c1ant.o
/home/wanpublic/ubuntu-rockchip/build/linux-rockchip/drivers/net/wireless/rtl8189es/hal/phydm/phydm_api.c: In function 'phydm_nbi_debug':
/home/wanpublic/ubuntu-rockchip/build/linux-rockchip/drivers/net/wireless/rtl8189es/hal/phydm/phydm_api.c:1702:21: warning: the comparison will always evaluate as 'true' for the pointer operand in 'input + (sizetype)((long unsigned int)((int)i + 1) * 16)' must not be NULL [-Waddress]
 1702 |                 if (input[i + 1]) {
      |                     ^~~~~
/home/wanpublic/ubuntu-rockchip/build/linux-rockchip/drivers/net/wireless/rtl8189es/hal/phydm/phydm_api.c: In function 'phydm_csi_debug':
/home/wanpublic/ubuntu-rockchip/build/linux-rockchip/drivers/net/wireless/rtl8189es/hal/phydm/phydm_api.c:1794:21: warning: the comparison will always evaluate as 'true' for the pointer operand in 'input + (sizetype)((long unsigned int)((int)i + 1) * 16)' must not be NULL [-Waddress]
 1794 |                 if (input[i + 1]) {
      |                     ^~~~~
  CC [M]  drivers/net/wireless/rtl8811cu/hal/halmac/halmac_88xx/halmac_init_88xx.o
  CC [M]  drivers/net/wireless/rtl8811cu/hal/halmac/halmac_88xx/halmac_mimo_88xx.o
  CC [M]  drivers/net/wireless/rtl8723ds/hal/btc/halbtc8821c2ant.o
  CC [M]  drivers/net/wireless/rtl8812au/hal/phydm/phydm_debug.o
  CC [M]  drivers/net/wireless/rtl8812au/hal/phydm/phydm_antdiv.o
  CC [M]  drivers/net/wireless/rtl8852bs/phl/phl_api_drv.o
  CC [M]  drivers/net/wireless/rtl8189es/hal/phydm/phydm_mp.o
  CC [M]  drivers/net/wireless/rtl8812au/hal/phydm/phydm_soml.o
  CC [M]  drivers/net/wireless/rtl8189es/hal/phydm/phydm_cck_rx_pathdiv.o
  CC [M]  drivers/net/wireless/rtl88x2bu/hal/phydm/phydm_antdect.o
  CC [M]  drivers/net/wireless/rtl8723ds/hal/phydm/rtl8723d/halhwimg8723d_bb.o
  CC [M]  drivers/net/wireless/rtl8723ds/hal/phydm/rtl8723d/halhwimg8723d_mac.o
  CC [M]  drivers/net/wireless/rtl88x2bu/hal/phydm/phydm_interface.o
  CC [M]  drivers/net/wireless/rtl8811cu/hal/halmac/halmac_88xx/halmac_usb_88xx.o
  CC [M]  drivers/net/wireless/rtl88x2bu/hal/phydm/phydm_phystatus.o
  CC [M]  drivers/net/wireless/rtl88x2bu/hal/phydm/phydm_hwconfig.o
  CC [M]  drivers/net/wireless/rtl8723ds/hal/phydm/rtl8723d/halhwimg8723d_rf.o
  CC [M]  drivers/net/wireless/rtl8811cu/hal/halmac/halmac_88xx/halmac_8821c/halmac_cfg_wmac_8821c.o
  CC [M]  drivers/net/wireless/rtl8811cu/hal/halmac/halmac_88xx/halmac_8821c/halmac_common_8821c.o
  CC [M]  drivers/net/wireless/rtl8811cu/hal/halmac/halmac_88xx/halmac_8821c/halmac_gpio_8821c.o
  CC [M]  drivers/net/wireless/rtl8811cu/hal/halmac/halmac_88xx/halmac_8821c/halmac_init_8821c.o
  CC [M]  drivers/net/wireless/rtl8723ds/hal/phydm/rtl8723d/halhwimg8723d_fw.o
  CC [M]  drivers/net/wireless/rtl8811cu/hal/halmac/halmac_88xx/halmac_8821c/halmac_phy_8821c.o
  CC [M]  drivers/net/wireless/rtl8852bs/phl/phl_role.o
  CC [M]  drivers/net/wireless/rtl8811cu/hal/halmac/halmac_88xx/halmac_8821c/halmac_pwr_seq_8821c.o
  CC [M]  drivers/net/wireless/rtl8189es/hal/phydm/halrf/halrf.o
  CC [M]  drivers/net/wireless/rtl8189es/hal/phydm/halrf/halrf_debug.o
  CC [M]  drivers/net/wireless/rtl8189es/hal/phydm/halrf/halphyrf_ce.o
  CC [M]  drivers/net/wireless/rtl8812au/hal/phydm/phydm_smt_ant.o
  CC [M]  drivers/net/wireless/rtl8812au/hal/phydm/phydm_antdect.o
  CC [M]  drivers/net/wireless/rtl8723ds/hal/phydm/rtl8723d/phydm_regconfig8723d.o
  CC [M]  drivers/net/wireless/rtl8723ds/hal/phydm/rtl8723d/phydm_rtl8723d.o
  CC [M]  drivers/net/wireless/rtl8811cu/hal/halmac/halmac_88xx/halmac_8821c/halmac_usb_8821c.o
  CC [M]  drivers/net/wireless/rtl8852bs/phl/phl_sta.o
  CC [M]  drivers/net/wireless/rtl8852bs/phl/phl_mr.o
  CC [M]  drivers/net/wireless/rtl88x2bu/hal/phydm/phydm.o
  CC [M]  drivers/net/wireless/rtl88x2bu/hal/phydm/phydm_dig.o
  CC [M]  drivers/net/wireless/rtl8811cu/hal/phydm/phydm_debug.o
  CC [M]  drivers/net/wireless/rtl88x2bu/hal/phydm/phydm_pathdiv.o
  CC [M]  drivers/net/wireless/rtl8812au/hal/phydm/phydm_interface.o
  CC [M]  drivers/net/wireless/rtl8723ds/hal/phydm/rtl8723d/halphyrf_8723d.o
  CC [M]  drivers/net/wireless/rtl8723ds/platform/platform_ops.o
  CC [M]  drivers/net/wireless/rtl88x2bu/hal/phydm/phydm_rainfo.o
/home/wanpublic/ubuntu-rockchip/build/linux-rockchip/drivers/net/wireless/rtl8189es/hal/phydm/halrf/halrf.c: In function 'halrf_support_ability_debug':
/home/wanpublic/ubuntu-rockchip/build/linux-rockchip/drivers/net/wireless/rtl8189es/hal/phydm/halrf/halrf.c:800:21: warning: the comparison will always evaluate as 'true' for the pointer operand in 'input + (sizetype)((long unsigned int)((int)i + 1) * 16)' must not be NULL [-Waddress]
  800 |                 if (input[i + 1])
      |                     ^~~~~
  CC [M]  drivers/net/wireless/rtl88x2bu/hal/phydm/phydm_dynamictxpower.o
  CC [M]  drivers/net/wireless/rtl8852bs/phl/phl_mr_coex.o
  CC [M]  drivers/net/wireless/rtl8189es/hal/phydm/halrf/halrf_powertracking_ce.o
  CC [M]  drivers/net/wireless/rtl8189es/hal/phydm/halrf/halrf_powertracking.o
  CC [M]  drivers/net/wireless/rtl88x2bu/hal/phydm/phydm_adaptivity.o
/home/wanpublic/ubuntu-rockchip/build/linux-rockchip/drivers/net/wireless/rtl8189es/hal/phydm/halrf/halrf_debug.c: In function 'halrf_debug_trace':
/home/wanpublic/ubuntu-rockchip/build/linux-rockchip/drivers/net/wireless/rtl8189es/hal/phydm/halrf/halrf_debug.c:154:21: warning: the comparison will always evaluate as 'true' for the pointer operand in 'input + (sizetype)((long unsigned int)((int)i + 1) * 16)' must not be NULL [-Waddress]
  154 |                 if (input[i + 1])
      |                     ^~~~~
/home/wanpublic/ubuntu-rockchip/build/linux-rockchip/drivers/net/wireless/rtl8189es/hal/phydm/halrf/halrf_debug.c: In function 'halrf_cmd_parser':
/home/wanpublic/ubuntu-rockchip/build/linux-rockchip/drivers/net/wireless/rtl8189es/hal/phydm/halrf/halrf_debug.c:305:29: warning: the comparison will always evaluate as 'true' for the pointer operand in 'input + (sizetype)((long unsigned int)(i + 1) * 16)' must not be NULL [-Waddress]
  305 |                         if (input[i + 1]) {
      |                             ^~~~~
  CC [M]  drivers/net/wireless/rtl8189es/hal/phydm/halrf/halrf_kfree.o
  CC [M]  drivers/net/wireless/rtl8852bs/phl/phl_sec.o
  CC [M]  drivers/net/wireless/rtl8852bs/phl/phl_chan.o
  CC [M]  drivers/net/wireless/rtl88x2bu/hal/phydm/phydm_cfotracking.o
  CC [M]  drivers/net/wireless/rtl8852bs/phl/phl_sw_cap.o
  CC [M]  drivers/net/wireless/rtl88x2bu/hal/phydm/phydm_noisemonitor.o
  CC [M]  drivers/net/wireless/rtl8852bs/phl/phl_util.o
  CC [M]  drivers/net/wireless/rtl8852bs/phl/phl_pkt_ofld.o
  CC [M]  drivers/net/wireless/rtl8811cu/hal/phydm/phydm_antdiv.o
  CC [M]  drivers/net/wireless/rtl8812au/hal/phydm/phydm_phystatus.o
  CC [M]  drivers/net/wireless/rtl8811cu/hal/phydm/phydm_soml.o
  CC [M]  drivers/net/wireless/rtl88x2bu/hal/phydm/phydm_beamforming.o
  CC [M]  drivers/net/wireless/rtl8189es/hal/phydm/halrf/halrf_psd.o
  CC [M]  drivers/net/wireless/rtl8189es/hal/phydm/rtl8188e/halhwimg8188e_mac.o
  CC [M]  drivers/net/wireless/rtl8189es/hal/phydm/rtl8188e/halhwimg8188e_bb.o
  CC [M]  drivers/net/wireless/rtl8852bs/phl/phl_connect.o
  CC [M]  drivers/net/wireless/rtl88x2bu/hal/phydm/phydm_direct_bf.o
  CC [M]  drivers/net/wireless/rtl88x2bu/hal/phydm/phydm_dfs.o
  CC [M]  drivers/net/wireless/rtl88x2bu/hal/phydm/txbf/halcomtxbf.o
  CC [M]  drivers/net/wireless/rtl8189es/hal/phydm/rtl8188e/halhwimg8188e_rf.o
  CC [M]  drivers/net/wireless/rtl8852bs/phl/phl_chan_info.o
  CC [M]  drivers/net/wireless/rtl88x2bu/hal/phydm/txbf/haltxbfinterface.o
  CC [M]  drivers/net/wireless/rtl8189es/hal/phydm/halrf/rtl8188e/halrf_8188e_ce.o
  CC [M]  drivers/net/wireless/rtl88x2bu/hal/phydm/txbf/phydm_hal_txbf_api.o
  CC [M]  drivers/net/wireless/rtl88x2bu/hal/phydm/phydm_adc_sampling.o
  LD [M]  drivers/net/wireless/rtl8723ds/8723ds.o
  CC [M]  drivers/net/wireless/rtl88x2bu/hal/phydm/phydm_ccx.o
  CC [M]  drivers/net/wireless/rtl88x2bu/hal/phydm/phydm_psd.o
  CC [M]  drivers/net/wireless/rtl8811cu/hal/phydm/phydm_smt_ant.o
  CC [M]  drivers/net/wireless/rtl8811cu/hal/phydm/phydm_antdect.o
  CC [M]  drivers/net/wireless/rtl8189es/hal/phydm/rtl8188e/phydm_regconfig8188e.o
  CC [M]  drivers/net/wireless/rtl8189es/hal/phydm/rtl8188e/hal8188erateadaptive.o
  CC [M]  drivers/net/wireless/rtl8812au/hal/phydm/phydm_hwconfig.o
  CC [M]  drivers/net/wireless/rtl8189es/hal/phydm/rtl8188e/phydm_rtl8188e.o
  CC [M]  drivers/net/wireless/rtl8852bs/phl/phl_wow.o
  CC [M]  drivers/net/wireless/rtl8812au/hal/phydm/phydm.o
  CC [M]  drivers/net/wireless/rtl8852bs/phl/phl_dm.o
  CC [M]  drivers/net/wireless/rtl8811cu/hal/phydm/phydm_interface.o
  CC [M]  drivers/net/wireless/rtl8811cu/hal/phydm/phydm_phystatus.o
  CC [M]  drivers/net/wireless/rtl8811cu/hal/phydm/phydm_hwconfig.o
  CC [M]  drivers/net/wireless/rtl88x2bu/hal/phydm/phydm_primary_cca.o
  CC [M]  drivers/net/wireless/rtl8852bs/phl/phl_chnlplan.o
  CC [M]  drivers/net/wireless/rtl8852bs/phl/phl_country.o
  CC [M]  drivers/net/wireless/rtl88x2bu/hal/phydm/phydm_cck_pd.o
  CC [M]  drivers/net/wireless/rtl8852bs/phl/phl_chnlplan_6g.o
  CC [M]  drivers/net/wireless/rtl8811cu/hal/phydm/phydm.o
  CC [M]  drivers/net/wireless/rtl8189es/platform/platform_ops.o
  CC [M]  drivers/net/wireless/rtl8852bs/phl/phl_regulation.o
  CC [M]  drivers/net/wireless/rtl88x2bu/hal/phydm/phydm_rssi_monitor.o
  CC [M]  drivers/net/wireless/rtl8852bs/phl/phl_regulation_6g.o
  CC [M]  drivers/net/wireless/rtl8852bs/phl/phl_led.o
  CC [M]  drivers/net/wireless/rtl8811cu/hal/phydm/phydm_dig.o
  CC [M]  drivers/net/wireless/rtl8189es/core/rtw_mp.o
  CC [M]  drivers/net/wireless/rtl88x2bu/hal/phydm/phydm_auto_dbg.o
  CC [M]  drivers/net/wireless/rtl8812au/hal/phydm/phydm_dig.o
  CC [M]  drivers/net/wireless/rtl8812au/hal/phydm/phydm_pathdiv.o
  CC [M]  drivers/net/wireless/rtl8812au/hal/phydm/phydm_rainfo.o
  CC [M]  drivers/net/wireless/rtl88x2bu/hal/phydm/phydm_math_lib.o
  CC [M]  drivers/net/wireless/rtl8852bs/phl/phl_trx_mit.o
  CC [M]  drivers/net/wireless/rtl8812au/hal/phydm/phydm_dynamictxpower.o
  CC [M]  drivers/net/wireless/rtl8812au/hal/phydm/phydm_adaptivity.o
  CC [M]  drivers/net/wireless/rtl8812au/hal/phydm/phydm_cfotracking.o
  CC [M]  drivers/net/wireless/rtl88x2bu/hal/phydm/phydm_api.o
  CC [M]  drivers/net/wireless/rtl8852bs/phl/phl_acs.o
  CC [M]  drivers/net/wireless/rtl8812au/hal/phydm/phydm_noisemonitor.o
  CC [M]  drivers/net/wireless/rtl8852bs/phl/phl_mcc.o
  CC [M]  drivers/net/wireless/rtl8811cu/hal/phydm/phydm_pathdiv.o
  CC [M]  drivers/net/wireless/rtl88x2bu/hal/phydm/phydm_pow_train.o
  CC [M]  drivers/net/wireless/rtl88x2bu/hal/phydm/phydm_lna_sat.o
  CC [M]  drivers/net/wireless/rtl8811cu/hal/phydm/phydm_rainfo.o
  CC [M]  drivers/net/wireless/rtl8852bs/phl/phl_ecsa.o
  CC [M]  drivers/net/wireless/rtl8811cu/hal/phydm/phydm_dynamictxpower.o
  CC [M]  drivers/net/wireless/rtl8811cu/hal/phydm/phydm_adaptivity.o
  CC [M]  drivers/net/wireless/rtl8811cu/hal/phydm/phydm_cfotracking.o
  CC [M]  drivers/net/wireless/rtl8812au/hal/phydm/phydm_beamforming.o
  CC [M]  drivers/net/wireless/rtl88x2bu/hal/phydm/phydm_pmac_tx_setting.o
  CC [M]  drivers/net/wireless/rtl8852bs/phl/test/phl_dbg_cmd.o
  CC [M]  drivers/net/wireless/rtl88x2bu/hal/phydm/phydm_mp.o
  CC [M]  drivers/net/wireless/rtl88x2bu/hal/phydm/phydm_cck_rx_pathdiv.o
  LD [M]  drivers/net/wireless/rtl8189es/8189es.o
  CC [M]  drivers/net/wireless/rtl8811cu/hal/phydm/phydm_noisemonitor.o
  CC [M]  drivers/net/wireless/rtl8811cu/hal/phydm/phydm_beamforming.o
  CC [M]  drivers/net/wireless/rtl8852bs/phl/test/phl_ser_dbg_cmd.o
  CC [M]  drivers/net/wireless/rtl8812au/hal/phydm/phydm_dfs.o
  CC [M]  drivers/net/wireless/rtl8811cu/hal/phydm/phydm_direct_bf.o
  CC [M]  drivers/net/wireless/rtl8811cu/hal/phydm/phydm_dfs.o
  CC [M]  drivers/net/wireless/rtl8812au/hal/phydm/txbf/halcomtxbf.o
  CC [M]  drivers/net/wireless/rtl8852bs/phl/phl_msg_hub.o
  CC [M]  drivers/net/wireless/rtl8852bs/phl/phl_sound.o
  CC [M]  drivers/net/wireless/rtl8812au/hal/phydm/txbf/haltxbfinterface.o
  CC [M]  drivers/net/wireless/rtl8852bs/phl/phl_twt.o
  CC [M]  drivers/net/wireless/rtl8852bs/phl/phl_notify.o
  CC [M]  drivers/net/wireless/rtl8852bs/phl/phl_sound_cmd.o
  CC [M]  drivers/net/wireless/rtl8852bs/phl/phl_p2pps.o
  CC [M]  drivers/net/wireless/rtl88x2bu/hal/phydm/halrf/halrf.o
  CC [M]  drivers/net/wireless/rtl8852bs/phl/phl_thermal.o
  CC [M]  drivers/net/wireless/rtl88x2bu/hal/phydm/halrf/halrf_debug.o
  CC [M]  drivers/net/wireless/rtl8852bs/phl/phl_txpwr.o
  CC [M]  drivers/net/wireless/rtl8852bs/phl/phl_ext_tx_pwr_lmt.o
  CC [M]  drivers/net/wireless/rtl88x2bu/hal/phydm/halrf/halphyrf_ce.o
  CC [M]  drivers/net/wireless/rtl8812au/hal/phydm/txbf/phydm_hal_txbf_api.o
  CC [M]  drivers/net/wireless/rtl8812au/hal/phydm/phydm_adc_sampling.o
  CC [M]  drivers/net/wireless/rtl8812au/hal/phydm/phydm_ccx.o
  CC [M]  drivers/net/wireless/rtl8812au/hal/phydm/phydm_psd.o
  CC [M]  drivers/net/wireless/rtl8812au/hal/phydm/phydm_primary_cca.o
  CC [M]  drivers/net/wireless/rtl88x2bu/hal/phydm/halrf/halrf_powertracking_ce.o
  CC [M]  drivers/net/wireless/rtl8812au/hal/phydm/phydm_cck_pd.o
  CC [M]  drivers/net/wireless/rtl8811cu/hal/phydm/txbf/halcomtxbf.o
  CC [M]  drivers/net/wireless/rtl8812au/hal/phydm/phydm_rssi_monitor.o
  CC [M]  drivers/net/wireless/rtl88x2bu/hal/phydm/halrf/halrf_powertracking.o
  CC [M]  drivers/net/wireless/rtl88x2bu/hal/phydm/halrf/halrf_kfree.o
  CC [M]  drivers/net/wireless/rtl88x2bu/hal/phydm/halrf/halrf_psd.o
  CC [M]  drivers/net/wireless/rtl8852bs/phl/phl_dfs.o
  CC [M]  drivers/net/wireless/rtl8811cu/hal/phydm/txbf/haltxbfinterface.o
  CC [M]  drivers/net/wireless/rtl8811cu/hal/phydm/txbf/phydm_hal_txbf_api.o
  CC [M]  drivers/net/wireless/rtl8811cu/hal/phydm/phydm_adc_sampling.o
  CC [M]  drivers/net/wireless/rtl8812au/hal/phydm/phydm_auto_dbg.o
  CC [M]  drivers/net/wireless/rtl8812au/hal/phydm/phydm_math_lib.o
  CC [M]  drivers/net/wireless/rtl88x2bu/hal/phydm/rtl8822b/halhwimg8822b_bb.o
  CC [M]  drivers/net/wireless/rtl88x2bu/hal/phydm/rtl8822b/halhwimg8822b_mac.o
  CC [M]  drivers/net/wireless/rtl88x2bu/hal/phydm/halrf/rtl8822b/halrf_8822b.o
/home/wanpublic/ubuntu-rockchip/build/linux-rockchip/drivers/net/wireless/rtl88x2bu/hal/phydm/halrf/rtl8822b/halrf_8822b.c:27:29: warning: "ODM_WIN" is not defined, evaluates to 0 [-Wundef]
   27 | #if (DM_ODM_SUPPORT_TYPE == ODM_WIN)
      |                             ^~~~~~~
  CC [M]  drivers/net/wireless/rtl8852bs/phl/phl_scanofld.o
  CC [M]  drivers/net/wireless/rtl88x2bu/hal/phydm/rtl8822b/phydm_hal_api8822b.o
  CC [M]  drivers/net/wireless/rtl8812au/hal/phydm/phydm_api.o
  CC [M]  drivers/net/wireless/rtl88x2bu/hal/phydm/halrf/rtl8822b/halhwimg8822b_rf.o
/home/wanpublic/ubuntu-rockchip/build/linux-rockchip/drivers/net/wireless/rtl88x2bu/hal/phydm/halrf/rtl8822b/halhwimg8822b_rf.c:29:29: warning: "ODM_WIN" is not defined, evaluates to 0 [-Wundef]
   29 | #if (DM_ODM_SUPPORT_TYPE == ODM_WIN)
      |                             ^~~~~~~
  CC [M]  drivers/net/wireless/rtl8812au/hal/phydm/phydm_pow_train.o
  CC [M]  drivers/net/wireless/rtl8812au/hal/phydm/phydm_lna_sat.o
  CC [M]  drivers/net/wireless/rtl88x2bu/hal/phydm/halrf/rtl8822b/halrf_iqk_8822b.o
/home/wanpublic/ubuntu-rockchip/build/linux-rockchip/drivers/net/wireless/rtl88x2bu/hal/phydm/halrf/rtl8822b/halrf_iqk_8822b.c:27:29: warning: "ODM_WIN" is not defined, evaluates to 0 [-Wundef]
   27 | #if (DM_ODM_SUPPORT_TYPE == ODM_WIN)
      |                             ^~~~~~~
  CC [M]  drivers/net/wireless/rtl8852bs/phl/phl_ie.o
  CC [M]  drivers/net/wireless/rtl8852bs/phl/phl_ps.o
  CC [M]  drivers/net/wireless/rtl8811cu/hal/phydm/phydm_ccx.o
  CC [M]  drivers/net/wireless/rtl8811cu/hal/phydm/phydm_psd.o
  CC [M]  drivers/net/wireless/rtl8811cu/hal/phydm/phydm_primary_cca.o
  CC [M]  drivers/net/wireless/rtl8811cu/hal/phydm/phydm_cck_pd.o
  CC [M]  drivers/net/wireless/rtl8811cu/hal/phydm/phydm_rssi_monitor.o
  CC [M]  drivers/net/wireless/rtl88x2bu/hal/phydm/halrf/rtl8822b/halrf_rfk_init_8822b.o
/home/wanpublic/ubuntu-rockchip/build/linux-rockchip/drivers/net/wireless/rtl88x2bu/hal/phydm/halrf/rtl8822b/halrf_rfk_init_8822b.c:17:29: warning: "ODM_WIN" is not defined, evaluates to 0 [-Wundef]
   17 | #if (DM_ODM_SUPPORT_TYPE == ODM_WIN)
      |                             ^~~~~~~
  CC [M]  drivers/net/wireless/rtl8811cu/hal/phydm/phydm_auto_dbg.o
  CC [M]  drivers/net/wireless/rtl8811cu/hal/phydm/phydm_math_lib.o
  CC [M]  drivers/net/wireless/rtl8852bs/phl/test/phl_ps_dbg_cmd.o
  CC [M]  drivers/net/wireless/rtl8812au/hal/phydm/phydm_pmac_tx_setting.o
  CC [M]  drivers/net/wireless/rtl8811cu/hal/phydm/phydm_api.o
  CC [M]  drivers/net/wireless/rtl8852bs/phl/phl_cmd_ps.o
/home/wanpublic/ubuntu-rockchip/build/linux-rockchip/drivers/net/wireless/rtl88x2bu/hal/phydm/halrf/rtl8822b/halrf_iqk_8822b.c: In function '_lok_one_shot_8822b':
/home/wanpublic/ubuntu-rockchip/build/linux-rockchip/drivers/net/wireless/rtl88x2bu/hal/phydm/halrf/rtl8822b/halrf_iqk_8822b.c:960:13: warning: enum constant in boolean context [-Wint-in-bool-context]
  960 |         if (DBG_RF_IQK) {
      |             ^~~~~~~~~~
  CC [M]  drivers/net/wireless/rtl8852bs/phl/phl_cmd_dispatch_engine.o
  CC [M]  drivers/net/wireless/rtl88x2bu/hal/phydm/rtl8822b/phydm_regconfig8822b.o
  CC [M]  drivers/net/wireless/rtl8812au/hal/phydm/phydm_mp.o
  CC [M]  drivers/net/wireless/rtl8811cu/hal/phydm/phydm_pow_train.o
  CC [M]  drivers/net/wireless/rtl8852bs/phl/phl_cmd_dispatcher.o
  CC [M]  drivers/net/wireless/rtl8812au/hal/phydm/halrf/halrf.o
  CC [M]  drivers/net/wireless/rtl8812au/hal/phydm/halrf/halrf_debug.o
  CC [M]  drivers/net/wireless/rtl88x2bu/hal/phydm/rtl8822b/phydm_rtl8822b.o
  CC [M]  drivers/net/wireless/rtl88x2bu/hal/phydm/txbf/haltxbf8822b.o
  CC [M]  drivers/net/wireless/rtl88x2bu/hal/btc/halbtc8822bwifionly.o
  CC [M]  drivers/net/wireless/rtl88x2bu/hal/btc/halbtc8822b1ant.o
  CC [M]  drivers/net/wireless/rtl8811cu/hal/phydm/phydm_lna_sat.o
  CC [M]  drivers/net/wireless/rtl88x2bu/hal/btc/halbtc8822b2ant.o
  CC [M]  drivers/net/wireless/rtl88x2bu/platform/platform_ops.o
  CC [M]  drivers/net/wireless/rtl8811cu/hal/phydm/phydm_pmac_tx_setting.o
  CC [M]  drivers/net/wireless/rtl8852bs/phl/phl_cmd_dispr_controller.o
  CC [M]  drivers/net/wireless/rtl8811cu/hal/phydm/phydm_mp.o
  CC [M]  drivers/net/wireless/rtl8811cu/hal/phydm/phydm_cck_rx_pathdiv.o
  CC [M]  drivers/net/wireless/rtl8812au/hal/phydm/halrf/halphyrf_ce.o
  CC [M]  drivers/net/wireless/rtl8812au/hal/phydm/halrf/halrf_powertracking_ce.o
  CC [M]  drivers/net/wireless/rtl8812au/hal/phydm/halrf/halrf_powertracking.o
  CC [M]  drivers/net/wireless/rtl8812au/hal/phydm/halrf/halrf_kfree.o
  CC [M]  drivers/net/wireless/rtl8812au/hal/phydm/rtl8812a/halhwimg8812a_mac.o
  CC [M]  drivers/net/wireless/rtl8852bs/phl/phl_cmd_ser.o
  CC [M]  drivers/net/wireless/rtl8852bs/phl/phl_cmd_general.o
  CC [M]  drivers/net/wireless/rtl8812au/hal/phydm/rtl8812a/halhwimg8812a_bb.o
  CC [M]  drivers/net/wireless/rtl8812au/hal/phydm/rtl8812a/halhwimg8812a_rf.o
  CC [M]  drivers/net/wireless/rtl8811cu/hal/phydm/halrf/halrf.o
  CC [M]  drivers/net/wireless/rtl8852bs/phl/phl_cmd_scan.o
  CC [M]  drivers/net/wireless/rtl8852bs/phl/phl_cmd_btc.o
  CC [M]  drivers/net/wireless/rtl8811cu/hal/phydm/halrf/halrf_debug.o
  CC [M]  drivers/net/wireless/rtl8811cu/hal/phydm/halrf/halphyrf_ce.o
  CC [M]  drivers/net/wireless/rtl8852bs/phl/phl_watchdog.o
  CC [M]  drivers/net/wireless/rtl8811cu/hal/phydm/halrf/halrf_powertracking_ce.o
  CC [M]  drivers/net/wireless/rtl8852bs/phl/hci/phl_trx_sdio.o
  CC [M]  drivers/net/wireless/rtl8811cu/hal/phydm/halrf/halrf_powertracking.o
  CC [M]  drivers/net/wireless/rtl8812au/hal/phydm/halrf/rtl8812a/halrf_8812a_ce.o
  CC [M]  drivers/net/wireless/rtl8812au/hal/phydm/rtl8812a/phydm_regconfig8812a.o
  CC [M]  drivers/net/wireless/rtl8852bs/phl/test/trx_test.o
  CC [M]  drivers/net/wireless/rtl8811cu/hal/phydm/halrf/halrf_kfree.o
  CC [M]  drivers/net/wireless/rtl8852bs/phl/test/test_module.o
  CC [M]  drivers/net/wireless/rtl8852bs/phl/test/cmd_disp_test.o
  CC [M]  drivers/net/wireless/rtl8811cu/hal/phydm/halrf/halrf_psd.o
  CC [M]  drivers/net/wireless/rtl8852bs/phl/test/mp/phl_test_mp.o
  CC [M]  drivers/net/wireless/rtl8811cu/hal/phydm/rtl8821c/halhwimg8821c_bb.o
  CC [M]  drivers/net/wireless/rtl8852bs/phl/test/mp/phl_test_mp_config.o
  LD [M]  drivers/net/wireless/rtl88x2bu/88x2bu.o
  CC [M]  drivers/net/wireless/rtl8811cu/hal/phydm/rtl8821c/halhwimg8821c_mac.o
  CC [M]  drivers/net/wireless/rtl8852bs/phl/test/mp/phl_test_mp_tx.o
  CC [M]  drivers/net/wireless/rtl8811cu/hal/phydm/rtl8821c/phydm_hal_api8821c.o
  CC [M]  drivers/net/wireless/rtl8811cu/hal/phydm/rtl8821c/phydm_regconfig8821c.o
  CC [M]  drivers/net/wireless/rtl8811cu/hal/phydm/rtl8821c/phydm_rtl8821c.o
  CC [M]  drivers/net/wireless/rtl8811cu/hal/phydm/halrf/rtl8821c/halhwimg8821c_rf.o
  CC [M]  drivers/net/wireless/rtl8812au/hal/phydm/rtl8812a/phydm_rtl8812a.o
  CC [M]  drivers/net/wireless/rtl8811cu/hal/phydm/halrf/rtl8821c/halrf_8821c.o
/home/wanpublic/ubuntu-rockchip/build/linux-rockchip/drivers/net/wireless/rtl8811cu/hal/phydm/halrf/rtl8821c/halrf_8821c.c:17:29: warning: "ODM_WIN" is not defined, evaluates to 0 [-Wundef]
   17 | #if (DM_ODM_SUPPORT_TYPE == ODM_WIN)
      |                             ^~~~~~~
  CC [M]  drivers/net/wireless/rtl8812au/hal/phydm/txbf/haltxbfjaguar.o
  CC [M]  drivers/net/wireless/rtl8812au/hal/phydm/rtl8821a/halhwimg8821a_mac.o
  CC [M]  drivers/net/wireless/rtl8852bs/phl/test/mp/phl_test_mp_rx.o
  CC [M]  drivers/net/wireless/rtl8812au/hal/phydm/rtl8821a/halhwimg8821a_bb.o
  CC [M]  drivers/net/wireless/rtl8812au/hal/phydm/rtl8821a/halhwimg8821a_rf.o
  CC [M]  drivers/net/wireless/rtl8852bs/phl/test/mp/phl_test_mp_reg.o
  CC [M]  drivers/net/wireless/rtl8812au/hal/phydm/halrf/rtl8821a/halrf_8821a_ce.o
  CC [M]  drivers/net/wireless/rtl8812au/hal/phydm/rtl8821a/phydm_regconfig8821a.o
  CC [M]  drivers/net/wireless/rtl8811cu/hal/phydm/halrf/rtl8821c/halrf_iqk_8821c.o
/home/wanpublic/ubuntu-rockchip/build/linux-rockchip/drivers/net/wireless/rtl8811cu/hal/phydm/halrf/rtl8821c/halrf_iqk_8821c.c:17:29: warning: "ODM_WIN" is not defined, evaluates to 0 [-Wundef]
   17 | #if (DM_ODM_SUPPORT_TYPE == ODM_WIN)
      |                             ^~~~~~~
  CC [M]  drivers/net/wireless/rtl8852bs/phl/test/mp/phl_test_mp_efuse.o
  CC [M]  drivers/net/wireless/rtl8811cu/hal/btc/halbtc8821cwifionly.o
  CC [M]  drivers/net/wireless/rtl8812au/hal/phydm/rtl8821a/phydm_rtl8821a.o
  CC [M]  drivers/net/wireless/rtl8812au/hal/phydm/halrf/rtl8821a/halrf_iqk_8821a_ce.o
  CC [M]  drivers/net/wireless/rtl8811cu/hal/btc/halbtc8821c1ant.o
  CC [M]  drivers/net/wireless/rtl8812au/hal/phydm/rtl8814a/halhwimg8814a_bb.o
  CC [M]  drivers/net/wireless/rtl8852bs/phl/test/mp/phl_test_mp_txpwr.o
  CC [M]  drivers/net/wireless/rtl8852bs/phl/test/mp/phl_test_mp_cal.o
  CC [M]  drivers/net/wireless/rtl8812au/hal/phydm/rtl8814a/halhwimg8814a_mac.o
  CC [M]  drivers/net/wireless/rtl8811cu/hal/btc/halbtc8821c2ant.o
  CC [M]  drivers/net/wireless/rtl8812au/hal/phydm/rtl8814a/halhwimg8814a_rf.o
  CC [M]  drivers/net/wireless/rtl8852bs/phl/test/mp/phl_test_mp_watchdog.o
  CC [M]  drivers/net/wireless/rtl8852bs/phl/test/verify/phl_test_verify.o
  CC [M]  drivers/net/wireless/rtl8811cu/platform/platform_ops.o
  CC [M]  drivers/net/wireless/rtl8812au/hal/phydm/halrf/rtl8814a/halrf_iqk_8814a.o
  CC [M]  drivers/net/wireless/rtl8852bs/phl/test/verify/dbcc/phl_test_dbcc.o
  CC [M]  drivers/net/wireless/rtl8812au/hal/phydm/rtl8814a/phydm_regconfig8814a.o
  CC [M]  drivers/net/wireless/rtl8852bs/phl/test/fpga/phl_test_fpga.o
  CC [M]  drivers/net/wireless/rtl8812au/hal/phydm/halrf/rtl8814a/halrf_8814a_ce.o
  CC [M]  drivers/net/wireless/rtl8812au/hal/phydm/rtl8814a/phydm_rtl8814a.o
  CC [M]  drivers/net/wireless/rtl8812au/hal/phydm/txbf/haltxbf8814a.o
  CC [M]  drivers/net/wireless/rtl8852bs/phl/test/fpga/phl_test_fpga_config.o
  CC [M]  drivers/net/wireless/rtl8852bs/phl/hal_g6/hal_api_mac.o
  CC [M]  drivers/net/wireless/rtl8852bs/phl/hal_g6/hal_api_bb.o
  CC [M]  drivers/net/wireless/rtl8852bs/phl/hal_g6/hal_api_rf.o
  CC [M]  drivers/net/wireless/rtl8812au/platform/platform_ops.o
  CC [M]  drivers/net/wireless/rtl8852bs/phl/hal_g6/hal_api_btc.o
  CC [M]  drivers/net/wireless/rtl8852bs/phl/hal_g6/hal_api_efuse.o
  CC [M]  drivers/net/wireless/rtl8812au/core/rtw_mp.o
  CC [M]  drivers/net/wireless/rtl8852bs/phl/hal_g6/hal_com_i.o
  CC [M]  drivers/net/wireless/rtl8852bs/phl/hal_g6/hal_init.o
  CC [M]  drivers/net/wireless/rtl8852bs/phl/hal_g6/hal_io.o
  CC [M]  drivers/net/wireless/rtl8852bs/phl/hal_g6/hal_rx.o
  CC [M]  drivers/net/wireless/rtl8852bs/phl/hal_g6/hal_tx.o
  CC [M]  drivers/net/wireless/rtl8852bs/phl/hal_g6/hal_sta.o
  CC [M]  drivers/net/wireless/rtl8852bs/phl/hal_g6/hal_cam.o
  CC [M]  drivers/net/wireless/rtl8852bs/phl/hal_g6/hal_csi_buffer.o
  CC [M]  drivers/net/wireless/rtl8852bs/phl/hal_g6/hal_beamform.o
  CC [M]  drivers/net/wireless/rtl8852bs/phl/hal_g6/hal_sound.o
  CC [M]  drivers/net/wireless/rtl8852bs/phl/hal_g6/hal_chan.o
  CC [M]  drivers/net/wireless/rtl8852bs/phl/hal_g6/hal_str_proc.o
  CC [M]  drivers/net/wireless/rtl8852bs/phl/hal_g6/hal_fw.o
  CC [M]  drivers/net/wireless/rtl8852bs/phl/hal_g6/hal_cap.o
  CC [M]  drivers/net/wireless/rtl8852bs/phl/hal_g6/hal_ser.o
  CC [M]  drivers/net/wireless/rtl8852bs/phl/hal_g6/hal_ps.o
  CC [M]  drivers/net/wireless/rtl8852bs/phl/hal_g6/hal_c2h.o
  LD [M]  drivers/net/wireless/rtl8811cu/8821cu.o
  CC [M]  drivers/net/wireless/rtl8852bs/phl/hal_g6/hal_dbcc.o
  CC [M]  drivers/net/wireless/rtl8852bs/phl/hal_g6/hal_chan_info.o
  CC [M]  drivers/net/wireless/rtl8852bs/phl/hal_g6/hal_wow.o
  CC [M]  drivers/net/wireless/rtl8852bs/phl/hal_g6/hal_ld_file.o
  CC [M]  drivers/net/wireless/rtl8852bs/phl/hal_g6/hal_regulation.o
  LD [M]  drivers/net/wireless/rtl8812au/88XXau.o
  CC [M]  drivers/net/wireless/rtl8852bs/phl/hal_g6/hal_led.o
  CC [M]  drivers/net/wireless/rtl8852bs/phl/hal_g6/hal_trx_mit.o
  CC [M]  drivers/net/wireless/rtl8852bs/phl/hal_g6/hal_acs.o
  CC [M]  drivers/net/wireless/rtl8852bs/phl/hal_g6/hal_mcc.o
  CC [M]  drivers/net/wireless/rtl8852bs/phl/hal_g6/hal_api.o
  CC [M]  drivers/net/wireless/rtl8852bs/phl/hal_g6/hal_twt.o
  CC [M]  drivers/net/wireless/rtl8852bs/phl/hal_g6/hal_notify.o
  CC [M]  drivers/net/wireless/rtl8852bs/phl/hal_g6/hal_p2pps.o
  CC [M]  drivers/net/wireless/rtl8852bs/phl/hal_g6/hal_thermal.o
  CC [M]  drivers/net/wireless/rtl8852bs/phl/hal_g6/hal_txpwr.o
  CC [M]  drivers/net/wireless/rtl8852bs/phl/hal_g6/hal_ext_tx_pwr_lmt.o
  CC [M]  drivers/net/wireless/rtl8852bs/phl/hal_g6/hal_dfs.o
  CC [M]  drivers/net/wireless/rtl8852bs/phl/hal_g6/hal_scanofld.o
  CC [M]  drivers/net/wireless/rtl8852bs/phl/hal_g6/hal_sdio.o
  CC [M]  drivers/net/wireless/rtl8852bs/phl/hal_g6/test/hal_test_module.o
  CC [M]  drivers/net/wireless/rtl8852bs/phl/hal_g6/test/mp/hal_test_mp.o
  CC [M]  drivers/net/wireless/rtl8852bs/phl/hal_g6/test/mp/hal_test_mp_cal.o
  CC [M]  drivers/net/wireless/rtl8852bs/phl/hal_g6/test/mp/hal_test_mp_config.o
  CC [M]  drivers/net/wireless/rtl8852bs/phl/hal_g6/test/mp/hal_test_mp_efuse.o
  CC [M]  drivers/net/wireless/rtl8852bs/phl/hal_g6/test/mp/hal_test_mp_reg.o
  CC [M]  drivers/net/wireless/rtl8852bs/phl/hal_g6/test/mp/hal_test_mp_rx.o
  CC [M]  drivers/net/wireless/rtl8852bs/phl/hal_g6/test/mp/hal_test_mp_tx.o
  CC [M]  drivers/net/wireless/rtl8852bs/phl/hal_g6/test/mp/hal_test_mp_txpwr.o
  CC [M]  drivers/net/wireless/rtl8852bs/phl/hal_g6/test/fpga/hal_test_fpga.o
  CC [M]  drivers/net/wireless/rtl8852bs/phl/hal_g6/efuse/hal_efuse.o
  CC [M]  drivers/net/wireless/rtl8852bs/phl/hal_g6/mac/mac_ax.o
  CC [M]  drivers/net/wireless/rtl8852bs/phl/hal_g6/mac/mac_ax/addr_cam.o
  CC [M]  drivers/net/wireless/rtl8852bs/phl/hal_g6/mac/mac_ax/beacon.o
  CC [M]  drivers/net/wireless/rtl8852bs/phl/hal_g6/mac/mac_ax/cmac_tx.o
  CC [M]  drivers/net/wireless/rtl8852bs/phl/hal_g6/mac/mac_ax/coex.o
  CC [M]  drivers/net/wireless/rtl8852bs/phl/hal_g6/mac/mac_ax/cpuio.o
  CC [M]  drivers/net/wireless/rtl8852bs/phl/hal_g6/mac/mac_ax/dbcc.o
  CC [M]  drivers/net/wireless/rtl8852bs/phl/hal_g6/mac/mac_ax/dbgpkg.o
  CC [M]  drivers/net/wireless/rtl8852bs/phl/hal_g6/mac/mac_ax/dbgport_hw.o
  CC [M]  drivers/net/wireless/rtl8852bs/phl/hal_g6/mac/mac_ax/dbg_cmd.o
  CC [M]  drivers/net/wireless/rtl8852bs/phl/hal_g6/mac/mac_ax/dle.o
  CC [M]  drivers/net/wireless/rtl8852bs/phl/hal_g6/mac/mac_ax/efuse.o
  CC [M]  drivers/net/wireless/rtl8852bs/phl/hal_g6/mac/mac_ax/fwcmd.o
  CC [M]  drivers/net/wireless/rtl8852bs/phl/hal_g6/mac/mac_ax/fwdl.o
  CC [M]  drivers/net/wireless/rtl8852bs/phl/hal_g6/mac/mac_ax/fwofld.o
  CC [M]  drivers/net/wireless/rtl8852bs/phl/hal_g6/mac/mac_ax/gpio.o
  CC [M]  drivers/net/wireless/rtl8852bs/phl/hal_g6/mac/mac_ax/hci_fc.o
  CC [M]  drivers/net/wireless/rtl8852bs/phl/hal_g6/mac/mac_ax/hdr_conv.o
  CC [M]  drivers/net/wireless/rtl8852bs/phl/hal_g6/mac/mac_ax/hw_seq.o
  CC [M]  drivers/net/wireless/rtl8852bs/phl/hal_g6/mac/mac_ax/h2c_agg.o
  CC [M]  drivers/net/wireless/rtl8852bs/phl/hal_g6/mac/mac_ax/hw.o
  CC [M]  drivers/net/wireless/rtl8852bs/phl/hal_g6/mac/mac_ax/hwamsdu.o
  CC [M]  drivers/net/wireless/rtl8852bs/phl/hal_g6/mac/mac_ax/init.o
  CC [M]  drivers/net/wireless/rtl8852bs/phl/hal_g6/mac/mac_ax/la_mode.o
  CC [M]  drivers/net/wireless/rtl8852bs/phl/hal_g6/mac/mac_ax/mcc.o
  CC [M]  drivers/net/wireless/rtl8852bs/phl/hal_g6/mac/mac_ax/mport.o
  CC [M]  drivers/net/wireless/rtl8852bs/phl/hal_g6/mac/mac_ax/phy_rpt.o
  CC [M]  drivers/net/wireless/rtl8852bs/phl/hal_g6/mac/mac_ax/power_saving.o
  CC [M]  drivers/net/wireless/rtl8852bs/phl/hal_g6/mac/mac_ax/pwr.o
  CC [M]  drivers/net/wireless/rtl8852bs/phl/hal_g6/mac/mac_ax/p2p.o
  CC [M]  drivers/net/wireless/rtl8852bs/phl/hal_g6/mac/mac_ax/role.o
  CC [M]  drivers/net/wireless/rtl8852bs/phl/hal_g6/mac/mac_ax/rx_filter.o
  CC [M]  drivers/net/wireless/rtl8852bs/phl/hal_g6/mac/mac_ax/rx_forwarding.o
  CC [M]  drivers/net/wireless/rtl8852bs/phl/hal_g6/mac/mac_ax/ser.o
  CC [M]  drivers/net/wireless/rtl8852bs/phl/hal_g6/mac/mac_ax/security_cam.o
  CC [M]  drivers/net/wireless/rtl8852bs/phl/hal_g6/mac/mac_ax/sounding.o
  CC [M]  drivers/net/wireless/rtl8852bs/phl/hal_g6/mac/mac_ax/status.o
  CC [M]  drivers/net/wireless/rtl8852bs/phl/hal_g6/mac/mac_ax/sta_sch.o
  CC [M]  drivers/net/wireless/rtl8852bs/phl/hal_g6/mac/mac_ax/tblupd.o
  CC [M]  drivers/net/wireless/rtl8852bs/phl/hal_g6/mac/mac_ax/tcpip_checksum_offload.o
  CC [M]  drivers/net/wireless/rtl8852bs/phl/hal_g6/mac/mac_ax/trx_desc.o
  CC [M]  drivers/net/wireless/rtl8852bs/phl/hal_g6/mac/mac_ax/trxcfg.o
  CC [M]  drivers/net/wireless/rtl8852bs/phl/hal_g6/mac/mac_ax/twt.o
  CC [M]  drivers/net/wireless/rtl8852bs/phl/hal_g6/mac/mac_ax/wowlan.o
  CC [M]  drivers/net/wireless/rtl8852bs/phl/hal_g6/mac/mac_ax/flash.o
  CC [M]  drivers/net/wireless/rtl8852bs/phl/hal_g6/mac/mac_ax/spatial_reuse.o
  CC [M]  drivers/net/wireless/rtl8852bs/phl/hal_g6/mac/mac_ax/pwr_seq_func.o
  CC [M]  drivers/net/wireless/rtl8852bs/phl/hal_g6/mac/mac_ax/phy_misc.o
  CC [M]  drivers/net/wireless/rtl8852bs/phl/hal_g6/mac/mac_ax/mac_priv.o
  CC [M]  drivers/net/wireless/rtl8852bs/phl/hal_g6/mac/mac_ax/secure_boot.o
  CC [M]  drivers/net/wireless/rtl8852bs/phl/hal_g6/mac/mac_ax/eco_patch_check.o
  CC [M]  drivers/net/wireless/rtl8852bs/phl/hal_g6/mac/mac_ax/common.o
  CC [M]  drivers/net/wireless/rtl8852bs/phl/hal_g6/mac/mac_ax/nan.o
  CC [M]  drivers/net/wireless/rtl8852bs/phl/hal_g6/mac/mac_ax/otpkeysinfo.o
  CC [M]  drivers/net/wireless/rtl8852bs/phl/hal_g6/mac/mac_ax/_sdio.o
  CC [M]  drivers/net/wireless/rtl8852bs/phl/hal_g6/mac/mac_ax/mac_8852b/cmac_tx_8852b.o
  CC [M]  drivers/net/wireless/rtl8852bs/phl/hal_g6/mac/mac_ax/mac_8852b/fwcmd_8852b.o
  CC [M]  drivers/net/wireless/rtl8852bs/phl/hal_g6/mac/mac_ax/mac_8852b/gpio_8852b.o
  CC [M]  drivers/net/wireless/rtl8852bs/phl/hal_g6/mac/mac_ax/mac_8852b/init_8852b.o
  CC [M]  drivers/net/wireless/rtl8852bs/phl/hal_g6/mac/mac_ax/mac_8852b/mac_priv_8852b.o
  CC [M]  drivers/net/wireless/rtl8852bs/phl/hal_g6/mac/mac_ax/mac_8852b/pwr_seq_8852b.o
  CC [M]  drivers/net/wireless/rtl8852bs/phl/hal_g6/mac/mac_ax/mac_8852b/pwr_seq_func_8852b.o
  CC [M]  drivers/net/wireless/rtl8852bs/phl/hal_g6/mac/mac_ax/mac_8852b/trx_desc_8852b.o
  CC [M]  drivers/net/wireless/rtl8852bs/phl/hal_g6/mac/mac_ax/mac_8852b/tblupd_8852b.o
  CC [M]  drivers/net/wireless/rtl8852bs/phl/hal_g6/mac/mac_ax/mac_8852b/rrsr_8852b.o
  CC [M]  drivers/net/wireless/rtl8852bs/phl/hal_g6/mac/mac_ax/mac_8852b/coex_8852b.o
  CC [M]  drivers/net/wireless/rtl8852bs/phl/hal_g6/mac/mac_ax/mac_8852b/phy_rpt_8852b.o
  CC [M]  drivers/net/wireless/rtl8852bs/phl/hal_g6/mac/mac_ax/mac_8852b/dbgpkg_8852b.o
  CC [M]  drivers/net/wireless/rtl8852bs/phl/hal_g6/mac/mac_ax/mac_8852b/efuse_8852b.o
  CC [M]  drivers/net/wireless/rtl8852bs/phl/hal_g6/mac/mac_ax/mac_8852b/hwamsdu_8852b.o
  CC [M]  drivers/net/wireless/rtl8852bs/phl/hal_g6/mac/mac_ax/mac_8852b/hdr_conv_rx_8852b.o
  CC [M]  drivers/net/wireless/rtl8852bs/phl/hal_g6/mac/mac_ax/mac_8852b/hci_fc_8852b.o
  CC [M]  drivers/net/wireless/rtl8852bs/phl/hal_g6/mac/mac_ax/mac_8852b/dle_8852b.o
  CC [M]  drivers/net/wireless/rtl8852bs/phl/hal_g6/mac/mac_ax/mac_8852b/_sdio_8852b.o
  CC [M]  drivers/net/wireless/rtl8852bs/phl/hal_g6/mac/fw_ax/rtl8852b/hal8852b_fw.o
  CC [M]  drivers/net/wireless/rtl8852bs/phl/hal_g6/mac/fw_ax/rtl8852b/hal8852b_fw_log.o
  CC [M]  drivers/net/wireless/rtl8852bs/phl/hal_g6/btc/hal_btc.o
  CC [M]  drivers/net/wireless/rtl8852bs/phl/hal_g6/btc/halbtc_def.o
  CC [M]  drivers/net/wireless/rtl8852bs/phl/hal_g6/btc/halbtc_action.o
  CC [M]  drivers/net/wireless/rtl8852bs/phl/hal_g6/btc/halbtc_fw.o
  CC [M]  drivers/net/wireless/rtl8852bs/phl/hal_g6/btc/halbtc_dbg_cmd.o
  CC [M]  drivers/net/wireless/rtl8852bs/phl/hal_g6/btc/btc_8852b/btc_8852b.o
  CC [M]  drivers/net/wireless/rtl8852bs/phl/hal_g6/rtl8852b/rtl8852b_halinit.o
  CC [M]  drivers/net/wireless/rtl8852bs/phl/hal_g6/rtl8852b/rtl8852b_mac.o
  CC [M]  drivers/net/wireless/rtl8852bs/phl/hal_g6/rtl8852b/rtl8852b_cmd.o
  CC [M]  drivers/net/wireless/rtl8852bs/phl/hal_g6/rtl8852b/rtl8852b_phy.o
  CC [M]  drivers/net/wireless/rtl8852bs/phl/hal_g6/rtl8852b/rtl8852b_ops.o
  CC [M]  drivers/net/wireless/rtl8852bs/phl/hal_g6/rtl8852b/hal_trx_8852b.o
  CC [M]  drivers/net/wireless/rtl8852bs/phl/hal_g6/rtl8852b/sdio/rtl8852bs_halinit.o
  CC [M]  drivers/net/wireless/rtl8852bs/phl/hal_g6/rtl8852b/sdio/rtl8852bs_halmac.o
  CC [M]  drivers/net/wireless/rtl8852bs/phl/hal_g6/rtl8852b/sdio/rtl8852bs_io.o
  CC [M]  drivers/net/wireless/rtl8852bs/phl/hal_g6/rtl8852b/sdio/rtl8852bs_led.o
  CC [M]  drivers/net/wireless/rtl8852bs/phl/hal_g6/rtl8852b/sdio/rtl8852bs_ops.o
  CC [M]  drivers/net/wireless/rtl8852bs/phl/hal_g6/phy/bb/halbb.o
  CC [M]  drivers/net/wireless/rtl8852bs/phl/hal_g6/phy/bb/halbb_api.o
  CC [M]  drivers/net/wireless/rtl8852bs/phl/hal_g6/phy/bb/halbb_rua_tbl.o
  CC [M]  drivers/net/wireless/rtl8852bs/phl/hal_g6/phy/bb/halbb_auto_dbg.o
  CC [M]  drivers/net/wireless/rtl8852bs/phl/hal_g6/phy/bb/halbb_cfo_trk.o
  CC [M]  drivers/net/wireless/rtl8852bs/phl/hal_g6/phy/bb/halbb_ch_info.o
  CC [M]  drivers/net/wireless/rtl8852bs/phl/hal_g6/phy/bb/halbb_cmn_rpt.o
  CC [M]  drivers/net/wireless/rtl8852bs/phl/hal_g6/phy/bb/halbb_dbcc.o
  CC [M]  drivers/net/wireless/rtl8852bs/phl/hal_g6/phy/bb/halbb_dbg.o
  CC [M]  drivers/net/wireless/rtl8852bs/phl/hal_g6/phy/bb/halbb_dbg_cmd.o
  CC [M]  drivers/net/wireless/rtl8852bs/phl/hal_g6/phy/bb/halbb_dfs.o
  CC [M]  drivers/net/wireless/rtl8852bs/phl/hal_g6/phy/bb/halbb_edcca.o
  CC [M]  drivers/net/wireless/rtl8852bs/phl/hal_g6/phy/bb/halbb_env_mntr.o
  CC [M]  drivers/net/wireless/rtl8852bs/phl/hal_g6/phy/bb/halbb_hw_cfg.o
  CC [M]  drivers/net/wireless/rtl8852bs/phl/hal_g6/phy/bb/halbb_init.o
  CC [M]  drivers/net/wireless/rtl8852bs/phl/hal_g6/phy/bb/halbb_interface.o
  CC [M]  drivers/net/wireless/rtl8852bs/phl/hal_g6/phy/bb/halbb_la_mode.o
  CC [M]  drivers/net/wireless/rtl8852bs/phl/hal_g6/phy/bb/halbb_math_lib.o
  CC [M]  drivers/net/wireless/rtl8852bs/phl/hal_g6/phy/bb/halbb_mp.o
  CC [M]  drivers/net/wireless/rtl8852bs/phl/hal_g6/phy/bb/halbb_spur_suppress.o
  CC [M]  drivers/net/wireless/rtl8852bs/phl/hal_g6/phy/bb/halbb_plcp_gen.o
  CC [M]  drivers/net/wireless/rtl8852bs/phl/hal_g6/phy/bb/halbb_plcp_tx.o
  CC [M]  drivers/net/wireless/rtl8852bs/phl/hal_g6/phy/bb/halbb_plcp_tx_7.o
  CC [M]  drivers/net/wireless/rtl8852bs/phl/hal_g6/phy/bb/halbb_pmac_setting.o
  CC [M]  drivers/net/wireless/rtl8852bs/phl/hal_g6/phy/bb/halbb_psd.o
  CC [M]  drivers/net/wireless/rtl8852bs/phl/hal_g6/phy/bb/halbb_ul_tb_ctrl.o
  CC [M]  drivers/net/wireless/rtl8852bs/phl/hal_g6/phy/bb/halbb_physts.o
  CC [M]  drivers/net/wireless/rtl8852bs/phl/hal_g6/phy/bb/halbb_physts_7.o
  CC [M]  drivers/net/wireless/rtl8852bs/phl/hal_g6/phy/bb/halbb_pwr_ctrl.o
  CC [M]  drivers/net/wireless/rtl8852bs/phl/hal_g6/phy/bb/halbb_ra.o
  CC [M]  drivers/net/wireless/rtl8852bs/phl/hal_g6/phy/bb/halbb_statistics.o
  CC [M]  drivers/net/wireless/rtl8852bs/phl/hal_g6/phy/bb/halbb_ant_div.o
  CC [M]  drivers/net/wireless/rtl8852bs/phl/hal_g6/phy/bb/halbb_dig.o
  CC [M]  drivers/net/wireless/rtl8852bs/phl/hal_g6/phy/bb/halbb_fwofld.o
  CC [M]  drivers/net/wireless/rtl8852bs/phl/hal_g6/phy/bb/halbb_dyn_csi_rsp.o
  CC [M]  drivers/net/wireless/rtl8852bs/phl/hal_g6/phy/bb/halbb_path_div.o
  CC [M]  drivers/net/wireless/rtl8852bs/phl/hal_g6/phy/bb/halbb_dyn_1r_cca.o
  CC [M]  drivers/net/wireless/rtl8852bs/phl/hal_g6/phy/bb/halbb_snif.o
  CC [M]  drivers/net/wireless/rtl8852bs/phl/hal_g6/phy/bb/halbb_dyn_dtr.o
  CC [M]  drivers/net/wireless/rtl8852bs/phl/hal_g6/phy/bb/halbb_dbg_cnsl_out.o
  CC [M]  drivers/net/wireless/rtl8852bs/phl/hal_g6/phy/bb/halbb_bb_wrapper.o
  CC [M]  drivers/net/wireless/rtl8852bs/phl/hal_g6/phy/bb/halbb_8852b/halbb_8852b.o
  CC [M]  drivers/net/wireless/rtl8852bs/phl/hal_g6/phy/bb/halbb_8852b/halbb_8852b_api.o
  CC [M]  drivers/net/wireless/rtl8852bs/phl/hal_g6/phy/bb/halbb_8852b/halbb_8852b_fwofld_api.o
  CC [M]  drivers/net/wireless/rtl8852bs/phl/hal_g6/phy/bb/halbb_8852b/halbb_hwimg_8852b.o
  CC [M]  drivers/net/wireless/rtl8852bs/phl/hal_g6/phy/bb/halbb_8852b/halbb_reg_cfg_8852b.o
  CC [M]  drivers/net/wireless/rtl8852bs/phl/hal_g6/phy/rf/halrf.o
  CC [M]  drivers/net/wireless/rtl8852bs/phl/hal_g6/phy/rf/halrf_pmac.o
  CC [M]  drivers/net/wireless/rtl8852bs/phl/hal_g6/phy/rf/halrf_api.o
  CC [M]  drivers/net/wireless/rtl8852bs/phl/hal_g6/phy/rf/halrf_dbg.o
  CC [M]  drivers/net/wireless/rtl8852bs/phl/hal_g6/phy/rf/halrf_dbg_cmd.o
  CC [M]  drivers/net/wireless/rtl8852bs/phl/hal_g6/phy/rf/halrf_ex.o
  CC [M]  drivers/net/wireless/rtl8852bs/phl/hal_g6/phy/rf/halrf_hw_cfg.o
  CC [M]  drivers/net/wireless/rtl8852bs/phl/hal_g6/phy/rf/halrf_init.o
  CC [M]  drivers/net/wireless/rtl8852bs/phl/hal_g6/phy/rf/halrf_interface.o
  CC [M]  drivers/net/wireless/rtl8852bs/phl/hal_g6/phy/rf/halrf_pwr_table.o
  CC [M]  drivers/net/wireless/rtl8852bs/phl/hal_g6/phy/rf/halrf_iqk.o
  CC [M]  drivers/net/wireless/rtl8852bs/phl/hal_g6/phy/rf/halrf_8852b/halrf_8852b.o
  CC [M]  drivers/net/wireless/rtl8852bs/phl/hal_g6/phy/rf/halrf_8852b/halrf_8852b_api.o
  CC [M]  drivers/net/wireless/rtl8852bs/phl/hal_g6/phy/rf/halrf_8852b/halrf_hwimg_8852b.o
  CC [M]  drivers/net/wireless/rtl8852bs/phl/hal_g6/phy/rf/halrf_8852b/halrf_txgapk_8852b.o
  CC [M]  drivers/net/wireless/rtl8852bs/phl/hal_g6/phy/rf/halrf_8852b/halrf_iqk_8852b.o
  CC [M]  drivers/net/wireless/rtl8852bs/phl/hal_g6/phy/rf/halrf_8852b/halrf_reg_cfg_8852b.o
  CC [M]  drivers/net/wireless/rtl8852bs/phl/hal_g6/phy/rf/halrf_8852b/halrf_dack_8852b.o
  CC [M]  drivers/net/wireless/rtl8852bs/phl/hal_g6/phy/rf/halrf_8852b/halrf_dpk_8852b.o
  CC [M]  drivers/net/wireless/rtl8852bs/phl/hal_g6/phy/rf/halrf_8852b/halrf_set_pwr_table_8852b.o
  CC [M]  drivers/net/wireless/rtl8852bs/phl/hal_g6/phy/rf/halrf_8852b/halrf_efuse_8852b.o
  CC [M]  drivers/net/wireless/rtl8852bs/phl/hal_g6/phy/rf/halrf_8852b/halrf_tssi_8852b.o
  CC [M]  drivers/net/wireless/rtl8852bs/phl/hal_g6/phy/rf/halrf_8852b/halrf_kfree_8852b.o
  CC [M]  drivers/net/wireless/rtl8852bs/phl/hal_g6/phy/rf/halrf_8852b/halrf_psd_8852b.o
  CC [M]  drivers/net/wireless/rtl8852bs/phl/hal_g6/phy/rf/halrf_8852b/halrf_ops_rtl8852b.o
  LD [M]  drivers/net/wireless/rtl8852bs/8852bs.o
  AR      drivers/net/built-in.a
make[3]: *** [/home/wanpublic/ubuntu-rockchip/build/linux-rockchip/scripts/Makefile.build:500: drivers] Error 2
make[2]: *** [/home/wanpublic/ubuntu-rockchip/build/linux-rockchip/Makefile:2014: .] Error 2
make[2]: Leaving directory '/home/wanpublic/ubuntu-rockchip/build/linux-rockchip/debian/build/build-rockchip'
make[1]: *** [Makefile:238: __sub-make] Error 2
make[1]: Leaving directory '/home/wanpublic/ubuntu-rockchip/build/linux-rockchip'
make: *** [debian/rules.d/2-binary-arch.mk:54: /home/wanpublic/ubuntu-rockchip/build/linux-rockchip/debian/stamps/stamp-build-rockchip] Error 2
Error: in ./scripts/build-kernel.sh on line 39
Error: in ./build.sh on line 174
